"";"Campaign";"site";"Region";"depth";"family";"mean_cover";"sd_cover";"count";"Site";"fDepth"
"1";"Arctic Amazing Race";"Duck Island";"Davis Strait";5;"Agarum";0;0;8;"Davis Strait 8";"5 m depth"
"2";"Arctic Amazing Race";"Duck Island";"Davis Strait";5;"Alaria";54,875;36,514;8;"Davis Strait 8";"5 m depth"
"3";"Arctic Amazing Race";"Duck Island";"Davis Strait";5;"S.latissima";0;0;8;"Davis Strait 8";"5 m depth"
"4";"Arctic Amazing Race";"Duck Island";"Davis Strait";5;"Saccorhiza";0;0;8;"Davis Strait 8";"5 m depth"
"5";"Arctic Amazing Race";"Duck Island";"Davis Strait";5;"L.solidung";0;0;8;"Davis Strait 8";"5 m depth"
"6";"Arctic Amazing Race";"Duck Island";"Davis Strait";5;"L.digitata";34,875;39,058;8;"Davis Strait 8";"5 m depth"
"7";"Arctic Amazing Race";"Duck Island";"Davis Strait";5;"kelp.cover";89,75;12,815;8;"Davis Strait 8";"5 m depth"
"8";"Arctic Amazing Race";"Duck Island";"Davis Strait";10;"Agarum";39,5;34,038;8;"Davis Strait 8";"10 m depth"
"9";"Arctic Amazing Race";"Duck Island";"Davis Strait";10;"Alaria";21,5;23,416;8;"Davis Strait 8";"10 m depth"
"10";"Arctic Amazing Race";"Duck Island";"Davis Strait";10;"S.latissima";9;16,801;8;"Davis Strait 8";"10 m depth"
"11";"Arctic Amazing Race";"Duck Island";"Davis Strait";10;"Saccorhiza";0;0;8;"Davis Strait 8";"10 m depth"
"12";"Arctic Amazing Race";"Duck Island";"Davis Strait";10;"L.solidung";0;0;8;"Davis Strait 8";"10 m depth"
"13";"Arctic Amazing Race";"Duck Island";"Davis Strait";10;"L.digitata";0;0;8;"Davis Strait 8";"10 m depth"
"14";"Arctic Amazing Race";"Duck Island";"Davis Strait";10;"kelp.cover";70;32,284;8;"Davis Strait 8";"10 m depth"
"15";"Arctic Amazing Race";"Duck Island";"Davis Strait";15;"Agarum";55,25;22,115;8;"Davis Strait 8";"15 m depth"
"16";"Arctic Amazing Race";"Duck Island";"Davis Strait";15;"Alaria";1,5;4,243;8;"Davis Strait 8";"15 m depth"
"17";"Arctic Amazing Race";"Duck Island";"Davis Strait";15;"S.latissima";26,25;12,803;8;"Davis Strait 8";"15 m depth"
"18";"Arctic Amazing Race";"Duck Island";"Davis Strait";15;"Saccorhiza";0;0;8;"Davis Strait 8";"15 m depth"
"19";"Arctic Amazing Race";"Duck Island";"Davis Strait";15;"L.solidung";9;12,961;8;"Davis Strait 8";"15 m depth"
"20";"Arctic Amazing Race";"Duck Island";"Davis Strait";15;"L.digitata";0;0;8;"Davis Strait 8";"15 m depth"
"21";"Arctic Amazing Race";"Duck Island";"Davis Strait";15;"kelp.cover";92;6,761;8;"Davis Strait 8";"15 m depth"
"22";"Arctic Amazing Race";"Durban Harbour";"Baffin Bay";5;"Agarum";13,8;24,326;10;"Baffin Bay 4";"5 m depth"
"23";"Arctic Amazing Race";"Durban Harbour";"Baffin Bay";5;"Alaria";0;0;10;"Baffin Bay 4";"5 m depth"
"24";"Arctic Amazing Race";"Durban Harbour";"Baffin Bay";5;"S.latissima";0;0;10;"Baffin Bay 4";"5 m depth"
"25";"Arctic Amazing Race";"Durban Harbour";"Baffin Bay";5;"Saccorhiza";0;0;10;"Baffin Bay 4";"5 m depth"
"26";"Arctic Amazing Race";"Durban Harbour";"Baffin Bay";5;"L.solidung";0;0;10;"Baffin Bay 4";"5 m depth"
"27";"Arctic Amazing Race";"Durban Harbour";"Baffin Bay";5;"L.digitata";0;0;10;"Baffin Bay 4";"5 m depth"
"28";"Arctic Amazing Race";"Durban Harbour";"Baffin Bay";5;"kelp.cover";13,8;24,326;10;"Baffin Bay 4";"5 m depth"
"29";"Arctic Amazing Race";"Durban Harbour";"Baffin Bay";10;"Agarum";48,3;30,376;10;"Baffin Bay 4";"10 m depth"
"30";"Arctic Amazing Race";"Durban Harbour";"Baffin Bay";10;"Alaria";0;0;10;"Baffin Bay 4";"10 m depth"
"31";"Arctic Amazing Race";"Durban Harbour";"Baffin Bay";10;"S.latissima";0;0;10;"Baffin Bay 4";"10 m depth"
"32";"Arctic Amazing Race";"Durban Harbour";"Baffin Bay";10;"Saccorhiza";0;0;10;"Baffin Bay 4";"10 m depth"
"33";"Arctic Amazing Race";"Durban Harbour";"Baffin Bay";10;"L.solidung";0;0;10;"Baffin Bay 4";"10 m depth"
"34";"Arctic Amazing Race";"Durban Harbour";"Baffin Bay";10;"L.digitata";0;0;10;"Baffin Bay 4";"10 m depth"
"35";"Arctic Amazing Race";"Durban Harbour";"Baffin Bay";10;"kelp.cover";48,3;30,376;10;"Baffin Bay 4";"10 m depth"
"36";"Arctic Amazing Race";"Durban Harbour";"Baffin Bay";15;"Agarum";59,4;24,802;10;"Baffin Bay 4";"15 m depth"
"37";"Arctic Amazing Race";"Durban Harbour";"Baffin Bay";15;"Alaria";0;0;10;"Baffin Bay 4";"15 m depth"
"38";"Arctic Amazing Race";"Durban Harbour";"Baffin Bay";15;"S.latissima";0;0;10;"Baffin Bay 4";"15 m depth"
"39";"Arctic Amazing Race";"Durban Harbour";"Baffin Bay";15;"Saccorhiza";0;0;10;"Baffin Bay 4";"15 m depth"
"40";"Arctic Amazing Race";"Durban Harbour";"Baffin Bay";15;"L.solidung";0;0;10;"Baffin Bay 4";"15 m depth"
"41";"Arctic Amazing Race";"Durban Harbour";"Baffin Bay";15;"L.digitata";0;0;10;"Baffin Bay 4";"15 m depth"
"42";"Arctic Amazing Race";"Durban Harbour";"Baffin Bay";15;"kelp.cover";59,4;24,802;10;"Baffin Bay 4";"15 m depth"
"43";"Arctic Amazing Race";"Evan's Bight";NA;5;"Agarum";25,8;21,301;10;"Davis Strait 10";"5 m depth"
"44";"Arctic Amazing Race";"Evan's Bight";NA;5;"Alaria";10;13,507;10;"Davis Strait 10";"5 m depth"
"45";"Arctic Amazing Race";"Evan's Bight";NA;5;"S.latissima";42,5;26,475;10;"Davis Strait 10";"5 m depth"
"46";"Arctic Amazing Race";"Evan's Bight";NA;5;"Saccorhiza";0;0;10;"Davis Strait 10";"5 m depth"
"47";"Arctic Amazing Race";"Evan's Bight";NA;5;"L.solidung";2;6,325;10;"Davis Strait 10";"5 m depth"
"48";"Arctic Amazing Race";"Evan's Bight";NA;5;"L.digitata";13,2;15,44;10;"Davis Strait 10";"5 m depth"
"49";"Arctic Amazing Race";"Evan's Bight";NA;5;"kelp.cover";93,5;9,583;10;"Davis Strait 10";"5 m depth"
"50";"Arctic Amazing Race";"Evan's Bight";NA;10;"Agarum";69,6;27,597;10;"Davis Strait 10";"10 m depth"
"51";"Arctic Amazing Race";"Evan's Bight";NA;10;"Alaria";0;0;10;"Davis Strait 10";"10 m depth"
"52";"Arctic Amazing Race";"Evan's Bight";NA;10;"S.latissima";0,4;1,265;10;"Davis Strait 10";"10 m depth"
"53";"Arctic Amazing Race";"Evan's Bight";NA;10;"Saccorhiza";0;0;10;"Davis Strait 10";"10 m depth"
"54";"Arctic Amazing Race";"Evan's Bight";NA;10;"L.solidung";12;15,202;10;"Davis Strait 10";"10 m depth"
"55";"Arctic Amazing Race";"Evan's Bight";NA;10;"L.digitata";1,6;5,06;10;"Davis Strait 10";"10 m depth"
"56";"Arctic Amazing Race";"Evan's Bight";NA;10;"kelp.cover";83,6;13,914;10;"Davis Strait 10";"10 m depth"
"57";"Arctic Amazing Race";"Hogg Island";NA;5;"Agarum";13,778;21,644;9;"Davis Strait 9";"5 m depth"
"58";"Arctic Amazing Race";"Hogg Island";NA;5;"Alaria";2,667;8;9;"Davis Strait 9";"5 m depth"
"59";"Arctic Amazing Race";"Hogg Island";NA;5;"S.latissima";73,111;29,985;9;"Davis Strait 9";"5 m depth"
"60";"Arctic Amazing Race";"Hogg Island";NA;5;"Saccorhiza";0;0;9;"Davis Strait 9";"5 m depth"
"61";"Arctic Amazing Race";"Hogg Island";NA;5;"L.solidung";0;0;9;"Davis Strait 9";"5 m depth"
"62";"Arctic Amazing Race";"Hogg Island";NA;5;"L.digitata";0;0;9;"Davis Strait 9";"5 m depth"
"63";"Arctic Amazing Race";"Hogg Island";NA;5;"kelp.cover";89,556;14,553;9;"Davis Strait 9";"5 m depth"
"64";"Arctic Amazing Race";"Hogg Island";NA;10;"Agarum";0;0;9;"Davis Strait 9";"10 m depth"
"65";"Arctic Amazing Race";"Hogg Island";NA;10;"Alaria";0;0;9;"Davis Strait 9";"10 m depth"
"66";"Arctic Amazing Race";"Hogg Island";NA;10;"S.latissima";73,889;32,289;9;"Davis Strait 9";"10 m depth"
"67";"Arctic Amazing Race";"Hogg Island";NA;10;"Saccorhiza";0;0;9;"Davis Strait 9";"10 m depth"
"68";"Arctic Amazing Race";"Hogg Island";NA;10;"L.solidung";0;0;9;"Davis Strait 9";"10 m depth"
"69";"Arctic Amazing Race";"Hogg Island";NA;10;"L.digitata";0;0;9;"Davis Strait 9";"10 m depth"
"70";"Arctic Amazing Race";"Hogg Island";NA;10;"kelp.cover";73,889;32,289;9;"Davis Strait 9";"10 m depth"
"71";"Arctic Amazing Race";"Makkovik";"Labrador Sea";10;"Agarum";42,875;31,728;8;"Labrador Sea 2";"10 m depth"
"72";"Arctic Amazing Race";"Makkovik";"Labrador Sea";10;"Alaria";0;0;8;"Labrador Sea 2";"10 m depth"
"73";"Arctic Amazing Race";"Makkovik";"Labrador Sea";10;"S.latissima";0;0;8;"Labrador Sea 2";"10 m depth"
"74";"Arctic Amazing Race";"Makkovik";"Labrador Sea";10;"Saccorhiza";0;0;8;"Labrador Sea 2";"10 m depth"
"75";"Arctic Amazing Race";"Makkovik";"Labrador Sea";10;"L.solidung";0;0;8;"Labrador Sea 2";"10 m depth"
"76";"Arctic Amazing Race";"Makkovik";"Labrador Sea";10;"L.digitata";0;0;8;"Labrador Sea 2";"10 m depth"
"77";"Arctic Amazing Race";"Makkovik";"Labrador Sea";10;"kelp.cover";42,875;31,728;8;"Labrador Sea 2";"10 m depth"
"78";"Arctic Amazing Race";"Mussel Point";"Labrador Sea";10;"Agarum";0;0;9;"Labrador Sea 1";"10 m depth"
"79";"Arctic Amazing Race";"Mussel Point";"Labrador Sea";10;"Alaria";0;0;9;"Labrador Sea 1";"10 m depth"
"80";"Arctic Amazing Race";"Mussel Point";"Labrador Sea";10;"S.latissima";0;0;9;"Labrador Sea 1";"10 m depth"
"81";"Arctic Amazing Race";"Mussel Point";"Labrador Sea";10;"Saccorhiza";0;0;9;"Labrador Sea 1";"10 m depth"
"82";"Arctic Amazing Race";"Mussel Point";"Labrador Sea";10;"L.solidung";0;0;9;"Labrador Sea 1";"10 m depth"
"83";"Arctic Amazing Race";"Mussel Point";"Labrador Sea";10;"L.digitata";0;0;9;"Labrador Sea 1";"10 m depth"
"84";"Arctic Amazing Race";"Mussel Point";"Labrador Sea";10;"kelp.cover";0;0;9;"Labrador Sea 1";"10 m depth"
"85";"Arctic Amazing Race";"Qik";"Baffin Bay";5;"Agarum";0;0;10;"Baffin Bay 1";"5 m depth"
"86";"Arctic Amazing Race";"Qik";"Baffin Bay";5;"Alaria";0;0;10;"Baffin Bay 1";"5 m depth"
"87";"Arctic Amazing Race";"Qik";"Baffin Bay";5;"S.latissima";52,8;16,308;10;"Baffin Bay 1";"5 m depth"
"88";"Arctic Amazing Race";"Qik";"Baffin Bay";5;"Saccorhiza";0;0;10;"Baffin Bay 1";"5 m depth"
"89";"Arctic Amazing Race";"Qik";"Baffin Bay";5;"L.solidung";13,2;4,077;10;"Baffin Bay 1";"5 m depth"
"90";"Arctic Amazing Race";"Qik";"Baffin Bay";5;"L.digitata";0;0;10;"Baffin Bay 1";"5 m depth"
"91";"Arctic Amazing Race";"Qik";"Baffin Bay";5;"kelp.cover";66;20,385;10;"Baffin Bay 1";"5 m depth"
"92";"Arctic Amazing Race";"Qik";"Baffin Bay";10;"Agarum";0;0;10;"Baffin Bay 1";"10 m depth"
"93";"Arctic Amazing Race";"Qik";"Baffin Bay";10;"Alaria";0;0;10;"Baffin Bay 1";"10 m depth"
"94";"Arctic Amazing Race";"Qik";"Baffin Bay";10;"S.latissima";3,2;4,541;10;"Baffin Bay 1";"10 m depth"
"95";"Arctic Amazing Race";"Qik";"Baffin Bay";10;"Saccorhiza";0;0;10;"Baffin Bay 1";"10 m depth"
"96";"Arctic Amazing Race";"Qik";"Baffin Bay";10;"L.solidung";0,8;1,135;10;"Baffin Bay 1";"10 m depth"
"97";"Arctic Amazing Race";"Qik";"Baffin Bay";10;"L.digitata";0;0;10;"Baffin Bay 1";"10 m depth"
"98";"Arctic Amazing Race";"Qik";"Baffin Bay";10;"kelp.cover";4;5,676;10;"Baffin Bay 1";"10 m depth"
"99";"Arctic Amazing Race";"Qik";"Baffin Bay";15;"Agarum";34;34,059;10;"Baffin Bay 1";"15 m depth"
"100";"Arctic Amazing Race";"Qik";"Baffin Bay";15;"Alaria";0;0;10;"Baffin Bay 1";"15 m depth"
"101";"Arctic Amazing Race";"Qik";"Baffin Bay";15;"S.latissima";0,4;1,265;10;"Baffin Bay 1";"15 m depth"
"102";"Arctic Amazing Race";"Qik";"Baffin Bay";15;"Saccorhiza";0;0;10;"Baffin Bay 1";"15 m depth"
"103";"Arctic Amazing Race";"Qik";"Baffin Bay";15;"L.solidung";0,1;0,316;10;"Baffin Bay 1";"15 m depth"
"104";"Arctic Amazing Race";"Qik";"Baffin Bay";15;"L.digitata";0;0;10;"Baffin Bay 1";"15 m depth"
"105";"Arctic Amazing Race";"Qik";"Baffin Bay";15;"kelp.cover";34,5;34,436;10;"Baffin Bay 1";"15 m depth"
"106";"Arctic Amazing Race";"Rocks near Durban";"Baffin Bay";5;"Agarum";40;23,688;10;"Baffin Bay 3";"5 m depth"
"107";"Arctic Amazing Race";"Rocks near Durban";"Baffin Bay";5;"Alaria";3;6,325;10;"Baffin Bay 3";"5 m depth"
"108";"Arctic Amazing Race";"Rocks near Durban";"Baffin Bay";5;"S.latissima";0,4;1,265;10;"Baffin Bay 3";"5 m depth"
"109";"Arctic Amazing Race";"Rocks near Durban";"Baffin Bay";5;"Saccorhiza";0;0;10;"Baffin Bay 3";"5 m depth"
"110";"Arctic Amazing Race";"Rocks near Durban";"Baffin Bay";5;"L.solidung";0,1;0,316;10;"Baffin Bay 3";"5 m depth"
"111";"Arctic Amazing Race";"Rocks near Durban";"Baffin Bay";5;"L.digitata";0;0;10;"Baffin Bay 3";"5 m depth"
"112";"Arctic Amazing Race";"Rocks near Durban";"Baffin Bay";5;"kelp.cover";43,5;20,419;10;"Baffin Bay 3";"5 m depth"
"113";"Arctic Amazing Race";"Rocks near Durban";"Baffin Bay";10;"Agarum";32,5;23,124;10;"Baffin Bay 3";"10 m depth"
"114";"Arctic Amazing Race";"Rocks near Durban";"Baffin Bay";10;"Alaria";2;4,83;10;"Baffin Bay 3";"10 m depth"
"115";"Arctic Amazing Race";"Rocks near Durban";"Baffin Bay";10;"S.latissima";30,4;22,877;10;"Baffin Bay 3";"10 m depth"
"116";"Arctic Amazing Race";"Rocks near Durban";"Baffin Bay";10;"Saccorhiza";0;0;10;"Baffin Bay 3";"10 m depth"
"117";"Arctic Amazing Race";"Rocks near Durban";"Baffin Bay";10;"L.solidung";7,6;5,719;10;"Baffin Bay 3";"10 m depth"
"118";"Arctic Amazing Race";"Rocks near Durban";"Baffin Bay";10;"L.digitata";0;0;10;"Baffin Bay 3";"10 m depth"
"119";"Arctic Amazing Race";"Rocks near Durban";"Baffin Bay";10;"kelp.cover";72,5;23,004;10;"Baffin Bay 3";"10 m depth"
"120";"Arctic Amazing Race";"Rocks near Durban";"Baffin Bay";15;"Agarum";19,5;32,011;10;"Baffin Bay 3";"15 m depth"
"121";"Arctic Amazing Race";"Rocks near Durban";"Baffin Bay";15;"Alaria";0;0;10;"Baffin Bay 3";"15 m depth"
"122";"Arctic Amazing Race";"Rocks near Durban";"Baffin Bay";15;"S.latissima";57,6;26,412;10;"Baffin Bay 3";"15 m depth"
"123";"Arctic Amazing Race";"Rocks near Durban";"Baffin Bay";15;"Saccorhiza";0;0;10;"Baffin Bay 3";"15 m depth"
"124";"Arctic Amazing Race";"Rocks near Durban";"Baffin Bay";15;"L.solidung";14,4;6,603;10;"Baffin Bay 3";"15 m depth"
"125";"Arctic Amazing Race";"Rocks near Durban";"Baffin Bay";15;"L.digitata";0;0;10;"Baffin Bay 3";"15 m depth"
"126";"Arctic Amazing Race";"Rocks near Durban";"Baffin Bay";15;"kelp.cover";91,5;15,82;10;"Baffin Bay 3";"15 m depth"
"127";"Arctic Amazing Race";"S. of Qik";"Baffin Bay";5;"Agarum";8;10,853;10;"Baffin Bay 2";"5 m depth"
"128";"Arctic Amazing Race";"S. of Qik";"Baffin Bay";5;"Alaria";0;0;10;"Baffin Bay 2";"5 m depth"
"129";"Arctic Amazing Race";"S. of Qik";"Baffin Bay";5;"S.latissima";42,8;22,71;10;"Baffin Bay 2";"5 m depth"
"130";"Arctic Amazing Race";"S. of Qik";"Baffin Bay";5;"Saccorhiza";0;0;10;"Baffin Bay 2";"5 m depth"
"131";"Arctic Amazing Race";"S. of Qik";"Baffin Bay";5;"L.solidung";10,7;5,677;10;"Baffin Bay 2";"5 m depth"
"132";"Arctic Amazing Race";"S. of Qik";"Baffin Bay";5;"L.digitata";0;0;10;"Baffin Bay 2";"5 m depth"
"133";"Arctic Amazing Race";"S. of Qik";"Baffin Bay";5;"kelp.cover";61,5;30,005;10;"Baffin Bay 2";"5 m depth"
"134";"Arctic Amazing Race";"S. of Qik";"Baffin Bay";10;"Agarum";9,5;18,477;10;"Baffin Bay 2";"10 m depth"
"135";"Arctic Amazing Race";"S. of Qik";"Baffin Bay";10;"Alaria";0;0;10;"Baffin Bay 2";"10 m depth"
"136";"Arctic Amazing Race";"S. of Qik";"Baffin Bay";10;"S.latissima";32;23,926;10;"Baffin Bay 2";"10 m depth"
"137";"Arctic Amazing Race";"S. of Qik";"Baffin Bay";10;"Saccorhiza";0;0;10;"Baffin Bay 2";"10 m depth"
"138";"Arctic Amazing Race";"S. of Qik";"Baffin Bay";10;"L.solidung";8;5,981;10;"Baffin Bay 2";"10 m depth"
"139";"Arctic Amazing Race";"S. of Qik";"Baffin Bay";10;"L.digitata";0;0;10;"Baffin Bay 2";"10 m depth"
"140";"Arctic Amazing Race";"S. of Qik";"Baffin Bay";10;"kelp.cover";49,5;35,075;10;"Baffin Bay 2";"10 m depth"
"141";"Arctic Amazing Race";"S. of Qik";"Baffin Bay";15;"Agarum";0;0;10;"Baffin Bay 2";"15 m depth"
"142";"Arctic Amazing Race";"S. of Qik";"Baffin Bay";15;"Alaria";0;0;10;"Baffin Bay 2";"15 m depth"
"143";"Arctic Amazing Race";"S. of Qik";"Baffin Bay";15;"S.latissima";0,8;1,687;10;"Baffin Bay 2";"15 m depth"
"144";"Arctic Amazing Race";"S. of Qik";"Baffin Bay";15;"Saccorhiza";0;0;10;"Baffin Bay 2";"15 m depth"
"145";"Arctic Amazing Race";"S. of Qik";"Baffin Bay";15;"L.solidung";0,2;0,422;10;"Baffin Bay 2";"15 m depth"
"146";"Arctic Amazing Race";"S. of Qik";"Baffin Bay";15;"L.digitata";0;0;10;"Baffin Bay 2";"15 m depth"
"147";"Arctic Amazing Race";"S. of Qik";"Baffin Bay";15;"kelp.cover";1;2,108;10;"Baffin Bay 2";"15 m depth"
"148";"Arctic Amazing Race";"Turnagain";NA;10;"Agarum";0;0;8;"Davis Strait 11";"10 m depth"
"149";"Arctic Amazing Race";"Turnagain";NA;10;"Alaria";0;0;8;"Davis Strait 11";"10 m depth"
"150";"Arctic Amazing Race";"Turnagain";NA;10;"S.latissima";0;0;8;"Davis Strait 11";"10 m depth"
"151";"Arctic Amazing Race";"Turnagain";NA;10;"Saccorhiza";0;0;8;"Davis Strait 11";"10 m depth"
"152";"Arctic Amazing Race";"Turnagain";NA;10;"L.solidung";0;0;8;"Davis Strait 11";"10 m depth"
"153";"Arctic Amazing Race";"Turnagain";NA;10;"L.digitata";0;0;8;"Davis Strait 11";"10 m depth"
"154";"Arctic Amazing Race";"Turnagain";NA;10;"kelp.cover";0;0;8;"Davis Strait 11";"10 m depth"
"155";"Arctic Amazing Race";"Turnagain";NA;15;"Agarum";0;0;10;"Davis Strait 11";"15 m depth"
"156";"Arctic Amazing Race";"Turnagain";NA;15;"Alaria";0;0;10;"Davis Strait 11";"15 m depth"
"157";"Arctic Amazing Race";"Turnagain";NA;15;"S.latissima";0;0;10;"Davis Strait 11";"15 m depth"
"158";"Arctic Amazing Race";"Turnagain";NA;15;"Saccorhiza";0;0;10;"Davis Strait 11";"15 m depth"
"159";"Arctic Amazing Race";"Turnagain";NA;15;"L.solidung";0;0;10;"Davis Strait 11";"15 m depth"
"160";"Arctic Amazing Race";"Turnagain";NA;15;"L.digitata";0;0;10;"Davis Strait 11";"15 m depth"
"161";"Arctic Amazing Race";"Turnagain";NA;15;"kelp.cover";0;0;10;"Davis Strait 11";"15 m depth"
"162";"CAISN DFO";"Churchill T2";"Hudson Bay";5;"Agarum";0;0;11;"Hudson Bay 3";"5 m depth"
"163";"CAISN DFO";"Churchill T2";"Hudson Bay";5;"Alaria";0;0;11;"Hudson Bay 3";"5 m depth"
"164";"CAISN DFO";"Churchill T2";"Hudson Bay";5;"S.latissima";0;0;11;"Hudson Bay 3";"5 m depth"
"165";"CAISN DFO";"Churchill T2";"Hudson Bay";5;"Saccorhiza";0;0;11;"Hudson Bay 3";"5 m depth"
"166";"CAISN DFO";"Churchill T2";"Hudson Bay";5;"L.solidung";0;0;11;"Hudson Bay 3";"5 m depth"
"167";"CAISN DFO";"Churchill T2";"Hudson Bay";5;"L.digitata";0;0;11;"Hudson Bay 3";"5 m depth"
"168";"CAISN DFO";"Churchill T2";"Hudson Bay";5;"kelp.cover";0;0;11;"Hudson Bay 3";"5 m depth"
"169";"CAISN DFO";"Churchill T2";"Hudson Bay";15;"Agarum";0;0;14;"Hudson Bay 3";"15 m depth"
"170";"CAISN DFO";"Churchill T2";"Hudson Bay";15;"Alaria";0;0;14;"Hudson Bay 3";"15 m depth"
"171";"CAISN DFO";"Churchill T2";"Hudson Bay";15;"S.latissima";0;0;14;"Hudson Bay 3";"15 m depth"
"172";"CAISN DFO";"Churchill T2";"Hudson Bay";15;"Saccorhiza";0;0;14;"Hudson Bay 3";"15 m depth"
"173";"CAISN DFO";"Churchill T2";"Hudson Bay";15;"L.solidung";0;0;14;"Hudson Bay 3";"15 m depth"
"174";"CAISN DFO";"Churchill T2";"Hudson Bay";15;"L.digitata";0;0;14;"Hudson Bay 3";"15 m depth"
"175";"CAISN DFO";"Churchill T2";"Hudson Bay";15;"kelp.cover";0;0;14;"Hudson Bay 3";"15 m depth"
"176";"CAISN DFO";"Churchill T3";"Hudson Bay";10;"Agarum";0;0;13;"Hudson Bay 1";"10 m depth"
"177";"CAISN DFO";"Churchill T3";"Hudson Bay";10;"Alaria";0;0;13;"Hudson Bay 1";"10 m depth"
"178";"CAISN DFO";"Churchill T3";"Hudson Bay";10;"S.latissima";1,231;4,438;13;"Hudson Bay 1";"10 m depth"
"179";"CAISN DFO";"Churchill T3";"Hudson Bay";10;"Saccorhiza";0;0;13;"Hudson Bay 1";"10 m depth"
"180";"CAISN DFO";"Churchill T3";"Hudson Bay";10;"L.solidung";0;0;13;"Hudson Bay 1";"10 m depth"
"181";"CAISN DFO";"Churchill T3";"Hudson Bay";10;"L.digitata";0,923;3,328;13;"Hudson Bay 1";"10 m depth"
"182";"CAISN DFO";"Churchill T3";"Hudson Bay";10;"kelp.cover";2,154;5,32;13;"Hudson Bay 1";"10 m depth"
"183";"CAISN DFO";"Churchill T3";"Hudson Bay";15;"Agarum";0;0;13;"Hudson Bay 1";"15 m depth"
"184";"CAISN DFO";"Churchill T3";"Hudson Bay";15;"Alaria";0;0;13;"Hudson Bay 1";"15 m depth"
"185";"CAISN DFO";"Churchill T3";"Hudson Bay";15;"S.latissima";1,154;4,16;13;"Hudson Bay 1";"15 m depth"
"186";"CAISN DFO";"Churchill T3";"Hudson Bay";15;"Saccorhiza";0;0;13;"Hudson Bay 1";"15 m depth"
"187";"CAISN DFO";"Churchill T3";"Hudson Bay";15;"L.solidung";7,231;14,225;13;"Hudson Bay 1";"15 m depth"
"188";"CAISN DFO";"Churchill T3";"Hudson Bay";15;"L.digitata";0;0;13;"Hudson Bay 1";"15 m depth"
"189";"CAISN DFO";"Churchill T3";"Hudson Bay";15;"kelp.cover";8,385;14,198;13;"Hudson Bay 1";"15 m depth"
"190";"CAISN DFO";"Churchill T4";"Hudson Bay";10;"Agarum";0;0;13;"Hudson Bay 2";"10 m depth"
"191";"CAISN DFO";"Churchill T4";"Hudson Bay";10;"Alaria";0;0;13;"Hudson Bay 2";"10 m depth"
"192";"CAISN DFO";"Churchill T4";"Hudson Bay";10;"S.latissima";0,769;2,774;13;"Hudson Bay 2";"10 m depth"
"193";"CAISN DFO";"Churchill T4";"Hudson Bay";10;"Saccorhiza";0;0;13;"Hudson Bay 2";"10 m depth"
"194";"CAISN DFO";"Churchill T4";"Hudson Bay";10;"L.solidung";0;0;13;"Hudson Bay 2";"10 m depth"
"195";"CAISN DFO";"Churchill T4";"Hudson Bay";10;"L.digitata";0;0;13;"Hudson Bay 2";"10 m depth"
"196";"CAISN DFO";"Churchill T4";"Hudson Bay";10;"kelp.cover";0,769;2,774;13;"Hudson Bay 2";"10 m depth"
"197";"CAISN DFO";"Churchill T4";"Hudson Bay";15;"Agarum";13,538;33,208;13;"Hudson Bay 2";"15 m depth"
"198";"CAISN DFO";"Churchill T4";"Hudson Bay";15;"Alaria";0;0;13;"Hudson Bay 2";"15 m depth"
"199";"CAISN DFO";"Churchill T4";"Hudson Bay";15;"S.latissima";0;0;13;"Hudson Bay 2";"15 m depth"
"200";"CAISN DFO";"Churchill T4";"Hudson Bay";15;"Saccorhiza";0;0;13;"Hudson Bay 2";"15 m depth"
"201";"CAISN DFO";"Churchill T4";"Hudson Bay";15;"L.solidung";5;8,898;13;"Hudson Bay 2";"15 m depth"
"202";"CAISN DFO";"Churchill T4";"Hudson Bay";15;"L.digitata";0;0;13;"Hudson Bay 2";"15 m depth"
"203";"CAISN DFO";"Churchill T4";"Hudson Bay";15;"kelp.cover";18,538;32,176;13;"Hudson Bay 2";"15 m depth"
"204";"CAISN DFO";"Deception Bay T1";"Hudson Strait";5;"Agarum";0;0;10;"Hudson Strait 12";"5 m depth"
"205";"CAISN DFO";"Deception Bay T1";"Hudson Strait";5;"Alaria";0;0;10;"Hudson Strait 12";"5 m depth"
"206";"CAISN DFO";"Deception Bay T1";"Hudson Strait";5;"S.latissima";0;0;10;"Hudson Strait 12";"5 m depth"
"207";"CAISN DFO";"Deception Bay T1";"Hudson Strait";5;"Saccorhiza";0;0;10;"Hudson Strait 12";"5 m depth"
"208";"CAISN DFO";"Deception Bay T1";"Hudson Strait";5;"L.solidung";0;0;10;"Hudson Strait 12";"5 m depth"
"209";"CAISN DFO";"Deception Bay T1";"Hudson Strait";5;"L.digitata";0;0;10;"Hudson Strait 12";"5 m depth"
"210";"CAISN DFO";"Deception Bay T1";"Hudson Strait";5;"kelp.cover";0;0;10;"Hudson Strait 12";"5 m depth"
"211";"CAISN DFO";"Deception Bay T1";"Hudson Strait";10;"Agarum";0;0;10;"Hudson Strait 12";"10 m depth"
"212";"CAISN DFO";"Deception Bay T1";"Hudson Strait";10;"Alaria";0;0;10;"Hudson Strait 12";"10 m depth"
"213";"CAISN DFO";"Deception Bay T1";"Hudson Strait";10;"S.latissima";0;0;10;"Hudson Strait 12";"10 m depth"
"214";"CAISN DFO";"Deception Bay T1";"Hudson Strait";10;"Saccorhiza";0;0;10;"Hudson Strait 12";"10 m depth"
"215";"CAISN DFO";"Deception Bay T1";"Hudson Strait";10;"L.solidung";0;0;10;"Hudson Strait 12";"10 m depth"
"216";"CAISN DFO";"Deception Bay T1";"Hudson Strait";10;"L.digitata";0;0;10;"Hudson Strait 12";"10 m depth"
"217";"CAISN DFO";"Deception Bay T1";"Hudson Strait";10;"kelp.cover";0;0;10;"Hudson Strait 12";"10 m depth"
"218";"CAISN DFO";"Deception Bay T2";"Hudson Strait";10;"Agarum";0;0;10;"Hudson Strait 11";"10 m depth"
"219";"CAISN DFO";"Deception Bay T2";"Hudson Strait";10;"Alaria";0;0;10;"Hudson Strait 11";"10 m depth"
"220";"CAISN DFO";"Deception Bay T2";"Hudson Strait";10;"S.latissima";46,85;39,988;10;"Hudson Strait 11";"10 m depth"
"221";"CAISN DFO";"Deception Bay T2";"Hudson Strait";10;"Saccorhiza";0;0;10;"Hudson Strait 11";"10 m depth"
"222";"CAISN DFO";"Deception Bay T2";"Hudson Strait";10;"L.solidung";0;0;10;"Hudson Strait 11";"10 m depth"
"223";"CAISN DFO";"Deception Bay T2";"Hudson Strait";10;"L.digitata";0;0;10;"Hudson Strait 11";"10 m depth"
"224";"CAISN DFO";"Deception Bay T2";"Hudson Strait";10;"kelp.cover";46,85;39,988;10;"Hudson Strait 11";"10 m depth"
"225";"CAISN DFO";"Deception Bay T2";"Hudson Strait";15;"Agarum";0;0;10;"Hudson Strait 11";"15 m depth"
"226";"CAISN DFO";"Deception Bay T2";"Hudson Strait";15;"Alaria";0;0;10;"Hudson Strait 11";"15 m depth"
"227";"CAISN DFO";"Deception Bay T2";"Hudson Strait";15;"S.latissima";0;0;10;"Hudson Strait 11";"15 m depth"
"228";"CAISN DFO";"Deception Bay T2";"Hudson Strait";15;"Saccorhiza";0;0;10;"Hudson Strait 11";"15 m depth"
"229";"CAISN DFO";"Deception Bay T2";"Hudson Strait";15;"L.solidung";63;39,243;10;"Hudson Strait 11";"15 m depth"
"230";"CAISN DFO";"Deception Bay T2";"Hudson Strait";15;"L.digitata";0;0;10;"Hudson Strait 11";"15 m depth"
"231";"CAISN DFO";"Deception Bay T2";"Hudson Strait";15;"kelp.cover";63;39,243;10;"Hudson Strait 11";"15 m depth"
"232";"CAISN DFO";"Deception Bay T3";"Hudson Strait";5;"Agarum";3,14;9,93;10;"Hudson Strait 9";"5 m depth"
"233";"CAISN DFO";"Deception Bay T3";"Hudson Strait";5;"Alaria";1,5;4,743;10;"Hudson Strait 9";"5 m depth"
"234";"CAISN DFO";"Deception Bay T3";"Hudson Strait";5;"S.latissima";16,87;23,658;10;"Hudson Strait 9";"5 m depth"
"235";"CAISN DFO";"Deception Bay T3";"Hudson Strait";5;"Saccorhiza";0;0;10;"Hudson Strait 9";"5 m depth"
"236";"CAISN DFO";"Deception Bay T3";"Hudson Strait";5;"L.solidung";13,3;21,634;10;"Hudson Strait 9";"5 m depth"
"237";"CAISN DFO";"Deception Bay T3";"Hudson Strait";5;"L.digitata";0;0;10;"Hudson Strait 9";"5 m depth"
"238";"CAISN DFO";"Deception Bay T3";"Hudson Strait";5;"kelp.cover";34,81;35,662;10;"Hudson Strait 9";"5 m depth"
"239";"CAISN DFO";"Deception Bay T3";"Hudson Strait";10;"Agarum";0;0;10;"Hudson Strait 9";"10 m depth"
"240";"CAISN DFO";"Deception Bay T3";"Hudson Strait";10;"Alaria";0;0;10;"Hudson Strait 9";"10 m depth"
"241";"CAISN DFO";"Deception Bay T3";"Hudson Strait";10;"S.latissima";40,08;31,553;10;"Hudson Strait 9";"10 m depth"
"242";"CAISN DFO";"Deception Bay T3";"Hudson Strait";10;"Saccorhiza";0;0;10;"Hudson Strait 9";"10 m depth"
"243";"CAISN DFO";"Deception Bay T3";"Hudson Strait";10;"L.solidung";0,67;2,119;10;"Hudson Strait 9";"10 m depth"
"244";"CAISN DFO";"Deception Bay T3";"Hudson Strait";10;"L.digitata";0;0;10;"Hudson Strait 9";"10 m depth"
"245";"CAISN DFO";"Deception Bay T3";"Hudson Strait";10;"kelp.cover";40,75;31,147;10;"Hudson Strait 9";"10 m depth"
"246";"CAISN DFO";"Deception Bay T4";"Hudson Strait";10;"Agarum";0;0;11;"Hudson Strait 8";"10 m depth"
"247";"CAISN DFO";"Deception Bay T4";"Hudson Strait";10;"Alaria";35;31,225;11;"Hudson Strait 8";"10 m depth"
"248";"CAISN DFO";"Deception Bay T4";"Hudson Strait";10;"S.latissima";40,909;27,37;11;"Hudson Strait 8";"10 m depth"
"249";"CAISN DFO";"Deception Bay T4";"Hudson Strait";10;"Saccorhiza";0;0;11;"Hudson Strait 8";"10 m depth"
"250";"CAISN DFO";"Deception Bay T4";"Hudson Strait";10;"L.solidung";5,909;14,286;11;"Hudson Strait 8";"10 m depth"
"251";"CAISN DFO";"Deception Bay T4";"Hudson Strait";10;"L.digitata";0;0;11;"Hudson Strait 8";"10 m depth"
"252";"CAISN DFO";"Deception Bay T4";"Hudson Strait";10;"kelp.cover";81,818;25,424;11;"Hudson Strait 8";"10 m depth"
"253";"CAISN DFO";"Deception Bay T4";"Hudson Strait";15;"Agarum";0;0;10;"Hudson Strait 8";"15 m depth"
"254";"CAISN DFO";"Deception Bay T4";"Hudson Strait";15;"Alaria";16,84;28,408;10;"Hudson Strait 8";"15 m depth"
"255";"CAISN DFO";"Deception Bay T4";"Hudson Strait";15;"S.latissima";68,7;31,486;10;"Hudson Strait 8";"15 m depth"
"256";"CAISN DFO";"Deception Bay T4";"Hudson Strait";15;"Saccorhiza";0;0;10;"Hudson Strait 8";"15 m depth"
"257";"CAISN DFO";"Deception Bay T4";"Hudson Strait";15;"L.solidung";0;0;10;"Hudson Strait 8";"15 m depth"
"258";"CAISN DFO";"Deception Bay T4";"Hudson Strait";15;"L.digitata";0;0;10;"Hudson Strait 8";"15 m depth"
"259";"CAISN DFO";"Deception Bay T4";"Hudson Strait";15;"kelp.cover";85,54;13,724;10;"Hudson Strait 8";"15 m depth"
"260";"CAISN DFO";"Deception Bay T5";"Hudson Strait";10;"Agarum";33,21;41,401;10;"Hudson Strait 7";"10 m depth"
"261";"CAISN DFO";"Deception Bay T5";"Hudson Strait";10;"Alaria";10,71;22,202;10;"Hudson Strait 7";"10 m depth"
"262";"CAISN DFO";"Deception Bay T5";"Hudson Strait";10;"S.latissima";18,634;31,178;10;"Hudson Strait 7";"10 m depth"
"263";"CAISN DFO";"Deception Bay T5";"Hudson Strait";10;"Saccorhiza";0;0;10;"Hudson Strait 7";"10 m depth"
"264";"CAISN DFO";"Deception Bay T5";"Hudson Strait";10;"L.solidung";0;0;10;"Hudson Strait 7";"10 m depth"
"265";"CAISN DFO";"Deception Bay T5";"Hudson Strait";10;"L.digitata";0;0;10;"Hudson Strait 7";"10 m depth"
"266";"CAISN DFO";"Deception Bay T5";"Hudson Strait";10;"kelp.cover";62,554;33,384;10;"Hudson Strait 7";"10 m depth"
"267";"CAISN DFO";"Deception Bay T5";"Hudson Strait";15;"Agarum";30,51;35,134;10;"Hudson Strait 7";"15 m depth"
"268";"CAISN DFO";"Deception Bay T5";"Hudson Strait";15;"Alaria";1,07;3,384;10;"Hudson Strait 7";"15 m depth"
"269";"CAISN DFO";"Deception Bay T5";"Hudson Strait";15;"S.latissima";0,2;0,632;10;"Hudson Strait 7";"15 m depth"
"270";"CAISN DFO";"Deception Bay T5";"Hudson Strait";15;"Saccorhiza";0;0;10;"Hudson Strait 7";"15 m depth"
"271";"CAISN DFO";"Deception Bay T5";"Hudson Strait";15;"L.solidung";0;0;10;"Hudson Strait 7";"15 m depth"
"272";"CAISN DFO";"Deception Bay T5";"Hudson Strait";15;"L.digitata";0;0;10;"Hudson Strait 7";"15 m depth"
"273";"CAISN DFO";"Deception Bay T5";"Hudson Strait";15;"kelp.cover";31,78;36,579;10;"Hudson Strait 7";"15 m depth"
"274";"CAISN DFO";"Deception Bay T6";"Hudson Strait";10;"Agarum";3,77;8,012;10;"Hudson Strait 10";"10 m depth"
"275";"CAISN DFO";"Deception Bay T6";"Hudson Strait";10;"Alaria";0;0;10;"Hudson Strait 10";"10 m depth"
"276";"CAISN DFO";"Deception Bay T6";"Hudson Strait";10;"S.latissima";48,53;32,97;10;"Hudson Strait 10";"10 m depth"
"277";"CAISN DFO";"Deception Bay T6";"Hudson Strait";10;"Saccorhiza";0;0;10;"Hudson Strait 10";"10 m depth"
"278";"CAISN DFO";"Deception Bay T6";"Hudson Strait";10;"L.solidung";9;28,46;10;"Hudson Strait 10";"10 m depth"
"279";"CAISN DFO";"Deception Bay T6";"Hudson Strait";10;"L.digitata";0;0;10;"Hudson Strait 10";"10 m depth"
"280";"CAISN DFO";"Deception Bay T6";"Hudson Strait";10;"kelp.cover";61,3;33,886;10;"Hudson Strait 10";"10 m depth"
"281";"CAISN DFO";"Deception Bay T6";"Hudson Strait";15;"Agarum";69,02;34,03;10;"Hudson Strait 10";"15 m depth"
"282";"CAISN DFO";"Deception Bay T6";"Hudson Strait";15;"Alaria";0;0;10;"Hudson Strait 10";"15 m depth"
"283";"CAISN DFO";"Deception Bay T6";"Hudson Strait";15;"S.latissima";2,2;6,286;10;"Hudson Strait 10";"15 m depth"
"284";"CAISN DFO";"Deception Bay T6";"Hudson Strait";15;"Saccorhiza";0;0;10;"Hudson Strait 10";"15 m depth"
"285";"CAISN DFO";"Deception Bay T6";"Hudson Strait";15;"L.solidung";0;0;10;"Hudson Strait 10";"15 m depth"
"286";"CAISN DFO";"Deception Bay T6";"Hudson Strait";15;"L.digitata";0;0;10;"Hudson Strait 10";"15 m depth"
"287";"CAISN DFO";"Deception Bay T6";"Hudson Strait";15;"kelp.cover";71,22;32,332;10;"Hudson Strait 10";"15 m depth"
"288";"CAISN DFO";"Iqualuit T1";"Davis Strait";5;"Agarum";0;0;13;"Davis Strait 3";"5 m depth"
"289";"CAISN DFO";"Iqualuit T1";"Davis Strait";5;"Alaria";0;0;13;"Davis Strait 3";"5 m depth"
"290";"CAISN DFO";"Iqualuit T1";"Davis Strait";5;"S.latissima";11,538;28,823;13;"Davis Strait 3";"5 m depth"
"291";"CAISN DFO";"Iqualuit T1";"Davis Strait";5;"Saccorhiza";0;0;13;"Davis Strait 3";"5 m depth"
"292";"CAISN DFO";"Iqualuit T1";"Davis Strait";5;"L.solidung";0;0;13;"Davis Strait 3";"5 m depth"
"293";"CAISN DFO";"Iqualuit T1";"Davis Strait";5;"L.digitata";0;0;13;"Davis Strait 3";"5 m depth"
"294";"CAISN DFO";"Iqualuit T1";"Davis Strait";5;"kelp.cover";11,538;28,823;13;"Davis Strait 3";"5 m depth"
"295";"CAISN DFO";"Iqualuit T1";"Davis Strait";10;"Agarum";0;0;10;"Davis Strait 3";"10 m depth"
"296";"CAISN DFO";"Iqualuit T1";"Davis Strait";10;"Alaria";0;0;10;"Davis Strait 3";"10 m depth"
"297";"CAISN DFO";"Iqualuit T1";"Davis Strait";10;"S.latissima";0;0;10;"Davis Strait 3";"10 m depth"
"298";"CAISN DFO";"Iqualuit T1";"Davis Strait";10;"Saccorhiza";0;0;10;"Davis Strait 3";"10 m depth"
"299";"CAISN DFO";"Iqualuit T1";"Davis Strait";10;"L.solidung";0;0;10;"Davis Strait 3";"10 m depth"
"300";"CAISN DFO";"Iqualuit T1";"Davis Strait";10;"L.digitata";0;0;10;"Davis Strait 3";"10 m depth"
"301";"CAISN DFO";"Iqualuit T1";"Davis Strait";10;"kelp.cover";0;0;10;"Davis Strait 3";"10 m depth"
"302";"CAISN DFO";"Iqualuit T2";"Davis Strait";5;"Agarum";0;0;13;"Davis Strait 4";"5 m depth"
"303";"CAISN DFO";"Iqualuit T2";"Davis Strait";5;"Alaria";0;0;13;"Davis Strait 4";"5 m depth"
"304";"CAISN DFO";"Iqualuit T2";"Davis Strait";5;"S.latissima";3,846;7,403;13;"Davis Strait 4";"5 m depth"
"305";"CAISN DFO";"Iqualuit T2";"Davis Strait";5;"Saccorhiza";0;0;13;"Davis Strait 4";"5 m depth"
"306";"CAISN DFO";"Iqualuit T2";"Davis Strait";5;"L.solidung";0;0;13;"Davis Strait 4";"5 m depth"
"307";"CAISN DFO";"Iqualuit T2";"Davis Strait";5;"L.digitata";0;0;13;"Davis Strait 4";"5 m depth"
"308";"CAISN DFO";"Iqualuit T2";"Davis Strait";5;"kelp.cover";3,846;7,403;13;"Davis Strait 4";"5 m depth"
"309";"CAISN DFO";"Iqualuit T2";"Davis Strait";10;"Agarum";21,923;28,617;13;"Davis Strait 4";"10 m depth"
"310";"CAISN DFO";"Iqualuit T2";"Davis Strait";10;"Alaria";1,154;4,16;13;"Davis Strait 4";"10 m depth"
"311";"CAISN DFO";"Iqualuit T2";"Davis Strait";10;"S.latissima";29,231;39,52;13;"Davis Strait 4";"10 m depth"
"312";"CAISN DFO";"Iqualuit T2";"Davis Strait";10;"Saccorhiza";0;0;13;"Davis Strait 4";"10 m depth"
"313";"CAISN DFO";"Iqualuit T2";"Davis Strait";10;"L.solidung";12,308;18,213;13;"Davis Strait 4";"10 m depth"
"314";"CAISN DFO";"Iqualuit T2";"Davis Strait";10;"L.digitata";0;0;13;"Davis Strait 4";"10 m depth"
"315";"CAISN DFO";"Iqualuit T2";"Davis Strait";10;"kelp.cover";64,615;33,694;13;"Davis Strait 4";"10 m depth"
"316";"CAISN DFO";"Iqualuit T3";"Davis Strait";5;"Agarum";4,091;13,568;11;"Davis Strait 6";"5 m depth"
"317";"CAISN DFO";"Iqualuit T3";"Davis Strait";5;"Alaria";0;0;11;"Davis Strait 6";"5 m depth"
"318";"CAISN DFO";"Iqualuit T3";"Davis Strait";5;"S.latissima";76,091;35,99;11;"Davis Strait 6";"5 m depth"
"319";"CAISN DFO";"Iqualuit T3";"Davis Strait";5;"Saccorhiza";0;0;11;"Davis Strait 6";"5 m depth"
"320";"CAISN DFO";"Iqualuit T3";"Davis Strait";5;"L.solidung";0;0;11;"Davis Strait 6";"5 m depth"
"321";"CAISN DFO";"Iqualuit T3";"Davis Strait";5;"L.digitata";0;0;11;"Davis Strait 6";"5 m depth"
"322";"CAISN DFO";"Iqualuit T3";"Davis Strait";5;"kelp.cover";80,182;28,188;11;"Davis Strait 6";"5 m depth"
"323";"CAISN DFO";"Iqualuit T4";"Davis Strait";10;"Agarum";0;0;12;"Davis Strait 5";"10 m depth"
"324";"CAISN DFO";"Iqualuit T4";"Davis Strait";10;"Alaria";6,417;19,842;12;"Davis Strait 5";"10 m depth"
"325";"CAISN DFO";"Iqualuit T4";"Davis Strait";10;"S.latissima";22,5;35,215;12;"Davis Strait 5";"10 m depth"
"326";"CAISN DFO";"Iqualuit T4";"Davis Strait";10;"Saccorhiza";0;0;12;"Davis Strait 5";"10 m depth"
"327";"CAISN DFO";"Iqualuit T4";"Davis Strait";10;"L.solidung";2,083;7,217;12;"Davis Strait 5";"10 m depth"
"328";"CAISN DFO";"Iqualuit T4";"Davis Strait";10;"L.digitata";0;0;12;"Davis Strait 5";"10 m depth"
"329";"CAISN DFO";"Iqualuit T4";"Davis Strait";10;"kelp.cover";31;35,78;12;"Davis Strait 5";"10 m depth"
"330";"CAISN DFO";"Iqualuit T5";"Davis Strait";15;"Agarum";32;44,509;12;"Davis Strait 7";"15 m depth"
"331";"CAISN DFO";"Iqualuit T5";"Davis Strait";15;"Alaria";0;0;12;"Davis Strait 7";"15 m depth"
"332";"CAISN DFO";"Iqualuit T5";"Davis Strait";15;"S.latissima";35,333;39,958;12;"Davis Strait 7";"15 m depth"
"333";"CAISN DFO";"Iqualuit T5";"Davis Strait";15;"Saccorhiza";0;0;12;"Davis Strait 7";"15 m depth"
"334";"CAISN DFO";"Iqualuit T5";"Davis Strait";15;"L.solidung";6,667;16,3;12;"Davis Strait 7";"15 m depth"
"335";"CAISN DFO";"Iqualuit T5";"Davis Strait";15;"L.digitata";0;0;12;"Davis Strait 7";"15 m depth"
"336";"CAISN DFO";"Iqualuit T5";"Davis Strait";15;"kelp.cover";74;33,051;12;"Davis Strait 7";"15 m depth"
"337";"CAISN DFO";"Steensby Inlet T1";"Foxe Basin";10;"Agarum";0;0;11;"Foxe Basin 3";"10 m depth"
"338";"CAISN DFO";"Steensby Inlet T1";"Foxe Basin";10;"Alaria";0;0;11;"Foxe Basin 3";"10 m depth"
"339";"CAISN DFO";"Steensby Inlet T1";"Foxe Basin";10;"S.latissima";20,182;23,617;11;"Foxe Basin 3";"10 m depth"
"340";"CAISN DFO";"Steensby Inlet T1";"Foxe Basin";10;"Saccorhiza";0;0;11;"Foxe Basin 3";"10 m depth"
"341";"CAISN DFO";"Steensby Inlet T1";"Foxe Basin";10;"L.solidung";8;24;11;"Foxe Basin 3";"10 m depth"
"342";"CAISN DFO";"Steensby Inlet T1";"Foxe Basin";10;"L.digitata";0;0;11;"Foxe Basin 3";"10 m depth"
"343";"CAISN DFO";"Steensby Inlet T1";"Foxe Basin";10;"kelp.cover";28,182;27,903;11;"Foxe Basin 3";"10 m depth"
"344";"CAISN DFO";"Steensby Inlet T2";"Foxe Basin";5;"Agarum";0;0;10;"Foxe Basin 4";"5 m depth"
"345";"CAISN DFO";"Steensby Inlet T2";"Foxe Basin";5;"Alaria";1;2,108;10;"Foxe Basin 4";"5 m depth"
"346";"CAISN DFO";"Steensby Inlet T2";"Foxe Basin";5;"S.latissima";19,7;27,015;10;"Foxe Basin 4";"5 m depth"
"347";"CAISN DFO";"Steensby Inlet T2";"Foxe Basin";5;"Saccorhiza";0;0;10;"Foxe Basin 4";"5 m depth"
"348";"CAISN DFO";"Steensby Inlet T2";"Foxe Basin";5;"L.solidung";12;26,998;10;"Foxe Basin 4";"5 m depth"
"349";"CAISN DFO";"Steensby Inlet T2";"Foxe Basin";5;"L.digitata";0;0;10;"Foxe Basin 4";"5 m depth"
"350";"CAISN DFO";"Steensby Inlet T2";"Foxe Basin";5;"kelp.cover";32,7;31,013;10;"Foxe Basin 4";"5 m depth"
"351";"CAISN DFO";"Steensby Inlet T2";"Foxe Basin";10;"Agarum";0;0;8;"Foxe Basin 4";"10 m depth"
"352";"CAISN DFO";"Steensby Inlet T2";"Foxe Basin";10;"Alaria";0;0;8;"Foxe Basin 4";"10 m depth"
"353";"CAISN DFO";"Steensby Inlet T2";"Foxe Basin";10;"S.latissima";0,625;1,768;8;"Foxe Basin 4";"10 m depth"
"354";"CAISN DFO";"Steensby Inlet T2";"Foxe Basin";10;"Saccorhiza";0;0;8;"Foxe Basin 4";"10 m depth"
"355";"CAISN DFO";"Steensby Inlet T2";"Foxe Basin";10;"L.solidung";20,625;22,903;8;"Foxe Basin 4";"10 m depth"
"356";"CAISN DFO";"Steensby Inlet T2";"Foxe Basin";10;"L.digitata";0;0;8;"Foxe Basin 4";"10 m depth"
"357";"CAISN DFO";"Steensby Inlet T2";"Foxe Basin";10;"kelp.cover";21,25;22,321;8;"Foxe Basin 4";"10 m depth"
"358";"CAISN DFO";"Steensby Inlet T3";"Foxe Basin";5;"Agarum";2,5;6,346;10;"Foxe Basin 5";"5 m depth"
"359";"CAISN DFO";"Steensby Inlet T3";"Foxe Basin";5;"Alaria";1;3,162;10;"Foxe Basin 5";"5 m depth"
"360";"CAISN DFO";"Steensby Inlet T3";"Foxe Basin";5;"S.latissima";22,5;25,739;10;"Foxe Basin 5";"5 m depth"
"361";"CAISN DFO";"Steensby Inlet T3";"Foxe Basin";5;"Saccorhiza";0;0;10;"Foxe Basin 5";"5 m depth"
"362";"CAISN DFO";"Steensby Inlet T3";"Foxe Basin";5;"L.solidung";25,5;30,134;10;"Foxe Basin 5";"5 m depth"
"363";"CAISN DFO";"Steensby Inlet T3";"Foxe Basin";5;"L.digitata";0;0;10;"Foxe Basin 5";"5 m depth"
"364";"CAISN DFO";"Steensby Inlet T3";"Foxe Basin";5;"kelp.cover";51,5;35,594;10;"Foxe Basin 5";"5 m depth"
"365";"CAISN DFO";"Steensby Inlet T5";"Foxe Basin";5;"Agarum";0;0;6;"Foxe Basin 2";"5 m depth"
"366";"CAISN DFO";"Steensby Inlet T5";"Foxe Basin";5;"Alaria";0;0;6;"Foxe Basin 2";"5 m depth"
"367";"CAISN DFO";"Steensby Inlet T5";"Foxe Basin";5;"S.latissima";7,5;18,371;6;"Foxe Basin 2";"5 m depth"
"368";"CAISN DFO";"Steensby Inlet T5";"Foxe Basin";5;"Saccorhiza";0;0;6;"Foxe Basin 2";"5 m depth"
"369";"CAISN DFO";"Steensby Inlet T5";"Foxe Basin";5;"L.solidung";0;0;6;"Foxe Basin 2";"5 m depth"
"370";"CAISN DFO";"Steensby Inlet T5";"Foxe Basin";5;"L.digitata";0;0;6;"Foxe Basin 2";"5 m depth"
"371";"CAISN DFO";"Steensby Inlet T5";"Foxe Basin";5;"kelp.cover";7,5;18,371;6;"Foxe Basin 2";"5 m depth"
"372";"CAISN DFO";"Steensby Inlet T5";"Foxe Basin";10;"Agarum";0;0;4;"Foxe Basin 2";"10 m depth"
"373";"CAISN DFO";"Steensby Inlet T5";"Foxe Basin";10;"Alaria";2,5;2,887;4;"Foxe Basin 2";"10 m depth"
"374";"CAISN DFO";"Steensby Inlet T5";"Foxe Basin";10;"S.latissima";0;0;4;"Foxe Basin 2";"10 m depth"
"375";"CAISN DFO";"Steensby Inlet T5";"Foxe Basin";10;"Saccorhiza";0;0;4;"Foxe Basin 2";"10 m depth"
"376";"CAISN DFO";"Steensby Inlet T5";"Foxe Basin";10;"L.solidung";0;0;4;"Foxe Basin 2";"10 m depth"
"377";"CAISN DFO";"Steensby Inlet T5";"Foxe Basin";10;"L.digitata";0;0;4;"Foxe Basin 2";"10 m depth"
"378";"CAISN DFO";"Steensby Inlet T5";"Foxe Basin";10;"kelp.cover";2,5;2,887;4;"Foxe Basin 2";"10 m depth"
"379";"CAISN DFO";"Steensby Inlet T5";"Foxe Basin";15;"Agarum";9,333;28;9;"Foxe Basin 2";"15 m depth"
"380";"CAISN DFO";"Steensby Inlet T5";"Foxe Basin";15;"Alaria";0;0;9;"Foxe Basin 2";"15 m depth"
"381";"CAISN DFO";"Steensby Inlet T5";"Foxe Basin";15;"S.latissima";1,333;4;9;"Foxe Basin 2";"15 m depth"
"382";"CAISN DFO";"Steensby Inlet T5";"Foxe Basin";15;"Saccorhiza";0;0;9;"Foxe Basin 2";"15 m depth"
"383";"CAISN DFO";"Steensby Inlet T5";"Foxe Basin";15;"L.solidung";19,222;19,473;9;"Foxe Basin 2";"15 m depth"
"384";"CAISN DFO";"Steensby Inlet T5";"Foxe Basin";15;"L.digitata";0;0;9;"Foxe Basin 2";"15 m depth"
"385";"CAISN DFO";"Steensby Inlet T5";"Foxe Basin";15;"kelp.cover";29,889;26,436;9;"Foxe Basin 2";"15 m depth"
"386";"CAISN DFO";"Steensby Inlet T6";"Foxe Basin";5;"Agarum";0;0;4;"Foxe Basin 1";"5 m depth"
"387";"CAISN DFO";"Steensby Inlet T6";"Foxe Basin";5;"Alaria";0;0;4;"Foxe Basin 1";"5 m depth"
"388";"CAISN DFO";"Steensby Inlet T6";"Foxe Basin";5;"S.latissima";0;0;4;"Foxe Basin 1";"5 m depth"
"389";"CAISN DFO";"Steensby Inlet T6";"Foxe Basin";5;"Saccorhiza";0;0;4;"Foxe Basin 1";"5 m depth"
"390";"CAISN DFO";"Steensby Inlet T6";"Foxe Basin";5;"L.solidung";0;0;4;"Foxe Basin 1";"5 m depth"
"391";"CAISN DFO";"Steensby Inlet T6";"Foxe Basin";5;"L.digitata";0;0;4;"Foxe Basin 1";"5 m depth"
"392";"CAISN DFO";"Steensby Inlet T6";"Foxe Basin";5;"kelp.cover";0;0;4;"Foxe Basin 1";"5 m depth"
"393";"CAISN DFO";"Steensby Inlet T6";"Foxe Basin";10;"Agarum";0;0;3;"Foxe Basin 1";"10 m depth"
"394";"CAISN DFO";"Steensby Inlet T6";"Foxe Basin";10;"Alaria";0;0;3;"Foxe Basin 1";"10 m depth"
"395";"CAISN DFO";"Steensby Inlet T6";"Foxe Basin";10;"S.latissima";0;0;3;"Foxe Basin 1";"10 m depth"
"396";"CAISN DFO";"Steensby Inlet T6";"Foxe Basin";10;"Saccorhiza";0;0;3;"Foxe Basin 1";"10 m depth"
"397";"CAISN DFO";"Steensby Inlet T6";"Foxe Basin";10;"L.solidung";3,333;5,774;3;"Foxe Basin 1";"10 m depth"
"398";"CAISN DFO";"Steensby Inlet T6";"Foxe Basin";10;"L.digitata";0;0;3;"Foxe Basin 1";"10 m depth"
"399";"CAISN DFO";"Steensby Inlet T6";"Foxe Basin";10;"kelp.cover";3,333;5,774;3;"Foxe Basin 1";"10 m depth"
"400";"Pangnirtung NFA";"Pangnirtung 1";"Davis Strait";5;"Agarum";0;0;3;"Davis Strait 2";"5 m depth"
"401";"Pangnirtung NFA";"Pangnirtung 1";"Davis Strait";5;"Alaria";8,667;15,011;3;"Davis Strait 2";"5 m depth"
"402";"Pangnirtung NFA";"Pangnirtung 1";"Davis Strait";5;"S.latissima";83,333;28,868;3;"Davis Strait 2";"5 m depth"
"403";"Pangnirtung NFA";"Pangnirtung 1";"Davis Strait";5;"Saccorhiza";0;0;3;"Davis Strait 2";"5 m depth"
"404";"Pangnirtung NFA";"Pangnirtung 1";"Davis Strait";5;"L.solidung";0;0;3;"Davis Strait 2";"5 m depth"
"405";"Pangnirtung NFA";"Pangnirtung 1";"Davis Strait";5;"L.digitata";0;0;3;"Davis Strait 2";"5 m depth"
"406";"Pangnirtung NFA";"Pangnirtung 1";"Davis Strait";5;"kelp.cover";92;13,856;3;"Davis Strait 2";"5 m depth"
"407";"Pangnirtung NFA";"Pangnirtung 1";"Davis Strait";10;"Agarum";0;0;2;"Davis Strait 2";"10 m depth"
"408";"Pangnirtung NFA";"Pangnirtung 1";"Davis Strait";10;"Alaria";7,5;3,536;2;"Davis Strait 2";"10 m depth"
"409";"Pangnirtung NFA";"Pangnirtung 1";"Davis Strait";10;"S.latissima";85;7,071;2;"Davis Strait 2";"10 m depth"
"410";"Pangnirtung NFA";"Pangnirtung 1";"Davis Strait";10;"Saccorhiza";0;0;2;"Davis Strait 2";"10 m depth"
"411";"Pangnirtung NFA";"Pangnirtung 1";"Davis Strait";10;"L.solidung";0;0;2;"Davis Strait 2";"10 m depth"
"412";"Pangnirtung NFA";"Pangnirtung 1";"Davis Strait";10;"L.digitata";0;0;2;"Davis Strait 2";"10 m depth"
"413";"Pangnirtung NFA";"Pangnirtung 1";"Davis Strait";10;"kelp.cover";92,5;3,536;2;"Davis Strait 2";"10 m depth"
"414";"Pangnirtung NFA";"Pangnirtung 1";"Davis Strait";15;"Agarum";0;0;3;"Davis Strait 2";"15 m depth"
"415";"Pangnirtung NFA";"Pangnirtung 1";"Davis Strait";15;"Alaria";48,333;12,583;3;"Davis Strait 2";"15 m depth"
"416";"Pangnirtung NFA";"Pangnirtung 1";"Davis Strait";15;"S.latissima";51,667;12,583;3;"Davis Strait 2";"15 m depth"
"417";"Pangnirtung NFA";"Pangnirtung 1";"Davis Strait";15;"Saccorhiza";0;0;3;"Davis Strait 2";"15 m depth"
"418";"Pangnirtung NFA";"Pangnirtung 1";"Davis Strait";15;"L.solidung";0;0;3;"Davis Strait 2";"15 m depth"
"419";"Pangnirtung NFA";"Pangnirtung 1";"Davis Strait";15;"L.digitata";0;0;3;"Davis Strait 2";"15 m depth"
"420";"Pangnirtung NFA";"Pangnirtung 1";"Davis Strait";15;"kelp.cover";100;0;3;"Davis Strait 2";"15 m depth"
"421";"Pangnirtung NFA";"Pangnirtung 2";"Davis Strait";5;"Agarum";0;0;3;"Davis Strait 1";"5 m depth"
"422";"Pangnirtung NFA";"Pangnirtung 2";"Davis Strait";5;"Alaria";77,333;31,005;3;"Davis Strait 1";"5 m depth"
"423";"Pangnirtung NFA";"Pangnirtung 2";"Davis Strait";5;"S.latissima";0;0;3;"Davis Strait 1";"5 m depth"
"424";"Pangnirtung NFA";"Pangnirtung 2";"Davis Strait";5;"Saccorhiza";0;0;3;"Davis Strait 1";"5 m depth"
"425";"Pangnirtung NFA";"Pangnirtung 2";"Davis Strait";5;"L.solidung";0;0;3;"Davis Strait 1";"5 m depth"
"426";"Pangnirtung NFA";"Pangnirtung 2";"Davis Strait";5;"L.digitata";0;0;3;"Davis Strait 1";"5 m depth"
"427";"Pangnirtung NFA";"Pangnirtung 2";"Davis Strait";5;"kelp.cover";77,333;31,005;3;"Davis Strait 1";"5 m depth"
"428";"Pangnirtung NFA";"Pangnirtung 2";"Davis Strait";10;"Agarum";0;0;8;"Davis Strait 1";"10 m depth"
"429";"Pangnirtung NFA";"Pangnirtung 2";"Davis Strait";10;"Alaria";0;0;8;"Davis Strait 1";"10 m depth"
"430";"Pangnirtung NFA";"Pangnirtung 2";"Davis Strait";10;"S.latissima";100;0;8;"Davis Strait 1";"10 m depth"
"431";"Pangnirtung NFA";"Pangnirtung 2";"Davis Strait";10;"Saccorhiza";0;0;8;"Davis Strait 1";"10 m depth"
"432";"Pangnirtung NFA";"Pangnirtung 2";"Davis Strait";10;"L.solidung";0;0;8;"Davis Strait 1";"10 m depth"
"433";"Pangnirtung NFA";"Pangnirtung 2";"Davis Strait";10;"L.digitata";0;0;8;"Davis Strait 1";"10 m depth"
"434";"Pangnirtung NFA";"Pangnirtung 2";"Davis Strait";10;"kelp.cover";100;0;8;"Davis Strait 1";"10 m depth"
"435";"Pangnirtung NFA";"Pangnirtung 2";"Davis Strait";15;"Agarum";32,75;18,715;4;"Davis Strait 1";"15 m depth"
"436";"Pangnirtung NFA";"Pangnirtung 2";"Davis Strait";15;"Alaria";0;0;4;"Davis Strait 1";"15 m depth"
"437";"Pangnirtung NFA";"Pangnirtung 2";"Davis Strait";15;"S.latissima";27;11,605;4;"Davis Strait 1";"15 m depth"
"438";"Pangnirtung NFA";"Pangnirtung 2";"Davis Strait";15;"Saccorhiza";0;0;4;"Davis Strait 1";"15 m depth"
"439";"Pangnirtung NFA";"Pangnirtung 2";"Davis Strait";15;"L.solidung";0;0;4;"Davis Strait 1";"15 m depth"
"440";"Pangnirtung NFA";"Pangnirtung 2";"Davis Strait";15;"L.digitata";0;0;4;"Davis Strait 1";"15 m depth"
"441";"Pangnirtung NFA";"Pangnirtung 2";"Davis Strait";15;"kelp.cover";59,75;8,016;4;"Davis Strait 1";"15 m depth"
"442";"PICKeR";"Black Point";"North Baffin Island";5;"Agarum";38,625;28,274;8;"North Baffin Island 3";"5 m depth"
"443";"PICKeR";"Black Point";"North Baffin Island";5;"Alaria";11,75;16,263;8;"North Baffin Island 3";"5 m depth"
"444";"PICKeR";"Black Point";"North Baffin Island";5;"S.latissima";0;0;8;"North Baffin Island 3";"5 m depth"
"445";"PICKeR";"Black Point";"North Baffin Island";5;"Saccorhiza";0;0;8;"North Baffin Island 3";"5 m depth"
"446";"PICKeR";"Black Point";"North Baffin Island";5;"L.solidung";12,875;15,524;8;"North Baffin Island 3";"5 m depth"
"447";"PICKeR";"Black Point";"North Baffin Island";5;"L.digitata";0;0;8;"North Baffin Island 3";"5 m depth"
"448";"PICKeR";"Black Point";"North Baffin Island";5;"kelp.cover";63,25;24,967;8;"North Baffin Island 3";"5 m depth"
"449";"PICKeR";"Black Point";"North Baffin Island";10;"Agarum";32,143;32,256;7;"North Baffin Island 3";"10 m depth"
"450";"PICKeR";"Black Point";"North Baffin Island";10;"Alaria";0;0;7;"North Baffin Island 3";"10 m depth"
"451";"PICKeR";"Black Point";"North Baffin Island";10;"S.latissima";0;0;7;"North Baffin Island 3";"10 m depth"
"452";"PICKeR";"Black Point";"North Baffin Island";10;"Saccorhiza";0;0;7;"North Baffin Island 3";"10 m depth"
"453";"PICKeR";"Black Point";"North Baffin Island";10;"L.solidung";0;0;7;"North Baffin Island 3";"10 m depth"
"454";"PICKeR";"Black Point";"North Baffin Island";10;"L.digitata";0;0;7;"North Baffin Island 3";"10 m depth"
"455";"PICKeR";"Black Point";"North Baffin Island";10;"kelp.cover";32,143;32,256;7;"North Baffin Island 3";"10 m depth"
"456";"PICKeR";"Iceberg Point";"North Baffin Island";5;"Agarum";0;0;8;"North Baffin Island 5";"5 m depth"
"457";"PICKeR";"Iceberg Point";"North Baffin Island";5;"Alaria";0;0;8;"North Baffin Island 5";"5 m depth"
"458";"PICKeR";"Iceberg Point";"North Baffin Island";5;"S.latissima";0;0;8;"North Baffin Island 5";"5 m depth"
"459";"PICKeR";"Iceberg Point";"North Baffin Island";5;"Saccorhiza";0;0;8;"North Baffin Island 5";"5 m depth"
"460";"PICKeR";"Iceberg Point";"North Baffin Island";5;"L.solidung";0;0;8;"North Baffin Island 5";"5 m depth"
"461";"PICKeR";"Iceberg Point";"North Baffin Island";5;"L.digitata";0;0;8;"North Baffin Island 5";"5 m depth"
"462";"PICKeR";"Iceberg Point";"North Baffin Island";5;"kelp.cover";0;0;8;"North Baffin Island 5";"5 m depth"
"463";"PICKeR";"Iceberg Point";"North Baffin Island";10;"Agarum";22,5;27,775;8;"North Baffin Island 5";"10 m depth"
"464";"PICKeR";"Iceberg Point";"North Baffin Island";10;"Alaria";0;0;8;"North Baffin Island 5";"10 m depth"
"465";"PICKeR";"Iceberg Point";"North Baffin Island";10;"S.latissima";0;0;8;"North Baffin Island 5";"10 m depth"
"466";"PICKeR";"Iceberg Point";"North Baffin Island";10;"Saccorhiza";0;0;8;"North Baffin Island 5";"10 m depth"
"467";"PICKeR";"Iceberg Point";"North Baffin Island";10;"L.solidung";0;0;8;"North Baffin Island 5";"10 m depth"
"468";"PICKeR";"Iceberg Point";"North Baffin Island";10;"L.digitata";0;0;8;"North Baffin Island 5";"10 m depth"
"469";"PICKeR";"Iceberg Point";"North Baffin Island";10;"kelp.cover";22,5;27,775;8;"North Baffin Island 5";"10 m depth"
"470";"PICKeR";"Narwhal Cove";"North Baffin Island";5;"Agarum";68,75;27,742;8;"North Baffin Island 1";"5 m depth"
"471";"PICKeR";"Narwhal Cove";"North Baffin Island";5;"Alaria";0;0;8;"North Baffin Island 1";"5 m depth"
"472";"PICKeR";"Narwhal Cove";"North Baffin Island";5;"S.latissima";0;0;8;"North Baffin Island 1";"5 m depth"
"473";"PICKeR";"Narwhal Cove";"North Baffin Island";5;"Saccorhiza";0;0;8;"North Baffin Island 1";"5 m depth"
"474";"PICKeR";"Narwhal Cove";"North Baffin Island";5;"L.solidung";0;0;8;"North Baffin Island 1";"5 m depth"
"475";"PICKeR";"Narwhal Cove";"North Baffin Island";5;"L.digitata";0;0;8;"North Baffin Island 1";"5 m depth"
"476";"PICKeR";"Narwhal Cove";"North Baffin Island";5;"kelp.cover";68,75;27,742;8;"North Baffin Island 1";"5 m depth"
"477";"PICKeR";"Narwhal Cove";"North Baffin Island";10;"Agarum";64,286;23,528;7;"North Baffin Island 1";"10 m depth"
"478";"PICKeR";"Narwhal Cove";"North Baffin Island";10;"Alaria";0;0;7;"North Baffin Island 1";"10 m depth"
"479";"PICKeR";"Narwhal Cove";"North Baffin Island";10;"S.latissima";0;0;7;"North Baffin Island 1";"10 m depth"
"480";"PICKeR";"Narwhal Cove";"North Baffin Island";10;"Saccorhiza";0;0;7;"North Baffin Island 1";"10 m depth"
"481";"PICKeR";"Narwhal Cove";"North Baffin Island";10;"L.solidung";0;0;7;"North Baffin Island 1";"10 m depth"
"482";"PICKeR";"Narwhal Cove";"North Baffin Island";10;"L.digitata";0;0;7;"North Baffin Island 1";"10 m depth"
"483";"PICKeR";"Narwhal Cove";"North Baffin Island";10;"kelp.cover";64,286;23,528;7;"North Baffin Island 1";"10 m depth"
"484";"PICKeR";"Pooh Corner";"North Baffin Island";5;"Agarum";66,875;14,623;8;"North Baffin Island 6";"5 m depth"
"485";"PICKeR";"Pooh Corner";"North Baffin Island";5;"Alaria";0;0;8;"North Baffin Island 6";"5 m depth"
"486";"PICKeR";"Pooh Corner";"North Baffin Island";5;"S.latissima";0;0;8;"North Baffin Island 6";"5 m depth"
"487";"PICKeR";"Pooh Corner";"North Baffin Island";5;"Saccorhiza";0;0;8;"North Baffin Island 6";"5 m depth"
"488";"PICKeR";"Pooh Corner";"North Baffin Island";5;"L.solidung";0;0;8;"North Baffin Island 6";"5 m depth"
"489";"PICKeR";"Pooh Corner";"North Baffin Island";5;"L.digitata";0;0;8;"North Baffin Island 6";"5 m depth"
"490";"PICKeR";"Pooh Corner";"North Baffin Island";5;"kelp.cover";66,875;14,623;8;"North Baffin Island 6";"5 m depth"
"491";"PICKeR";"Pooh Corner";"North Baffin Island";10;"Agarum";31,429;33,004;7;"North Baffin Island 6";"10 m depth"
"492";"PICKeR";"Pooh Corner";"North Baffin Island";10;"Alaria";0;0;7;"North Baffin Island 6";"10 m depth"
"493";"PICKeR";"Pooh Corner";"North Baffin Island";10;"S.latissima";0;0;7;"North Baffin Island 6";"10 m depth"
"494";"PICKeR";"Pooh Corner";"North Baffin Island";10;"Saccorhiza";0;0;7;"North Baffin Island 6";"10 m depth"
"495";"PICKeR";"Pooh Corner";"North Baffin Island";10;"L.solidung";0;0;7;"North Baffin Island 6";"10 m depth"
"496";"PICKeR";"Pooh Corner";"North Baffin Island";10;"L.digitata";0;0;7;"North Baffin Island 6";"10 m depth"
"497";"PICKeR";"Pooh Corner";"North Baffin Island";10;"kelp.cover";31,429;33,004;7;"North Baffin Island 6";"10 m depth"
"498";"PICKeR";"Sheaties Cabin";"North Baffin Island";5;"Agarum";16,875;20,167;8;"North Baffin Island 4";"5 m depth"
"499";"PICKeR";"Sheaties Cabin";"North Baffin Island";5;"Alaria";0;0;8;"North Baffin Island 4";"5 m depth"
"500";"PICKeR";"Sheaties Cabin";"North Baffin Island";5;"S.latissima";0;0;8;"North Baffin Island 4";"5 m depth"
"501";"PICKeR";"Sheaties Cabin";"North Baffin Island";5;"Saccorhiza";0;0;8;"North Baffin Island 4";"5 m depth"
"502";"PICKeR";"Sheaties Cabin";"North Baffin Island";5;"L.solidung";0;0;8;"North Baffin Island 4";"5 m depth"
"503";"PICKeR";"Sheaties Cabin";"North Baffin Island";5;"L.digitata";0;0;8;"North Baffin Island 4";"5 m depth"
"504";"PICKeR";"Sheaties Cabin";"North Baffin Island";5;"kelp.cover";16,875;20,167;8;"North Baffin Island 4";"5 m depth"
"505";"PICKeR";"Sheaties Cabin";"North Baffin Island";10;"Agarum";36,875;23,443;8;"North Baffin Island 4";"10 m depth"
"506";"PICKeR";"Sheaties Cabin";"North Baffin Island";10;"Alaria";0;0;8;"North Baffin Island 4";"10 m depth"
"507";"PICKeR";"Sheaties Cabin";"North Baffin Island";10;"S.latissima";0;0;8;"North Baffin Island 4";"10 m depth"
"508";"PICKeR";"Sheaties Cabin";"North Baffin Island";10;"Saccorhiza";0;0;8;"North Baffin Island 4";"10 m depth"
"509";"PICKeR";"Sheaties Cabin";"North Baffin Island";10;"L.solidung";0;0;8;"North Baffin Island 4";"10 m depth"
"510";"PICKeR";"Sheaties Cabin";"North Baffin Island";10;"L.digitata";0;0;8;"North Baffin Island 4";"10 m depth"
"511";"PICKeR";"Sheaties Cabin";"North Baffin Island";10;"kelp.cover";36,875;23,443;8;"North Baffin Island 4";"10 m depth"
"512";"PICKeR";"Trevor's Cove";"North Baffin Island";5;"Agarum";15;10,128;8;"North Baffin Island 2";"5 m depth"
"513";"PICKeR";"Trevor's Cove";"North Baffin Island";5;"Alaria";4,75;6,985;8;"North Baffin Island 2";"5 m depth"
"514";"PICKeR";"Trevor's Cove";"North Baffin Island";5;"S.latissima";0;0;8;"North Baffin Island 2";"5 m depth"
"515";"PICKeR";"Trevor's Cove";"North Baffin Island";5;"Saccorhiza";0;0;8;"North Baffin Island 2";"5 m depth"
"516";"PICKeR";"Trevor's Cove";"North Baffin Island";5;"L.solidung";0;0;8;"North Baffin Island 2";"5 m depth"
"517";"PICKeR";"Trevor's Cove";"North Baffin Island";5;"L.digitata";0;0;8;"North Baffin Island 2";"5 m depth"
"518";"PICKeR";"Trevor's Cove";"North Baffin Island";5;"kelp.cover";19,75;9,736;8;"North Baffin Island 2";"5 m depth"
"519";"PICKeR";"Trevor's Cove";"North Baffin Island";10;"Agarum";35,625;28,086;8;"North Baffin Island 2";"10 m depth"
"520";"PICKeR";"Trevor's Cove";"North Baffin Island";10;"Alaria";0;0;8;"North Baffin Island 2";"10 m depth"
"521";"PICKeR";"Trevor's Cove";"North Baffin Island";10;"S.latissima";0;0;8;"North Baffin Island 2";"10 m depth"
"522";"PICKeR";"Trevor's Cove";"North Baffin Island";10;"Saccorhiza";0;0;8;"North Baffin Island 2";"10 m depth"
"523";"PICKeR";"Trevor's Cove";"North Baffin Island";10;"L.solidung";0,125;0,354;8;"North Baffin Island 2";"10 m depth"
"524";"PICKeR";"Trevor's Cove";"North Baffin Island";10;"L.digitata";0;0;8;"North Baffin Island 2";"10 m depth"
"525";"PICKeR";"Trevor's Cove";"North Baffin Island";10;"kelp.cover";35,75;28,212;8;"North Baffin Island 2";"10 m depth"
"526";"SIMEP";"Bear Island";"Hudson Strait";10;"Agarum";0;0;8;"Hudson Strait 1";"10 m depth"
"527";"SIMEP";"Bear Island";"Hudson Strait";10;"Alaria";0;0;8;"Hudson Strait 1";"10 m depth"
"528";"SIMEP";"Bear Island";"Hudson Strait";10;"S.latissima";17,5;29,155;8;"Hudson Strait 1";"10 m depth"
"529";"SIMEP";"Bear Island";"Hudson Strait";10;"Saccorhiza";0;0;8;"Hudson Strait 1";"10 m depth"
"530";"SIMEP";"Bear Island";"Hudson Strait";10;"L.solidung";0;0;8;"Hudson Strait 1";"10 m depth"
"531";"SIMEP";"Bear Island";"Hudson Strait";10;"L.digitata";0;0;8;"Hudson Strait 1";"10 m depth"
"532";"SIMEP";"Bear Island";"Hudson Strait";10;"kelp.cover";17,5;29,155;8;"Hudson Strait 1";"10 m depth"
"533";"SIMEP";"Bear Island";"Hudson Strait";15;"Agarum";3,125;5,303;8;"Hudson Strait 1";"15 m depth"
"534";"SIMEP";"Bear Island";"Hudson Strait";15;"Alaria";4,75;8,049;8;"Hudson Strait 1";"15 m depth"
"535";"SIMEP";"Bear Island";"Hudson Strait";15;"S.latissima";6,25;11,573;8;"Hudson Strait 1";"15 m depth"
"536";"SIMEP";"Bear Island";"Hudson Strait";15;"Saccorhiza";0;0;8;"Hudson Strait 1";"15 m depth"
"537";"SIMEP";"Bear Island";"Hudson Strait";15;"L.solidung";0;0;8;"Hudson Strait 1";"15 m depth"
"538";"SIMEP";"Bear Island";"Hudson Strait";15;"L.digitata";0;0;8;"Hudson Strait 1";"15 m depth"
"539";"SIMEP";"Bear Island";"Hudson Strait";15;"kelp.cover";14,125;13,695;8;"Hudson Strait 1";"15 m depth"
"540";"SIMEP";"East Bay";"Foxe Basin";10;"Agarum";0;0;8;"Foxe Basin 8";"10 m depth"
"541";"SIMEP";"East Bay";"Foxe Basin";10;"Alaria";0;0;8;"Foxe Basin 8";"10 m depth"
"542";"SIMEP";"East Bay";"Foxe Basin";10;"S.latissima";2,5;3,78;8;"Foxe Basin 8";"10 m depth"
"543";"SIMEP";"East Bay";"Foxe Basin";10;"Saccorhiza";0;0;8;"Foxe Basin 8";"10 m depth"
"544";"SIMEP";"East Bay";"Foxe Basin";10;"L.solidung";2,5;7,071;8;"Foxe Basin 8";"10 m depth"
"545";"SIMEP";"East Bay";"Foxe Basin";10;"L.digitata";0;0;8;"Foxe Basin 8";"10 m depth"
"546";"SIMEP";"East Bay";"Foxe Basin";10;"kelp.cover";5;7,071;8;"Foxe Basin 8";"10 m depth"
"547";"SIMEP";"East Bay";"Foxe Basin";15;"Agarum";0;0;8;"Foxe Basin 8";"15 m depth"
"548";"SIMEP";"East Bay";"Foxe Basin";15;"Alaria";1,875;5,303;8;"Foxe Basin 8";"15 m depth"
"549";"SIMEP";"East Bay";"Foxe Basin";15;"S.latissima";11,875;16,462;8;"Foxe Basin 8";"15 m depth"
"550";"SIMEP";"East Bay";"Foxe Basin";15;"Saccorhiza";2,5;7,071;8;"Foxe Basin 8";"15 m depth"
"551";"SIMEP";"East Bay";"Foxe Basin";15;"L.solidung";12,5;14,88;8;"Foxe Basin 8";"15 m depth"
"552";"SIMEP";"East Bay";"Foxe Basin";15;"L.digitata";0;0;8;"Foxe Basin 8";"15 m depth"
"553";"SIMEP";"East Bay";"Foxe Basin";15;"kelp.cover";26,25;17,678;8;"Foxe Basin 8";"15 m depth"
"554";"SIMEP";"Station 10";"Roes Welcome Sound";10;"Agarum";0;0;8;"Roes Welcome Sound 3";"10 m depth"
"555";"SIMEP";"Station 10";"Roes Welcome Sound";10;"Alaria";0;0;8;"Roes Welcome Sound 3";"10 m depth"
"556";"SIMEP";"Station 10";"Roes Welcome Sound";10;"S.latissima";13,75;11,26;8;"Roes Welcome Sound 3";"10 m depth"
"557";"SIMEP";"Station 10";"Roes Welcome Sound";10;"Saccorhiza";3,25;5,874;8;"Roes Welcome Sound 3";"10 m depth"
"558";"SIMEP";"Station 10";"Roes Welcome Sound";10;"L.solidung";0;0;8;"Roes Welcome Sound 3";"10 m depth"
"559";"SIMEP";"Station 10";"Roes Welcome Sound";10;"L.digitata";0;0;8;"Roes Welcome Sound 3";"10 m depth"
"560";"SIMEP";"Station 10";"Roes Welcome Sound";10;"kelp.cover";13,75;11,26;8;"Roes Welcome Sound 3";"10 m depth"
"561";"SIMEP";"Station 10";"Roes Welcome Sound";15;"Agarum";0;0;8;"Roes Welcome Sound 3";"15 m depth"
"562";"SIMEP";"Station 10";"Roes Welcome Sound";15;"Alaria";0;0;8;"Roes Welcome Sound 3";"15 m depth"
"563";"SIMEP";"Station 10";"Roes Welcome Sound";15;"S.latissima";51,875;32,943;8;"Roes Welcome Sound 3";"15 m depth"
"564";"SIMEP";"Station 10";"Roes Welcome Sound";15;"Saccorhiza";0;0;8;"Roes Welcome Sound 3";"15 m depth"
"565";"SIMEP";"Station 10";"Roes Welcome Sound";15;"L.solidung";1,25;3,536;8;"Roes Welcome Sound 3";"15 m depth"
"566";"SIMEP";"Station 10";"Roes Welcome Sound";15;"L.digitata";0;0;8;"Roes Welcome Sound 3";"15 m depth"
"567";"SIMEP";"Station 10";"Roes Welcome Sound";15;"kelp.cover";53,125;31,728;8;"Roes Welcome Sound 3";"15 m depth"
"568";"SIMEP";"Station 12";"Roes Welcome Sound";10;"Agarum";0;0;8;"Roes Welcome Sound 2";"10 m depth"
"569";"SIMEP";"Station 12";"Roes Welcome Sound";10;"Alaria";20;11,65;8;"Roes Welcome Sound 2";"10 m depth"
"570";"SIMEP";"Station 12";"Roes Welcome Sound";10;"S.latissima";10;13,363;8;"Roes Welcome Sound 2";"10 m depth"
"571";"SIMEP";"Station 12";"Roes Welcome Sound";10;"Saccorhiza";14,375;14,252;8;"Roes Welcome Sound 2";"10 m depth"
"572";"SIMEP";"Station 12";"Roes Welcome Sound";10;"L.solidung";0;0;8;"Roes Welcome Sound 2";"10 m depth"
"573";"SIMEP";"Station 12";"Roes Welcome Sound";10;"L.digitata";0;0;8;"Roes Welcome Sound 2";"10 m depth"
"574";"SIMEP";"Station 12";"Roes Welcome Sound";10;"kelp.cover";30;19,272;8;"Roes Welcome Sound 2";"10 m depth"
"575";"SIMEP";"Station 12";"Roes Welcome Sound";15;"Agarum";0;0;4;"Roes Welcome Sound 2";"15 m depth"
"576";"SIMEP";"Station 12";"Roes Welcome Sound";15;"Alaria";35;7,071;4;"Roes Welcome Sound 2";"15 m depth"
"577";"SIMEP";"Station 12";"Roes Welcome Sound";15;"S.latissima";38,75;8,539;4;"Roes Welcome Sound 2";"15 m depth"
"578";"SIMEP";"Station 12";"Roes Welcome Sound";15;"Saccorhiza";0;0;4;"Roes Welcome Sound 2";"15 m depth"
"579";"SIMEP";"Station 12";"Roes Welcome Sound";15;"L.solidung";12,5;16,583;4;"Roes Welcome Sound 2";"15 m depth"
"580";"SIMEP";"Station 12";"Roes Welcome Sound";15;"L.digitata";0;0;4;"Roes Welcome Sound 2";"15 m depth"
"581";"SIMEP";"Station 12";"Roes Welcome Sound";15;"kelp.cover";86,25;14,93;4;"Roes Welcome Sound 2";"15 m depth"
"582";"SIMEP";"Station 13";"Roes Welcome Sound";10;"Agarum";1,25;3,536;8;"Roes Welcome Sound 1";"10 m depth"
"583";"SIMEP";"Station 13";"Roes Welcome Sound";10;"Alaria";4,375;10,501;8;"Roes Welcome Sound 1";"10 m depth"
"584";"SIMEP";"Station 13";"Roes Welcome Sound";10;"S.latissima";48,125;29,269;8;"Roes Welcome Sound 1";"10 m depth"
"585";"SIMEP";"Station 13";"Roes Welcome Sound";10;"Saccorhiza";0;0;8;"Roes Welcome Sound 1";"10 m depth"
"586";"SIMEP";"Station 13";"Roes Welcome Sound";10;"L.solidung";6,875;17,513;8;"Roes Welcome Sound 1";"10 m depth"
"587";"SIMEP";"Station 13";"Roes Welcome Sound";10;"L.digitata";0;0;8;"Roes Welcome Sound 1";"10 m depth"
"588";"SIMEP";"Station 13";"Roes Welcome Sound";10;"kelp.cover";60,625;27,05;8;"Roes Welcome Sound 1";"10 m depth"
"589";"SIMEP";"Station 13";"Roes Welcome Sound";15;"Agarum";0;0;8;"Roes Welcome Sound 1";"15 m depth"
"590";"SIMEP";"Station 13";"Roes Welcome Sound";15;"Alaria";0,625;1,768;8;"Roes Welcome Sound 1";"15 m depth"
"591";"SIMEP";"Station 13";"Roes Welcome Sound";15;"S.latissima";24,375;29,573;8;"Roes Welcome Sound 1";"15 m depth"
"592";"SIMEP";"Station 13";"Roes Welcome Sound";15;"Saccorhiza";0;0;8;"Roes Welcome Sound 1";"15 m depth"
"593";"SIMEP";"Station 13";"Roes Welcome Sound";15;"L.solidung";0;0;8;"Roes Welcome Sound 1";"15 m depth"
"594";"SIMEP";"Station 13";"Roes Welcome Sound";15;"L.digitata";0;0;8;"Roes Welcome Sound 1";"15 m depth"
"595";"SIMEP";"Station 13";"Roes Welcome Sound";15;"kelp.cover";25;29,155;8;"Roes Welcome Sound 1";"15 m depth"
"596";"SIMEP";"Station 14";"Foxe Basin";10;"Agarum";0;0;4;"Foxe Basin 6";"10 m depth"
"597";"SIMEP";"Station 14";"Foxe Basin";10;"Alaria";22,5;17,078;4;"Foxe Basin 6";"10 m depth"
"598";"SIMEP";"Station 14";"Foxe Basin";10;"S.latissima";5;10;4;"Foxe Basin 6";"10 m depth"
"599";"SIMEP";"Station 14";"Foxe Basin";10;"Saccorhiza";0;0;4;"Foxe Basin 6";"10 m depth"
"600";"SIMEP";"Station 14";"Foxe Basin";10;"L.solidung";40;27,386;4;"Foxe Basin 6";"10 m depth"
"601";"SIMEP";"Station 14";"Foxe Basin";10;"L.digitata";0;0;4;"Foxe Basin 6";"10 m depth"
"602";"SIMEP";"Station 14";"Foxe Basin";10;"kelp.cover";67,5;24,664;4;"Foxe Basin 6";"10 m depth"
"603";"SIMEP";"Station 14";"Foxe Basin";15;"Agarum";0;0;4;"Foxe Basin 6";"15 m depth"
"604";"SIMEP";"Station 14";"Foxe Basin";15;"Alaria";8,75;11,815;4;"Foxe Basin 6";"15 m depth"
"605";"SIMEP";"Station 14";"Foxe Basin";15;"S.latissima";22,5;18,484;4;"Foxe Basin 6";"15 m depth"
"606";"SIMEP";"Station 14";"Foxe Basin";15;"Saccorhiza";0;0;4;"Foxe Basin 6";"15 m depth"
"607";"SIMEP";"Station 14";"Foxe Basin";15;"L.solidung";51,25;27,801;4;"Foxe Basin 6";"15 m depth"
"608";"SIMEP";"Station 14";"Foxe Basin";15;"L.digitata";0;0;4;"Foxe Basin 6";"15 m depth"
"609";"SIMEP";"Station 14";"Foxe Basin";15;"kelp.cover";82,5;35,237;4;"Foxe Basin 6";"15 m depth"
"610";"SIMEP";"Station 17";"Foxe Basin";10;"Agarum";17,143;16,293;7;"Foxe Basin 7";"10 m depth"
"611";"SIMEP";"Station 17";"Foxe Basin";10;"Alaria";27,857;17,043;7;"Foxe Basin 7";"10 m depth"
"612";"SIMEP";"Station 17";"Foxe Basin";10;"S.latissima";6,429;6,268;7;"Foxe Basin 7";"10 m depth"
"613";"SIMEP";"Station 17";"Foxe Basin";10;"Saccorhiza";0;0;7;"Foxe Basin 7";"10 m depth"
"614";"SIMEP";"Station 17";"Foxe Basin";10;"L.solidung";18,571;22,493;7;"Foxe Basin 7";"10 m depth"
"615";"SIMEP";"Station 17";"Foxe Basin";10;"L.digitata";0;0;7;"Foxe Basin 7";"10 m depth"
"616";"SIMEP";"Station 17";"Foxe Basin";10;"kelp.cover";70;18,484;7;"Foxe Basin 7";"10 m depth"
"617";"SIMEP";"Station 17";"Foxe Basin";15;"Agarum";9,375;26,517;8;"Foxe Basin 7";"15 m depth"
"618";"SIMEP";"Station 17";"Foxe Basin";15;"Alaria";11,875;17,308;8;"Foxe Basin 7";"15 m depth"
"619";"SIMEP";"Station 17";"Foxe Basin";15;"S.latissima";34,375;20,255;8;"Foxe Basin 7";"15 m depth"
"620";"SIMEP";"Station 17";"Foxe Basin";15;"Saccorhiza";0;0;8;"Foxe Basin 7";"15 m depth"
"621";"SIMEP";"Station 17";"Foxe Basin";15;"L.solidung";10;17,728;8;"Foxe Basin 7";"15 m depth"
"622";"SIMEP";"Station 17";"Foxe Basin";15;"L.digitata";0;0;8;"Foxe Basin 7";"15 m depth"
"623";"SIMEP";"Station 17";"Foxe Basin";15;"kelp.cover";65,625;22,43;8;"Foxe Basin 7";"15 m depth"
"624";"SIMEP";"Station 20";"Hudson Strait";10;"Agarum";31,25;18,851;8;"Hudson Strait 2";"10 m depth"
"625";"SIMEP";"Station 20";"Hudson Strait";10;"Alaria";3,125;7,039;8;"Hudson Strait 2";"10 m depth"
"626";"SIMEP";"Station 20";"Hudson Strait";10;"S.latissima";2,5;7,071;8;"Hudson Strait 2";"10 m depth"
"627";"SIMEP";"Station 20";"Hudson Strait";10;"Saccorhiza";0;0;8;"Hudson Strait 2";"10 m depth"
"628";"SIMEP";"Station 20";"Hudson Strait";10;"L.solidung";34,375;12,66;8;"Hudson Strait 2";"10 m depth"
"629";"SIMEP";"Station 20";"Hudson Strait";10;"L.digitata";0;0;8;"Hudson Strait 2";"10 m depth"
"630";"SIMEP";"Station 20";"Hudson Strait";10;"kelp.cover";71,25;12,174;8;"Hudson Strait 2";"10 m depth"
"631";"SIMEP";"Station 20";"Hudson Strait";15;"Agarum";0;0;8;"Hudson Strait 2";"15 m depth"
"632";"SIMEP";"Station 20";"Hudson Strait";15;"Alaria";5;5,976;8;"Hudson Strait 2";"15 m depth"
"633";"SIMEP";"Station 20";"Hudson Strait";15;"S.latissima";0;0;8;"Hudson Strait 2";"15 m depth"
"634";"SIMEP";"Station 20";"Hudson Strait";15;"Saccorhiza";6,875;14,377;8;"Hudson Strait 2";"15 m depth"
"635";"SIMEP";"Station 20";"Hudson Strait";15;"L.solidung";0;0;8;"Hudson Strait 2";"15 m depth"
"636";"SIMEP";"Station 20";"Hudson Strait";15;"L.digitata";2,5;7,071;8;"Hudson Strait 2";"15 m depth"
"637";"SIMEP";"Station 20";"Hudson Strait";15;"kelp.cover";7,5;10,69;8;"Hudson Strait 2";"15 m depth"
"638";"SIMEP";"Station 21";"Hudson Strait";10;"Agarum";15;11,65;8;"Hudson Strait 4";"10 m depth"
"639";"SIMEP";"Station 21";"Hudson Strait";10;"Alaria";16,25;15,059;8;"Hudson Strait 4";"10 m depth"
"640";"SIMEP";"Station 21";"Hudson Strait";10;"S.latissima";13,75;11,877;8;"Hudson Strait 4";"10 m depth"
"641";"SIMEP";"Station 21";"Hudson Strait";10;"Saccorhiza";0;0;8;"Hudson Strait 4";"10 m depth"
"642";"SIMEP";"Station 21";"Hudson Strait";10;"L.solidung";18,75;17,269;8;"Hudson Strait 4";"10 m depth"
"643";"SIMEP";"Station 21";"Hudson Strait";10;"L.digitata";3,75;5,175;8;"Hudson Strait 4";"10 m depth"
"644";"SIMEP";"Station 21";"Hudson Strait";10;"kelp.cover";67,5;25,635;8;"Hudson Strait 4";"10 m depth"
"645";"SIMEP";"Station 21";"Hudson Strait";15;"Agarum";24,375;21,948;8;"Hudson Strait 4";"15 m depth"
"646";"SIMEP";"Station 21";"Hudson Strait";15;"Alaria";12,5;14,88;8;"Hudson Strait 4";"15 m depth"
"647";"SIMEP";"Station 21";"Hudson Strait";15;"S.latissima";5;9,258;8;"Hudson Strait 4";"15 m depth"
"648";"SIMEP";"Station 21";"Hudson Strait";15;"Saccorhiza";0;0;8;"Hudson Strait 4";"15 m depth"
"649";"SIMEP";"Station 21";"Hudson Strait";15;"L.solidung";15;15,119;8;"Hudson Strait 4";"15 m depth"
"650";"SIMEP";"Station 21";"Hudson Strait";15;"L.digitata";0;0;8;"Hudson Strait 4";"15 m depth"
"651";"SIMEP";"Station 21";"Hudson Strait";15;"kelp.cover";56,875;30,348;8;"Hudson Strait 4";"15 m depth"
"652";"SIMEP";"Station 22";"Hudson Strait";10;"Agarum";1,25;3,536;8;"Hudson Strait 6";"10 m depth"
"653";"SIMEP";"Station 22";"Hudson Strait";10;"Alaria";5;12,247;8;"Hudson Strait 6";"10 m depth"
"654";"SIMEP";"Station 22";"Hudson Strait";10;"S.latissima";6,875;9,613;8;"Hudson Strait 6";"10 m depth"
"655";"SIMEP";"Station 22";"Hudson Strait";10;"Saccorhiza";1,25;3,536;8;"Hudson Strait 6";"10 m depth"
"656";"SIMEP";"Station 22";"Hudson Strait";10;"L.solidung";0;0;8;"Hudson Strait 6";"10 m depth"
"657";"SIMEP";"Station 22";"Hudson Strait";10;"L.digitata";5;14,142;8;"Hudson Strait 6";"10 m depth"
"658";"SIMEP";"Station 22";"Hudson Strait";10;"kelp.cover";18,125;28,276;8;"Hudson Strait 6";"10 m depth"
"659";"SIMEP";"Station 22";"Hudson Strait";15;"Agarum";13,889;28,038;9;"Hudson Strait 6";"15 m depth"
"660";"SIMEP";"Station 22";"Hudson Strait";15;"Alaria";22,778;15,833;9;"Hudson Strait 6";"15 m depth"
"661";"SIMEP";"Station 22";"Hudson Strait";15;"S.latissima";2,778;5,069;9;"Hudson Strait 6";"15 m depth"
"662";"SIMEP";"Station 22";"Hudson Strait";15;"Saccorhiza";0;0;9;"Hudson Strait 6";"15 m depth"
"663";"SIMEP";"Station 22";"Hudson Strait";15;"L.solidung";0;0;9;"Hudson Strait 6";"15 m depth"
"664";"SIMEP";"Station 22";"Hudson Strait";15;"L.digitata";4,444;13,333;9;"Hudson Strait 6";"15 m depth"
"665";"SIMEP";"Station 22";"Hudson Strait";15;"kelp.cover";43,889;27,588;9;"Hudson Strait 6";"15 m depth"
"666";"SIMEP";"Station 25";"Hudson Strait";10;"Agarum";3,125;8,839;8;"Hudson Strait 5";"10 m depth"
"667";"SIMEP";"Station 25";"Hudson Strait";10;"Alaria";1,875;5,303;8;"Hudson Strait 5";"10 m depth"
"668";"SIMEP";"Station 25";"Hudson Strait";10;"S.latissima";23,125;22,51;8;"Hudson Strait 5";"10 m depth"
"669";"SIMEP";"Station 25";"Hudson Strait";10;"Saccorhiza";0;0;8;"Hudson Strait 5";"10 m depth"
"670";"SIMEP";"Station 25";"Hudson Strait";10;"L.solidung";5;14,142;8;"Hudson Strait 5";"10 m depth"
"671";"SIMEP";"Station 25";"Hudson Strait";10;"L.digitata";5;14,142;8;"Hudson Strait 5";"10 m depth"
"672";"SIMEP";"Station 25";"Hudson Strait";10;"kelp.cover";38,125;28,653;8;"Hudson Strait 5";"10 m depth"
"673";"SIMEP";"Station 25";"Hudson Strait";15;"Agarum";4,286;11,339;7;"Hudson Strait 5";"15 m depth"
"674";"SIMEP";"Station 25";"Hudson Strait";15;"Alaria";2,857;7,559;7;"Hudson Strait 5";"15 m depth"
"675";"SIMEP";"Station 25";"Hudson Strait";15;"S.latissima";17,143;16,036;7;"Hudson Strait 5";"15 m depth"
"676";"SIMEP";"Station 25";"Hudson Strait";15;"Saccorhiza";0;0;7;"Hudson Strait 5";"15 m depth"
"677";"SIMEP";"Station 25";"Hudson Strait";15;"L.solidung";14,286;18,127;7;"Hudson Strait 5";"15 m depth"
"678";"SIMEP";"Station 25";"Hudson Strait";15;"L.digitata";0;0;7;"Hudson Strait 5";"15 m depth"
"679";"SIMEP";"Station 25";"Hudson Strait";15;"kelp.cover";38,571;44,881;7;"Hudson Strait 5";"15 m depth"
"680";"SIMEP";"Station 3";"Hudson Strait";15;"Agarum";21,25;26,559;8;"Hudson Strait 3";"15 m depth"
"681";"SIMEP";"Station 3";"Hudson Strait";15;"Alaria";5;4,629;8;"Hudson Strait 3";"15 m depth"
"682";"SIMEP";"Station 3";"Hudson Strait";15;"S.latissima";26,25;9,543;8;"Hudson Strait 3";"15 m depth"
"683";"SIMEP";"Station 3";"Hudson Strait";15;"Saccorhiza";0;0;8;"Hudson Strait 3";"15 m depth"
"684";"SIMEP";"Station 3";"Hudson Strait";15;"L.solidung";0;0;8;"Hudson Strait 3";"15 m depth"
"685";"SIMEP";"Station 3";"Hudson Strait";15;"L.digitata";0;0;8;"Hudson Strait 3";"15 m depth"
"686";"SIMEP";"Station 3";"Hudson Strait";15;"kelp.cover";52,5;25,213;8;"Hudson Strait 3";"15 m depth"
"687";"SIMEP";"Station 6";"Roes Welcome Sound";10;"Agarum";1,25;3,536;8;"Roes Welcome Sound 5";"10 m depth"
"688";"SIMEP";"Station 6";"Roes Welcome Sound";10;"Alaria";1,875;5,303;8;"Roes Welcome Sound 5";"10 m depth"
"689";"SIMEP";"Station 6";"Roes Welcome Sound";10;"S.latissima";26,875;26,984;8;"Roes Welcome Sound 5";"10 m depth"
"690";"SIMEP";"Station 6";"Roes Welcome Sound";10;"Saccorhiza";0;0;8;"Roes Welcome Sound 5";"10 m depth"
"691";"SIMEP";"Station 6";"Roes Welcome Sound";10;"L.solidung";0;0;8;"Roes Welcome Sound 5";"10 m depth"
"692";"SIMEP";"Station 6";"Roes Welcome Sound";10;"L.digitata";0;0;8;"Roes Welcome Sound 5";"10 m depth"
"693";"SIMEP";"Station 6";"Roes Welcome Sound";10;"kelp.cover";30;27,775;8;"Roes Welcome Sound 5";"10 m depth"
"694";"SIMEP";"Station 6";"Roes Welcome Sound";15;"Agarum";3,75;4,787;4;"Roes Welcome Sound 5";"15 m depth"
"695";"SIMEP";"Station 6";"Roes Welcome Sound";15;"Alaria";12,5;13,229;4;"Roes Welcome Sound 5";"15 m depth"
"696";"SIMEP";"Station 6";"Roes Welcome Sound";15;"S.latissima";52,5;9,574;4;"Roes Welcome Sound 5";"15 m depth"
"697";"SIMEP";"Station 6";"Roes Welcome Sound";15;"Saccorhiza";0;0;4;"Roes Welcome Sound 5";"15 m depth"
"698";"SIMEP";"Station 6";"Roes Welcome Sound";15;"L.solidung";0;0;4;"Roes Welcome Sound 5";"15 m depth"
"699";"SIMEP";"Station 6";"Roes Welcome Sound";15;"L.digitata";0;0;4;"Roes Welcome Sound 5";"15 m depth"
"700";"SIMEP";"Station 6";"Roes Welcome Sound";15;"kelp.cover";68,75;17,97;4;"Roes Welcome Sound 5";"15 m depth"
"701";"SIMEP";"Station 8";"Roes Welcome Sound";10;"Agarum";0;0;8;"Roes Welcome Sound 4";"10 m depth"
"702";"SIMEP";"Station 8";"Roes Welcome Sound";10;"Alaria";6,875;8,425;8;"Roes Welcome Sound 4";"10 m depth"
"703";"SIMEP";"Station 8";"Roes Welcome Sound";10;"S.latissima";42,5;16,903;8;"Roes Welcome Sound 4";"10 m depth"
"704";"SIMEP";"Station 8";"Roes Welcome Sound";10;"Saccorhiza";0;0;8;"Roes Welcome Sound 4";"10 m depth"
"705";"SIMEP";"Station 8";"Roes Welcome Sound";10;"L.solidung";0;0;8;"Roes Welcome Sound 4";"10 m depth"
"706";"SIMEP";"Station 8";"Roes Welcome Sound";10;"L.digitata";0;0;8;"Roes Welcome Sound 4";"10 m depth"
"707";"SIMEP";"Station 8";"Roes Welcome Sound";10;"kelp.cover";49,375;17,614;8;"Roes Welcome Sound 4";"10 m depth"
"708";"SIMEP";"Station 8";"Roes Welcome Sound";15;"Agarum";23,333;19,664;6;"Roes Welcome Sound 4";"15 m depth"
"709";"SIMEP";"Station 8";"Roes Welcome Sound";15;"Alaria";0;0;6;"Roes Welcome Sound 4";"15 m depth"
"710";"SIMEP";"Station 8";"Roes Welcome Sound";15;"S.latissima";30,833;13,197;6;"Roes Welcome Sound 4";"15 m depth"
"711";"SIMEP";"Station 8";"Roes Welcome Sound";15;"Saccorhiza";0;0;6;"Roes Welcome Sound 4";"15 m depth"
"712";"SIMEP";"Station 8";"Roes Welcome Sound";15;"L.solidung";0;0;6;"Roes Welcome Sound 4";"15 m depth"
"713";"SIMEP";"Station 8";"Roes Welcome Sound";15;"L.digitata";0;0;6;"Roes Welcome Sound 4";"15 m depth"
"714";"SIMEP";"Station 8";"Roes Welcome Sound";15;"kelp.cover";54,167;20,351;6;"Roes Welcome Sound 4";"15 m depth"
"715";"Vagabond";"Grise fiord";"Ellesmere";10;"Agarum";17,5;35;4;"Ellesmere 4";"10 m depth"
"716";"Vagabond";"Grise fiord";"Ellesmere";10;"Alaria";0;0;4;"Ellesmere 4";"10 m depth"
"717";"Vagabond";"Grise fiord";"Ellesmere";10;"S.latissima";0;0;4;"Ellesmere 4";"10 m depth"
"718";"Vagabond";"Grise fiord";"Ellesmere";10;"Saccorhiza";0;0;4;"Ellesmere 4";"10 m depth"
"719";"Vagabond";"Grise fiord";"Ellesmere";10;"L.solidung";0;0;4;"Ellesmere 4";"10 m depth"
"720";"Vagabond";"Grise fiord";"Ellesmere";10;"L.digitata";0;0;4;"Ellesmere 4";"10 m depth"
"721";"Vagabond";"Grise fiord";"Ellesmere";10;"kelp.cover";17,5;35;4;"Ellesmere 4";"10 m depth"
"722";"Vagabond";"Harbour fiord";"Ellesmere";10;"Agarum";2,143;3,934;7;"Ellesmere 2";"10 m depth"
"723";"Vagabond";"Harbour fiord";"Ellesmere";10;"Alaria";0;0;7;"Ellesmere 2";"10 m depth"
"724";"Vagabond";"Harbour fiord";"Ellesmere";10;"S.latissima";0;0;7;"Ellesmere 2";"10 m depth"
"725";"Vagabond";"Harbour fiord";"Ellesmere";10;"Saccorhiza";0;0;7;"Ellesmere 2";"10 m depth"
"726";"Vagabond";"Harbour fiord";"Ellesmere";10;"L.solidung";0;0;7;"Ellesmere 2";"10 m depth"
"727";"Vagabond";"Harbour fiord";"Ellesmere";10;"L.digitata";0;0;7;"Ellesmere 2";"10 m depth"
"728";"Vagabond";"Harbour fiord";"Ellesmere";10;"kelp.cover";2,143;3,934;7;"Ellesmere 2";"10 m depth"
"729";"Vagabond";"Starnes Fiord";"Ellesmere";10;"Agarum";7,5;9,574;4;"Ellesmere 1";"10 m depth"
"730";"Vagabond";"Starnes Fiord";"Ellesmere";10;"Alaria";0;0;4;"Ellesmere 1";"10 m depth"
"731";"Vagabond";"Starnes Fiord";"Ellesmere";10;"S.latissima";0;0;4;"Ellesmere 1";"10 m depth"
"732";"Vagabond";"Starnes Fiord";"Ellesmere";10;"Saccorhiza";0;0;4;"Ellesmere 1";"10 m depth"
"733";"Vagabond";"Starnes Fiord";"Ellesmere";10;"L.solidung";0;0;4;"Ellesmere 1";"10 m depth"
"734";"Vagabond";"Starnes Fiord";"Ellesmere";10;"L.digitata";0;0;4;"Ellesmere 1";"10 m depth"
"735";"Vagabond";"Starnes Fiord";"Ellesmere";10;"kelp.cover";7,5;9,574;4;"Ellesmere 1";"10 m depth"
"736";"Vagabond";"Vaga20.23a";"Ellesmere";10;"Agarum";3,2;8,804;10;"Ellesmere 3";"10 m depth"
"737";"Vagabond";"Vaga20.23a";"Ellesmere";10;"Alaria";0;0;10;"Ellesmere 3";"10 m depth"
"738";"Vagabond";"Vaga20.23a";"Ellesmere";10;"S.latissima";0;0;10;"Ellesmere 3";"10 m depth"
"739";"Vagabond";"Vaga20.23a";"Ellesmere";10;"Saccorhiza";0;0;10;"Ellesmere 3";"10 m depth"
"740";"Vagabond";"Vaga20.23a";"Ellesmere";10;"L.solidung";0;0;10;"Ellesmere 3";"10 m depth"
"741";"Vagabond";"Vaga20.23a";"Ellesmere";10;"L.digitata";0;0;10;"Ellesmere 3";"10 m depth"
"742";"Vagabond";"Vaga20.23a";"Ellesmere";10;"kelp.cover";3,2;8,804;10;"Ellesmere 3";"10 m depth"
