"";"X";"Campaign";"site";"Region";"depth";"family";"mean_cover";"sd_cover";"count";"fDepth";"Site"
"1";1;"Arctic Amazing Race";"Duck Island";"Davis Strait";5;"Alga.Roja.fol";0;0;8;"5 m depth";"Davis Strait 8"
"2";2;"Arctic Amazing Race";"Duck Island";"Davis Strait";5;"Desmarestia";0;0;8;"5 m depth";"Davis Strait 8"
"3";3;"Arctic Amazing Race";"Duck Island";"Davis Strait";5;"Filamentous";0;0;8;"5 m depth";"Davis Strait 8"
"4";4;"Arctic Amazing Race";"Duck Island";"Davis Strait";5;"Fucus";0;0;8;"5 m depth";"Davis Strait 8"
"5";5;"Arctic Amazing Race";"Duck Island";"Davis Strait";5;"Green";0;0;8;"5 m depth";"Davis Strait 8"
"6";6;"Arctic Amazing Race";"Duck Island";"Davis Strait";5;"Red.algae.fleshy";0;0;8;"5 m depth";"Davis Strait 8"
"7";7;"Arctic Amazing Race";"Duck Island";"Davis Strait";5;"Saccorhiza";0;0;8;"5 m depth";"Davis Strait 8"
"8";8;"Arctic Amazing Race";"Duck Island";"Davis Strait";10;"Alga.Roja.fol";5;12,604;8;"10 m depth";"Davis Strait 8"
"9";9;"Arctic Amazing Race";"Duck Island";"Davis Strait";10;"Desmarestia";0;0;8;"10 m depth";"Davis Strait 8"
"10";10;"Arctic Amazing Race";"Duck Island";"Davis Strait";10;"Filamentous";5;12,604;8;"10 m depth";"Davis Strait 8"
"11";11;"Arctic Amazing Race";"Duck Island";"Davis Strait";10;"Fucus";0;0;8;"10 m depth";"Davis Strait 8"
"12";12;"Arctic Amazing Race";"Duck Island";"Davis Strait";10;"Green";0;0;8;"10 m depth";"Davis Strait 8"
"13";13;"Arctic Amazing Race";"Duck Island";"Davis Strait";10;"Red.algae.fleshy";3,5;9,899;8;"10 m depth";"Davis Strait 8"
"14";14;"Arctic Amazing Race";"Duck Island";"Davis Strait";10;"Saccorhiza";0;0;8;"10 m depth";"Davis Strait 8"
"15";15;"Arctic Amazing Race";"Duck Island";"Davis Strait";15;"Alga.Roja.fol";0;0;8;"15 m depth";"Davis Strait 8"
"16";16;"Arctic Amazing Race";"Duck Island";"Davis Strait";15;"Desmarestia";0;0;8;"15 m depth";"Davis Strait 8"
"17";17;"Arctic Amazing Race";"Duck Island";"Davis Strait";15;"Filamentous";0;0;8;"15 m depth";"Davis Strait 8"
"18";18;"Arctic Amazing Race";"Duck Island";"Davis Strait";15;"Fucus";0;0;8;"15 m depth";"Davis Strait 8"
"19";19;"Arctic Amazing Race";"Duck Island";"Davis Strait";15;"Green";0;0;8;"15 m depth";"Davis Strait 8"
"20";20;"Arctic Amazing Race";"Duck Island";"Davis Strait";15;"Red.algae.fleshy";0;0;8;"15 m depth";"Davis Strait 8"
"21";21;"Arctic Amazing Race";"Duck Island";"Davis Strait";15;"Saccorhiza";0;0;8;"15 m depth";"Davis Strait 8"
"22";22;"Arctic Amazing Race";"Durban Harbour";"Baffin Bay";5;"Alga.Roja.fol";0;0;10;"5 m depth";"Baffin Bay 4"
"23";23;"Arctic Amazing Race";"Durban Harbour";"Baffin Bay";5;"Desmarestia";0;0;10;"5 m depth";"Baffin Bay 4"
"24";24;"Arctic Amazing Race";"Durban Harbour";"Baffin Bay";5;"Filamentous";0;0;10;"5 m depth";"Baffin Bay 4"
"25";25;"Arctic Amazing Race";"Durban Harbour";"Baffin Bay";5;"Fucus";0;0;10;"5 m depth";"Baffin Bay 4"
"26";26;"Arctic Amazing Race";"Durban Harbour";"Baffin Bay";5;"Green";0;0;10;"5 m depth";"Baffin Bay 4"
"27";27;"Arctic Amazing Race";"Durban Harbour";"Baffin Bay";5;"Red.algae.fleshy";0;0;10;"5 m depth";"Baffin Bay 4"
"28";28;"Arctic Amazing Race";"Durban Harbour";"Baffin Bay";5;"Saccorhiza";0;0;10;"5 m depth";"Baffin Bay 4"
"29";29;"Arctic Amazing Race";"Durban Harbour";"Baffin Bay";10;"Alga.Roja.fol";0;0;10;"10 m depth";"Baffin Bay 4"
"30";30;"Arctic Amazing Race";"Durban Harbour";"Baffin Bay";10;"Desmarestia";0;0;10;"10 m depth";"Baffin Bay 4"
"31";31;"Arctic Amazing Race";"Durban Harbour";"Baffin Bay";10;"Filamentous";0;0;10;"10 m depth";"Baffin Bay 4"
"32";32;"Arctic Amazing Race";"Durban Harbour";"Baffin Bay";10;"Fucus";0;0;10;"10 m depth";"Baffin Bay 4"
"33";33;"Arctic Amazing Race";"Durban Harbour";"Baffin Bay";10;"Green";0;0;10;"10 m depth";"Baffin Bay 4"
"34";34;"Arctic Amazing Race";"Durban Harbour";"Baffin Bay";10;"Red.algae.fleshy";0;0;10;"10 m depth";"Baffin Bay 4"
"35";35;"Arctic Amazing Race";"Durban Harbour";"Baffin Bay";10;"Saccorhiza";0;0;10;"10 m depth";"Baffin Bay 4"
"36";36;"Arctic Amazing Race";"Durban Harbour";"Baffin Bay";15;"Alga.Roja.fol";0;0;10;"15 m depth";"Baffin Bay 4"
"37";37;"Arctic Amazing Race";"Durban Harbour";"Baffin Bay";15;"Desmarestia";0;0;10;"15 m depth";"Baffin Bay 4"
"38";38;"Arctic Amazing Race";"Durban Harbour";"Baffin Bay";15;"Filamentous";0;0;10;"15 m depth";"Baffin Bay 4"
"39";39;"Arctic Amazing Race";"Durban Harbour";"Baffin Bay";15;"Fucus";0;0;10;"15 m depth";"Baffin Bay 4"
"40";40;"Arctic Amazing Race";"Durban Harbour";"Baffin Bay";15;"Green";0;0;10;"15 m depth";"Baffin Bay 4"
"41";41;"Arctic Amazing Race";"Durban Harbour";"Baffin Bay";15;"Red.algae.fleshy";0;0;10;"15 m depth";"Baffin Bay 4"
"42";42;"Arctic Amazing Race";"Durban Harbour";"Baffin Bay";15;"Saccorhiza";0;0;10;"15 m depth";"Baffin Bay 4"
"43";43;"Arctic Amazing Race";"Evan's Bight";NA;5;"Alga.Roja.fol";0,8;2,53;10;"5 m depth";"Davis Strait 10"
"44";44;"Arctic Amazing Race";"Evan's Bight";NA;5;"Desmarestia";0;0;10;"5 m depth";"Davis Strait 10"
"45";45;"Arctic Amazing Race";"Evan's Bight";NA;5;"Filamentous";1,8;3,824;10;"5 m depth";"Davis Strait 10"
"46";46;"Arctic Amazing Race";"Evan's Bight";NA;5;"Fucus";0;0;10;"5 m depth";"Davis Strait 10"
"47";47;"Arctic Amazing Race";"Evan's Bight";NA;5;"Green";0;0;10;"5 m depth";"Davis Strait 10"
"48";48;"Arctic Amazing Race";"Evan's Bight";NA;5;"Red.algae.fleshy";0;0;10;"5 m depth";"Davis Strait 10"
"49";49;"Arctic Amazing Race";"Evan's Bight";NA;5;"Saccorhiza";0;0;10;"5 m depth";"Davis Strait 10"
"50";50;"Arctic Amazing Race";"Evan's Bight";NA;10;"Alga.Roja.fol";1,6;5,06;10;"10 m depth";"Davis Strait 10"
"51";51;"Arctic Amazing Race";"Evan's Bight";NA;10;"Desmarestia";0;0;10;"10 m depth";"Davis Strait 10"
"52";52;"Arctic Amazing Race";"Evan's Bight";NA;10;"Filamentous";1,6;5,06;10;"10 m depth";"Davis Strait 10"
"53";53;"Arctic Amazing Race";"Evan's Bight";NA;10;"Fucus";0;0;10;"10 m depth";"Davis Strait 10"
"54";54;"Arctic Amazing Race";"Evan's Bight";NA;10;"Green";0;0;10;"10 m depth";"Davis Strait 10"
"55";55;"Arctic Amazing Race";"Evan's Bight";NA;10;"Red.algae.fleshy";7,4;8,847;10;"10 m depth";"Davis Strait 10"
"56";56;"Arctic Amazing Race";"Evan's Bight";NA;10;"Saccorhiza";0;0;10;"10 m depth";"Davis Strait 10"
"57";57;"Arctic Amazing Race";"Hogg Island";NA;5;"Alga.Roja.fol";0;0;9;"5 m depth";"Davis Strait 9"
"58";58;"Arctic Amazing Race";"Hogg Island";NA;5;"Desmarestia";0;0;9;"5 m depth";"Davis Strait 9"
"59";59;"Arctic Amazing Race";"Hogg Island";NA;5;"Filamentous";0;0;9;"5 m depth";"Davis Strait 9"
"60";60;"Arctic Amazing Race";"Hogg Island";NA;5;"Fucus";0;0;9;"5 m depth";"Davis Strait 9"
"61";61;"Arctic Amazing Race";"Hogg Island";NA;5;"Green";0;0;9;"5 m depth";"Davis Strait 9"
"62";62;"Arctic Amazing Race";"Hogg Island";NA;5;"Red.algae.fleshy";0;0;9;"5 m depth";"Davis Strait 9"
"63";63;"Arctic Amazing Race";"Hogg Island";NA;5;"Saccorhiza";0;0;9;"5 m depth";"Davis Strait 9"
"64";64;"Arctic Amazing Race";"Hogg Island";NA;10;"Alga.Roja.fol";0;0;9;"10 m depth";"Davis Strait 9"
"65";65;"Arctic Amazing Race";"Hogg Island";NA;10;"Desmarestia";0;0;9;"10 m depth";"Davis Strait 9"
"66";66;"Arctic Amazing Race";"Hogg Island";NA;10;"Filamentous";2,222;6,667;9;"10 m depth";"Davis Strait 9"
"67";67;"Arctic Amazing Race";"Hogg Island";NA;10;"Fucus";0;0;9;"10 m depth";"Davis Strait 9"
"68";68;"Arctic Amazing Race";"Hogg Island";NA;10;"Green";0;0;9;"10 m depth";"Davis Strait 9"
"69";69;"Arctic Amazing Race";"Hogg Island";NA;10;"Red.algae.fleshy";0;0;9;"10 m depth";"Davis Strait 9"
"70";70;"Arctic Amazing Race";"Hogg Island";NA;10;"Saccorhiza";0;0;9;"10 m depth";"Davis Strait 9"
"71";71;"Arctic Amazing Race";"Makkovik";"Labrador Sea";10;"Alga.Roja.fol";1;2,828;8;"10 m depth";"Labrador Sea 2"
"72";72;"Arctic Amazing Race";"Makkovik";"Labrador Sea";10;"Desmarestia";0;0;8;"10 m depth";"Labrador Sea 2"
"73";73;"Arctic Amazing Race";"Makkovik";"Labrador Sea";10;"Filamentous";1;2,828;8;"10 m depth";"Labrador Sea 2"
"74";74;"Arctic Amazing Race";"Makkovik";"Labrador Sea";10;"Fucus";0;0;8;"10 m depth";"Labrador Sea 2"
"75";75;"Arctic Amazing Race";"Makkovik";"Labrador Sea";10;"Green";0;0;8;"10 m depth";"Labrador Sea 2"
"76";76;"Arctic Amazing Race";"Makkovik";"Labrador Sea";10;"Red.algae.fleshy";0;0;8;"10 m depth";"Labrador Sea 2"
"77";77;"Arctic Amazing Race";"Makkovik";"Labrador Sea";10;"Saccorhiza";0;0;8;"10 m depth";"Labrador Sea 2"
"78";78;"Arctic Amazing Race";"Mussel Point";"Labrador Sea";10;"Alga.Roja.fol";0;0;9;"10 m depth";"Labrador Sea 1"
"79";79;"Arctic Amazing Race";"Mussel Point";"Labrador Sea";10;"Desmarestia";0;0;9;"10 m depth";"Labrador Sea 1"
"80";80;"Arctic Amazing Race";"Mussel Point";"Labrador Sea";10;"Filamentous";0;0;9;"10 m depth";"Labrador Sea 1"
"81";81;"Arctic Amazing Race";"Mussel Point";"Labrador Sea";10;"Fucus";0;0;9;"10 m depth";"Labrador Sea 1"
"82";82;"Arctic Amazing Race";"Mussel Point";"Labrador Sea";10;"Green";0;0;9;"10 m depth";"Labrador Sea 1"
"83";83;"Arctic Amazing Race";"Mussel Point";"Labrador Sea";10;"Red.algae.fleshy";0;0;9;"10 m depth";"Labrador Sea 1"
"84";84;"Arctic Amazing Race";"Mussel Point";"Labrador Sea";10;"Saccorhiza";0;0;9;"10 m depth";"Labrador Sea 1"
"85";85;"Arctic Amazing Race";"Qik";"Baffin Bay";5;"Alga.Roja.fol";0;0;10;"5 m depth";"Baffin Bay 1"
"86";86;"Arctic Amazing Race";"Qik";"Baffin Bay";5;"Desmarestia";0;0;10;"5 m depth";"Baffin Bay 1"
"87";87;"Arctic Amazing Race";"Qik";"Baffin Bay";5;"Filamentous";31,5;20,007;10;"5 m depth";"Baffin Bay 1"
"88";88;"Arctic Amazing Race";"Qik";"Baffin Bay";5;"Fucus";1;2,108;10;"5 m depth";"Baffin Bay 1"
"89";89;"Arctic Amazing Race";"Qik";"Baffin Bay";5;"Green";0;0;10;"5 m depth";"Baffin Bay 1"
"90";90;"Arctic Amazing Race";"Qik";"Baffin Bay";5;"Red.algae.fleshy";0;0;10;"5 m depth";"Baffin Bay 1"
"91";91;"Arctic Amazing Race";"Qik";"Baffin Bay";5;"Saccorhiza";0;0;10;"5 m depth";"Baffin Bay 1"
"92";92;"Arctic Amazing Race";"Qik";"Baffin Bay";10;"Alga.Roja.fol";0;0;10;"10 m depth";"Baffin Bay 1"
"93";93;"Arctic Amazing Race";"Qik";"Baffin Bay";10;"Desmarestia";0;0;10;"10 m depth";"Baffin Bay 1"
"94";94;"Arctic Amazing Race";"Qik";"Baffin Bay";10;"Filamentous";75,5;28,911;10;"10 m depth";"Baffin Bay 1"
"95";95;"Arctic Amazing Race";"Qik";"Baffin Bay";10;"Fucus";0,5;1,581;10;"10 m depth";"Baffin Bay 1"
"96";96;"Arctic Amazing Race";"Qik";"Baffin Bay";10;"Green";0;0;10;"10 m depth";"Baffin Bay 1"
"97";97;"Arctic Amazing Race";"Qik";"Baffin Bay";10;"Red.algae.fleshy";0;0;10;"10 m depth";"Baffin Bay 1"
"98";98;"Arctic Amazing Race";"Qik";"Baffin Bay";10;"Saccorhiza";0;0;10;"10 m depth";"Baffin Bay 1"
"99";99;"Arctic Amazing Race";"Qik";"Baffin Bay";15;"Alga.Roja.fol";0;0;10;"15 m depth";"Baffin Bay 1"
"100";100;"Arctic Amazing Race";"Qik";"Baffin Bay";15;"Desmarestia";0;0;10;"15 m depth";"Baffin Bay 1"
"101";101;"Arctic Amazing Race";"Qik";"Baffin Bay";15;"Filamentous";13;16,193;10;"15 m depth";"Baffin Bay 1"
"102";102;"Arctic Amazing Race";"Qik";"Baffin Bay";15;"Fucus";0;0;10;"15 m depth";"Baffin Bay 1"
"103";103;"Arctic Amazing Race";"Qik";"Baffin Bay";15;"Green";0;0;10;"15 m depth";"Baffin Bay 1"
"104";104;"Arctic Amazing Race";"Qik";"Baffin Bay";15;"Red.algae.fleshy";0;0;10;"15 m depth";"Baffin Bay 1"
"105";105;"Arctic Amazing Race";"Qik";"Baffin Bay";15;"Saccorhiza";0;0;10;"15 m depth";"Baffin Bay 1"
"106";106;"Arctic Amazing Race";"Rocks near Durban";"Baffin Bay";5;"Alga.Roja.fol";0;0;10;"5 m depth";"Baffin Bay 3"
"107";107;"Arctic Amazing Race";"Rocks near Durban";"Baffin Bay";5;"Desmarestia";0;0;10;"5 m depth";"Baffin Bay 3"
"108";108;"Arctic Amazing Race";"Rocks near Durban";"Baffin Bay";5;"Filamentous";0;0;10;"5 m depth";"Baffin Bay 3"
"109";109;"Arctic Amazing Race";"Rocks near Durban";"Baffin Bay";5;"Fucus";0;0;10;"5 m depth";"Baffin Bay 3"
"110";110;"Arctic Amazing Race";"Rocks near Durban";"Baffin Bay";5;"Green";0;0;10;"5 m depth";"Baffin Bay 3"
"111";111;"Arctic Amazing Race";"Rocks near Durban";"Baffin Bay";5;"Red.algae.fleshy";0;0;10;"5 m depth";"Baffin Bay 3"
"112";112;"Arctic Amazing Race";"Rocks near Durban";"Baffin Bay";5;"Saccorhiza";0;0;10;"5 m depth";"Baffin Bay 3"
"113";113;"Arctic Amazing Race";"Rocks near Durban";"Baffin Bay";10;"Alga.Roja.fol";0;0;10;"10 m depth";"Baffin Bay 3"
"114";114;"Arctic Amazing Race";"Rocks near Durban";"Baffin Bay";10;"Desmarestia";0;0;10;"10 m depth";"Baffin Bay 3"
"115";115;"Arctic Amazing Race";"Rocks near Durban";"Baffin Bay";10;"Filamentous";0,526;1,664;10;"10 m depth";"Baffin Bay 3"
"116";116;"Arctic Amazing Race";"Rocks near Durban";"Baffin Bay";10;"Fucus";0;0;10;"10 m depth";"Baffin Bay 3"
"117";117;"Arctic Amazing Race";"Rocks near Durban";"Baffin Bay";10;"Green";0;0;10;"10 m depth";"Baffin Bay 3"
"118";118;"Arctic Amazing Race";"Rocks near Durban";"Baffin Bay";10;"Red.algae.fleshy";0;0;10;"10 m depth";"Baffin Bay 3"
"119";119;"Arctic Amazing Race";"Rocks near Durban";"Baffin Bay";10;"Saccorhiza";0;0;10;"10 m depth";"Baffin Bay 3"
"120";120;"Arctic Amazing Race";"Rocks near Durban";"Baffin Bay";15;"Alga.Roja.fol";0;0;10;"15 m depth";"Baffin Bay 3"
"121";121;"Arctic Amazing Race";"Rocks near Durban";"Baffin Bay";15;"Desmarestia";0;0;10;"15 m depth";"Baffin Bay 3"
"122";122;"Arctic Amazing Race";"Rocks near Durban";"Baffin Bay";15;"Filamentous";4,5;14,23;10;"15 m depth";"Baffin Bay 3"
"123";123;"Arctic Amazing Race";"Rocks near Durban";"Baffin Bay";15;"Fucus";0;0;10;"15 m depth";"Baffin Bay 3"
"124";124;"Arctic Amazing Race";"Rocks near Durban";"Baffin Bay";15;"Green";0;0;10;"15 m depth";"Baffin Bay 3"
"125";125;"Arctic Amazing Race";"Rocks near Durban";"Baffin Bay";15;"Red.algae.fleshy";0;0;10;"15 m depth";"Baffin Bay 3"
"126";126;"Arctic Amazing Race";"Rocks near Durban";"Baffin Bay";15;"Saccorhiza";0;0;10;"15 m depth";"Baffin Bay 3"
"127";127;"Arctic Amazing Race";"S. of Qik";"Baffin Bay";5;"Alga.Roja.fol";0;0;10;"5 m depth";"Baffin Bay 2"
"128";128;"Arctic Amazing Race";"S. of Qik";"Baffin Bay";5;"Desmarestia";0;0;10;"5 m depth";"Baffin Bay 2"
"129";129;"Arctic Amazing Race";"S. of Qik";"Baffin Bay";5;"Filamentous";22,1;23,774;10;"5 m depth";"Baffin Bay 2"
"130";130;"Arctic Amazing Race";"S. of Qik";"Baffin Bay";5;"Fucus";3,5;5,297;10;"5 m depth";"Baffin Bay 2"
"131";131;"Arctic Amazing Race";"S. of Qik";"Baffin Bay";5;"Green";0;0;10;"5 m depth";"Baffin Bay 2"
"132";132;"Arctic Amazing Race";"S. of Qik";"Baffin Bay";5;"Red.algae.fleshy";0;0;10;"5 m depth";"Baffin Bay 2"
"133";133;"Arctic Amazing Race";"S. of Qik";"Baffin Bay";5;"Saccorhiza";0;0;10;"5 m depth";"Baffin Bay 2"
"134";134;"Arctic Amazing Race";"S. of Qik";"Baffin Bay";10;"Alga.Roja.fol";0;0;10;"10 m depth";"Baffin Bay 2"
"135";135;"Arctic Amazing Race";"S. of Qik";"Baffin Bay";10;"Desmarestia";2,5;7,906;10;"10 m depth";"Baffin Bay 2"
"136";136;"Arctic Amazing Race";"S. of Qik";"Baffin Bay";10;"Filamentous";13,5;17,005;10;"10 m depth";"Baffin Bay 2"
"137";137;"Arctic Amazing Race";"S. of Qik";"Baffin Bay";10;"Fucus";7;14,181;10;"10 m depth";"Baffin Bay 2"
"138";138;"Arctic Amazing Race";"S. of Qik";"Baffin Bay";10;"Green";0;0;10;"10 m depth";"Baffin Bay 2"
"139";139;"Arctic Amazing Race";"S. of Qik";"Baffin Bay";10;"Red.algae.fleshy";0;0;10;"10 m depth";"Baffin Bay 2"
"140";140;"Arctic Amazing Race";"S. of Qik";"Baffin Bay";10;"Saccorhiza";0;0;10;"10 m depth";"Baffin Bay 2"
"141";141;"Arctic Amazing Race";"S. of Qik";"Baffin Bay";15;"Alga.Roja.fol";0;0;10;"15 m depth";"Baffin Bay 2"
"142";142;"Arctic Amazing Race";"S. of Qik";"Baffin Bay";15;"Desmarestia";0;0;10;"15 m depth";"Baffin Bay 2"
"143";143;"Arctic Amazing Race";"S. of Qik";"Baffin Bay";15;"Filamentous";40;15,456;10;"15 m depth";"Baffin Bay 2"
"144";144;"Arctic Amazing Race";"S. of Qik";"Baffin Bay";15;"Fucus";0,62;1,961;10;"15 m depth";"Baffin Bay 2"
"145";145;"Arctic Amazing Race";"S. of Qik";"Baffin Bay";15;"Green";0;0;10;"15 m depth";"Baffin Bay 2"
"146";146;"Arctic Amazing Race";"S. of Qik";"Baffin Bay";15;"Red.algae.fleshy";0;0;10;"15 m depth";"Baffin Bay 2"
"147";147;"Arctic Amazing Race";"S. of Qik";"Baffin Bay";15;"Saccorhiza";0;0;10;"15 m depth";"Baffin Bay 2"
"148";148;"Arctic Amazing Race";"Turnagain";NA;10;"Alga.Roja.fol";0;0;8;"10 m depth";"Davis Strait 11"
"149";149;"Arctic Amazing Race";"Turnagain";NA;10;"Desmarestia";0;0;8;"10 m depth";"Davis Strait 11"
"150";150;"Arctic Amazing Race";"Turnagain";NA;10;"Filamentous";0;0;8;"10 m depth";"Davis Strait 11"
"151";151;"Arctic Amazing Race";"Turnagain";NA;10;"Fucus";0;0;8;"10 m depth";"Davis Strait 11"
"152";152;"Arctic Amazing Race";"Turnagain";NA;10;"Green";0;0;8;"10 m depth";"Davis Strait 11"
"153";153;"Arctic Amazing Race";"Turnagain";NA;10;"Red.algae.fleshy";0;0;8;"10 m depth";"Davis Strait 11"
"154";154;"Arctic Amazing Race";"Turnagain";NA;10;"Saccorhiza";0;0;8;"10 m depth";"Davis Strait 11"
"155";155;"Arctic Amazing Race";"Turnagain";NA;15;"Alga.Roja.fol";0;0;10;"15 m depth";"Davis Strait 11"
"156";156;"Arctic Amazing Race";"Turnagain";NA;15;"Desmarestia";0;0;10;"15 m depth";"Davis Strait 11"
"157";157;"Arctic Amazing Race";"Turnagain";NA;15;"Filamentous";0;0;10;"15 m depth";"Davis Strait 11"
"158";158;"Arctic Amazing Race";"Turnagain";NA;15;"Fucus";0;0;10;"15 m depth";"Davis Strait 11"
"159";159;"Arctic Amazing Race";"Turnagain";NA;15;"Green";0;0;10;"15 m depth";"Davis Strait 11"
"160";160;"Arctic Amazing Race";"Turnagain";NA;15;"Red.algae.fleshy";0;0;10;"15 m depth";"Davis Strait 11"
"161";161;"Arctic Amazing Race";"Turnagain";NA;15;"Saccorhiza";0;0;10;"15 m depth";"Davis Strait 11"
"162";162;"CAISN DFO";"Churchill T2";"Hudson Bay";5;"Alga.Roja.fol";0;0;11;"5 m depth";"Hudson Bay 3"
"163";163;"CAISN DFO";"Churchill T2";"Hudson Bay";5;"Desmarestia";0;0;11;"5 m depth";"Hudson Bay 3"
"164";164;"CAISN DFO";"Churchill T2";"Hudson Bay";5;"Filamentous";0,455;1,508;11;"5 m depth";"Hudson Bay 3"
"165";165;"CAISN DFO";"Churchill T2";"Hudson Bay";5;"Fucus";0;0;11;"5 m depth";"Hudson Bay 3"
"166";166;"CAISN DFO";"Churchill T2";"Hudson Bay";5;"Green";0;0;11;"5 m depth";"Hudson Bay 3"
"167";167;"CAISN DFO";"Churchill T2";"Hudson Bay";5;"Red.algae.fleshy";0;0;11;"5 m depth";"Hudson Bay 3"
"168";168;"CAISN DFO";"Churchill T2";"Hudson Bay";5;"Saccorhiza";0;0;11;"5 m depth";"Hudson Bay 3"
"169";169;"CAISN DFO";"Churchill T2";"Hudson Bay";15;"Alga.Roja.fol";0;0;14;"15 m depth";"Hudson Bay 3"
"170";170;"CAISN DFO";"Churchill T2";"Hudson Bay";15;"Desmarestia";0;0;14;"15 m depth";"Hudson Bay 3"
"171";171;"CAISN DFO";"Churchill T2";"Hudson Bay";15;"Filamentous";29,714;26,087;14;"15 m depth";"Hudson Bay 3"
"172";172;"CAISN DFO";"Churchill T2";"Hudson Bay";15;"Fucus";0;0;14;"15 m depth";"Hudson Bay 3"
"173";173;"CAISN DFO";"Churchill T2";"Hudson Bay";15;"Green";0;0;14;"15 m depth";"Hudson Bay 3"
"174";174;"CAISN DFO";"Churchill T2";"Hudson Bay";15;"Red.algae.fleshy";0;0;14;"15 m depth";"Hudson Bay 3"
"175";175;"CAISN DFO";"Churchill T2";"Hudson Bay";15;"Saccorhiza";0;0;14;"15 m depth";"Hudson Bay 3"
"176";176;"CAISN DFO";"Churchill T3";"Hudson Bay";10;"Alga.Roja.fol";24;0;13;"10 m depth";"Hudson Bay 1"
"177";177;"CAISN DFO";"Churchill T3";"Hudson Bay";10;"Desmarestia";0;0;13;"10 m depth";"Hudson Bay 1"
"178";178;"CAISN DFO";"Churchill T3";"Hudson Bay";10;"Filamentous";35,692;24,026;13;"10 m depth";"Hudson Bay 1"
"179";179;"CAISN DFO";"Churchill T3";"Hudson Bay";10;"Fucus";0;0;13;"10 m depth";"Hudson Bay 1"
"180";180;"CAISN DFO";"Churchill T3";"Hudson Bay";10;"Green";0;0;13;"10 m depth";"Hudson Bay 1"
"181";181;"CAISN DFO";"Churchill T3";"Hudson Bay";10;"Red.algae.fleshy";0;0;13;"10 m depth";"Hudson Bay 1"
"182";182;"CAISN DFO";"Churchill T3";"Hudson Bay";10;"Saccorhiza";0;0;13;"10 m depth";"Hudson Bay 1"
"183";183;"CAISN DFO";"Churchill T3";"Hudson Bay";15;"Alga.Roja.fol";0;0;13;"15 m depth";"Hudson Bay 1"
"184";184;"CAISN DFO";"Churchill T3";"Hudson Bay";15;"Desmarestia";0;0;13;"15 m depth";"Hudson Bay 1"
"185";185;"CAISN DFO";"Churchill T3";"Hudson Bay";15;"Filamentous";5,923;13,659;13;"15 m depth";"Hudson Bay 1"
"186";186;"CAISN DFO";"Churchill T3";"Hudson Bay";15;"Fucus";0;0;13;"15 m depth";"Hudson Bay 1"
"187";187;"CAISN DFO";"Churchill T3";"Hudson Bay";15;"Green";0;0;13;"15 m depth";"Hudson Bay 1"
"188";188;"CAISN DFO";"Churchill T3";"Hudson Bay";15;"Red.algae.fleshy";0;0;13;"15 m depth";"Hudson Bay 1"
"189";189;"CAISN DFO";"Churchill T3";"Hudson Bay";15;"Saccorhiza";0;0;13;"15 m depth";"Hudson Bay 1"
"190";190;"CAISN DFO";"Churchill T4";"Hudson Bay";10;"Alga.Roja.fol";0;0;13;"10 m depth";"Hudson Bay 2"
"191";191;"CAISN DFO";"Churchill T4";"Hudson Bay";10;"Desmarestia";0;0;13;"10 m depth";"Hudson Bay 2"
"192";192;"CAISN DFO";"Churchill T4";"Hudson Bay";10;"Filamentous";6,077;15,168;13;"10 m depth";"Hudson Bay 2"
"193";193;"CAISN DFO";"Churchill T4";"Hudson Bay";10;"Fucus";0,385;1,387;13;"10 m depth";"Hudson Bay 2"
"194";194;"CAISN DFO";"Churchill T4";"Hudson Bay";10;"Green";0;0;13;"10 m depth";"Hudson Bay 2"
"195";195;"CAISN DFO";"Churchill T4";"Hudson Bay";10;"Red.algae.fleshy";3,923;8,067;13;"10 m depth";"Hudson Bay 2"
"196";196;"CAISN DFO";"Churchill T4";"Hudson Bay";10;"Saccorhiza";0;0;13;"10 m depth";"Hudson Bay 2"
"197";197;"CAISN DFO";"Churchill T4";"Hudson Bay";15;"Alga.Roja.fol";0;0;13;"15 m depth";"Hudson Bay 2"
"198";198;"CAISN DFO";"Churchill T4";"Hudson Bay";15;"Desmarestia";0;0;13;"15 m depth";"Hudson Bay 2"
"199";199;"CAISN DFO";"Churchill T4";"Hudson Bay";15;"Filamentous";1,154;4,16;13;"15 m depth";"Hudson Bay 2"
"200";200;"CAISN DFO";"Churchill T4";"Hudson Bay";15;"Fucus";7,308;26,348;13;"15 m depth";"Hudson Bay 2"
"201";201;"CAISN DFO";"Churchill T4";"Hudson Bay";15;"Green";0;0;13;"15 m depth";"Hudson Bay 2"
"202";202;"CAISN DFO";"Churchill T4";"Hudson Bay";15;"Red.algae.fleshy";1,154;4,16;13;"15 m depth";"Hudson Bay 2"
"203";203;"CAISN DFO";"Churchill T4";"Hudson Bay";15;"Saccorhiza";0;0;13;"15 m depth";"Hudson Bay 2"
"204";204;"CAISN DFO";"Deception Bay T1";"Hudson Strait";5;"Alga.Roja.fol";0;0;10;"5 m depth";"Hudson Strait 12"
"205";205;"CAISN DFO";"Deception Bay T1";"Hudson Strait";5;"Desmarestia";0;0;10;"5 m depth";"Hudson Strait 12"
"206";206;"CAISN DFO";"Deception Bay T1";"Hudson Strait";5;"Filamentous";0;0;10;"5 m depth";"Hudson Strait 12"
"207";207;"CAISN DFO";"Deception Bay T1";"Hudson Strait";5;"Fucus";0,5;1,581;10;"5 m depth";"Hudson Strait 12"
"208";208;"CAISN DFO";"Deception Bay T1";"Hudson Strait";5;"Green";0;0;10;"5 m depth";"Hudson Strait 12"
"209";209;"CAISN DFO";"Deception Bay T1";"Hudson Strait";5;"Red.algae.fleshy";0;0;10;"5 m depth";"Hudson Strait 12"
"210";210;"CAISN DFO";"Deception Bay T1";"Hudson Strait";5;"Saccorhiza";0;0;10;"5 m depth";"Hudson Strait 12"
"211";211;"CAISN DFO";"Deception Bay T1";"Hudson Strait";10;"Alga.Roja.fol";0;0;10;"10 m depth";"Hudson Strait 12"
"212";212;"CAISN DFO";"Deception Bay T1";"Hudson Strait";10;"Desmarestia";0;0;10;"10 m depth";"Hudson Strait 12"
"213";213;"CAISN DFO";"Deception Bay T1";"Hudson Strait";10;"Filamentous";0;0;10;"10 m depth";"Hudson Strait 12"
"214";214;"CAISN DFO";"Deception Bay T1";"Hudson Strait";10;"Fucus";27,3;34,689;10;"10 m depth";"Hudson Strait 12"
"215";215;"CAISN DFO";"Deception Bay T1";"Hudson Strait";10;"Green";0;0;10;"10 m depth";"Hudson Strait 12"
"216";216;"CAISN DFO";"Deception Bay T1";"Hudson Strait";10;"Red.algae.fleshy";0;0;10;"10 m depth";"Hudson Strait 12"
"217";217;"CAISN DFO";"Deception Bay T1";"Hudson Strait";10;"Saccorhiza";0;0;10;"10 m depth";"Hudson Strait 12"
"218";218;"CAISN DFO";"Deception Bay T2";"Hudson Strait";10;"Alga.Roja.fol";0;0;10;"10 m depth";"Hudson Strait 11"
"219";219;"CAISN DFO";"Deception Bay T2";"Hudson Strait";10;"Desmarestia";1,98;5,35;10;"10 m depth";"Hudson Strait 11"
"220";220;"CAISN DFO";"Deception Bay T2";"Hudson Strait";10;"Filamentous";5,27;16,665;10;"10 m depth";"Hudson Strait 11"
"221";221;"CAISN DFO";"Deception Bay T2";"Hudson Strait";10;"Fucus";0;0;10;"10 m depth";"Hudson Strait 11"
"222";222;"CAISN DFO";"Deception Bay T2";"Hudson Strait";10;"Green";0;0;10;"10 m depth";"Hudson Strait 11"
"223";223;"CAISN DFO";"Deception Bay T2";"Hudson Strait";10;"Red.algae.fleshy";0;0;10;"10 m depth";"Hudson Strait 11"
"224";224;"CAISN DFO";"Deception Bay T2";"Hudson Strait";10;"Saccorhiza";0;0;10;"10 m depth";"Hudson Strait 11"
"225";225;"CAISN DFO";"Deception Bay T2";"Hudson Strait";15;"Alga.Roja.fol";0;0;10;"15 m depth";"Hudson Strait 11"
"226";226;"CAISN DFO";"Deception Bay T2";"Hudson Strait";15;"Desmarestia";0;0;10;"15 m depth";"Hudson Strait 11"
"227";227;"CAISN DFO";"Deception Bay T2";"Hudson Strait";15;"Filamentous";2;4,32;10;"15 m depth";"Hudson Strait 11"
"228";228;"CAISN DFO";"Deception Bay T2";"Hudson Strait";15;"Fucus";0;0;10;"15 m depth";"Hudson Strait 11"
"229";229;"CAISN DFO";"Deception Bay T2";"Hudson Strait";15;"Green";0;0;10;"15 m depth";"Hudson Strait 11"
"230";230;"CAISN DFO";"Deception Bay T2";"Hudson Strait";15;"Red.algae.fleshy";0;0;10;"15 m depth";"Hudson Strait 11"
"231";231;"CAISN DFO";"Deception Bay T2";"Hudson Strait";15;"Saccorhiza";0;0;10;"15 m depth";"Hudson Strait 11"
"232";232;"CAISN DFO";"Deception Bay T3";"Hudson Strait";5;"Alga.Roja.fol";0;0;10;"5 m depth";"Hudson Strait 9"
"233";233;"CAISN DFO";"Deception Bay T3";"Hudson Strait";5;"Desmarestia";17,46;25,369;10;"5 m depth";"Hudson Strait 9"
"234";234;"CAISN DFO";"Deception Bay T3";"Hudson Strait";5;"Filamentous";0,5;1,581;10;"5 m depth";"Hudson Strait 9"
"235";235;"CAISN DFO";"Deception Bay T3";"Hudson Strait";5;"Fucus";12;31,552;10;"5 m depth";"Hudson Strait 9"
"236";236;"CAISN DFO";"Deception Bay T3";"Hudson Strait";5;"Green";0;0;10;"5 m depth";"Hudson Strait 9"
"237";237;"CAISN DFO";"Deception Bay T3";"Hudson Strait";5;"Red.algae.fleshy";0;0;10;"5 m depth";"Hudson Strait 9"
"238";238;"CAISN DFO";"Deception Bay T3";"Hudson Strait";5;"Saccorhiza";0;0;10;"5 m depth";"Hudson Strait 9"
"239";239;"CAISN DFO";"Deception Bay T3";"Hudson Strait";10;"Alga.Roja.fol";0;0;10;"10 m depth";"Hudson Strait 9"
"240";240;"CAISN DFO";"Deception Bay T3";"Hudson Strait";10;"Desmarestia";0;0;10;"10 m depth";"Hudson Strait 9"
"241";241;"CAISN DFO";"Deception Bay T3";"Hudson Strait";10;"Filamentous";0;0;10;"10 m depth";"Hudson Strait 9"
"242";242;"CAISN DFO";"Deception Bay T3";"Hudson Strait";10;"Fucus";0;0;10;"10 m depth";"Hudson Strait 9"
"243";243;"CAISN DFO";"Deception Bay T3";"Hudson Strait";10;"Green";0;0;10;"10 m depth";"Hudson Strait 9"
"244";244;"CAISN DFO";"Deception Bay T3";"Hudson Strait";10;"Red.algae.fleshy";0;0;10;"10 m depth";"Hudson Strait 9"
"245";245;"CAISN DFO";"Deception Bay T3";"Hudson Strait";10;"Saccorhiza";0;0;10;"10 m depth";"Hudson Strait 9"
"246";246;"CAISN DFO";"Deception Bay T4";"Hudson Strait";10;"Alga.Roja.fol";0;0;11;"10 m depth";"Hudson Strait 8"
"247";247;"CAISN DFO";"Deception Bay T4";"Hudson Strait";10;"Desmarestia";0;0;11;"10 m depth";"Hudson Strait 8"
"248";248;"CAISN DFO";"Deception Bay T4";"Hudson Strait";10;"Filamentous";1,818;6,03;11;"10 m depth";"Hudson Strait 8"
"249";249;"CAISN DFO";"Deception Bay T4";"Hudson Strait";10;"Fucus";0;0;11;"10 m depth";"Hudson Strait 8"
"250";250;"CAISN DFO";"Deception Bay T4";"Hudson Strait";10;"Green";0;0;11;"10 m depth";"Hudson Strait 8"
"251";251;"CAISN DFO";"Deception Bay T4";"Hudson Strait";10;"Red.algae.fleshy";0,455;1,508;11;"10 m depth";"Hudson Strait 8"
"252";252;"CAISN DFO";"Deception Bay T4";"Hudson Strait";10;"Saccorhiza";0;0;11;"10 m depth";"Hudson Strait 8"
"253";253;"CAISN DFO";"Deception Bay T4";"Hudson Strait";15;"Alga.Roja.fol";0;0;10;"15 m depth";"Hudson Strait 8"
"254";254;"CAISN DFO";"Deception Bay T4";"Hudson Strait";15;"Desmarestia";0;0;10;"15 m depth";"Hudson Strait 8"
"255";255;"CAISN DFO";"Deception Bay T4";"Hudson Strait";15;"Filamentous";0;0;10;"15 m depth";"Hudson Strait 8"
"256";256;"CAISN DFO";"Deception Bay T4";"Hudson Strait";15;"Fucus";0;0;10;"15 m depth";"Hudson Strait 8"
"257";257;"CAISN DFO";"Deception Bay T4";"Hudson Strait";15;"Green";0;0;10;"15 m depth";"Hudson Strait 8"
"258";258;"CAISN DFO";"Deception Bay T4";"Hudson Strait";15;"Red.algae.fleshy";0,8;2,53;10;"15 m depth";"Hudson Strait 8"
"259";259;"CAISN DFO";"Deception Bay T4";"Hudson Strait";15;"Saccorhiza";0;0;10;"15 m depth";"Hudson Strait 8"
"260";260;"CAISN DFO";"Deception Bay T5";"Hudson Strait";10;"Alga.Roja.fol";0;0;10;"10 m depth";"Hudson Strait 7"
"261";261;"CAISN DFO";"Deception Bay T5";"Hudson Strait";10;"Desmarestia";0;0;10;"10 m depth";"Hudson Strait 7"
"262";262;"CAISN DFO";"Deception Bay T5";"Hudson Strait";10;"Filamentous";0,4;1,265;10;"10 m depth";"Hudson Strait 7"
"263";263;"CAISN DFO";"Deception Bay T5";"Hudson Strait";10;"Fucus";0;0;10;"10 m depth";"Hudson Strait 7"
"264";264;"CAISN DFO";"Deception Bay T5";"Hudson Strait";10;"Green";0;0;10;"10 m depth";"Hudson Strait 7"
"265";265;"CAISN DFO";"Deception Bay T5";"Hudson Strait";10;"Red.algae.fleshy";0;0;10;"10 m depth";"Hudson Strait 7"
"266";266;"CAISN DFO";"Deception Bay T5";"Hudson Strait";10;"Saccorhiza";0;0;10;"10 m depth";"Hudson Strait 7"
"267";267;"CAISN DFO";"Deception Bay T5";"Hudson Strait";15;"Alga.Roja.fol";0;0;10;"15 m depth";"Hudson Strait 7"
"268";268;"CAISN DFO";"Deception Bay T5";"Hudson Strait";15;"Desmarestia";0;0;10;"15 m depth";"Hudson Strait 7"
"269";269;"CAISN DFO";"Deception Bay T5";"Hudson Strait";15;"Filamentous";0,2;0,632;10;"15 m depth";"Hudson Strait 7"
"270";270;"CAISN DFO";"Deception Bay T5";"Hudson Strait";15;"Fucus";0;0;10;"15 m depth";"Hudson Strait 7"
"271";271;"CAISN DFO";"Deception Bay T5";"Hudson Strait";15;"Green";0;0;10;"15 m depth";"Hudson Strait 7"
"272";272;"CAISN DFO";"Deception Bay T5";"Hudson Strait";15;"Red.algae.fleshy";0;0;10;"15 m depth";"Hudson Strait 7"
"273";273;"CAISN DFO";"Deception Bay T5";"Hudson Strait";15;"Saccorhiza";0;0;10;"15 m depth";"Hudson Strait 7"
"274";274;"CAISN DFO";"Deception Bay T6";"Hudson Strait";10;"Alga.Roja.fol";0;0;10;"10 m depth";"Hudson Strait 10"
"275";275;"CAISN DFO";"Deception Bay T6";"Hudson Strait";10;"Desmarestia";4,67;9,585;10;"10 m depth";"Hudson Strait 10"
"276";276;"CAISN DFO";"Deception Bay T6";"Hudson Strait";10;"Filamentous";5,3;12,859;10;"10 m depth";"Hudson Strait 10"
"277";277;"CAISN DFO";"Deception Bay T6";"Hudson Strait";10;"Fucus";0,5;1,581;10;"10 m depth";"Hudson Strait 10"
"278";278;"CAISN DFO";"Deception Bay T6";"Hudson Strait";10;"Green";0;0;10;"10 m depth";"Hudson Strait 10"
"279";279;"CAISN DFO";"Deception Bay T6";"Hudson Strait";10;"Red.algae.fleshy";0;0;10;"10 m depth";"Hudson Strait 10"
"280";280;"CAISN DFO";"Deception Bay T6";"Hudson Strait";10;"Saccorhiza";0;0;10;"10 m depth";"Hudson Strait 10"
"281";281;"CAISN DFO";"Deception Bay T6";"Hudson Strait";15;"Alga.Roja.fol";0;0;10;"15 m depth";"Hudson Strait 10"
"282";282;"CAISN DFO";"Deception Bay T6";"Hudson Strait";15;"Desmarestia";0;0;10;"15 m depth";"Hudson Strait 10"
"283";283;"CAISN DFO";"Deception Bay T6";"Hudson Strait";15;"Filamentous";0;0;10;"15 m depth";"Hudson Strait 10"
"284";284;"CAISN DFO";"Deception Bay T6";"Hudson Strait";15;"Fucus";0;0;10;"15 m depth";"Hudson Strait 10"
"285";285;"CAISN DFO";"Deception Bay T6";"Hudson Strait";15;"Green";0;0;10;"15 m depth";"Hudson Strait 10"
"286";286;"CAISN DFO";"Deception Bay T6";"Hudson Strait";15;"Red.algae.fleshy";0,8;2,53;10;"15 m depth";"Hudson Strait 10"
"287";287;"CAISN DFO";"Deception Bay T6";"Hudson Strait";15;"Saccorhiza";0;0;10;"15 m depth";"Hudson Strait 10"
"288";288;"CAISN DFO";"Iqualuit T1";"Davis Strait";5;"Alga.Roja.fol";0;0;13;"5 m depth";"Davis Strait 3"
"289";289;"CAISN DFO";"Iqualuit T1";"Davis Strait";5;"Desmarestia";0;0;13;"5 m depth";"Davis Strait 3"
"290";290;"CAISN DFO";"Iqualuit T1";"Davis Strait";5;"Filamentous";0,385;1,387;13;"5 m depth";"Davis Strait 3"
"291";291;"CAISN DFO";"Iqualuit T1";"Davis Strait";5;"Fucus";21,154;35,009;13;"5 m depth";"Davis Strait 3"
"292";292;"CAISN DFO";"Iqualuit T1";"Davis Strait";5;"Green";1,538;5,547;13;"5 m depth";"Davis Strait 3"
"293";293;"CAISN DFO";"Iqualuit T1";"Davis Strait";5;"Red.algae.fleshy";0;0;13;"5 m depth";"Davis Strait 3"
"294";294;"CAISN DFO";"Iqualuit T1";"Davis Strait";5;"Saccorhiza";0;0;13;"5 m depth";"Davis Strait 3"
"295";295;"CAISN DFO";"Iqualuit T1";"Davis Strait";10;"Alga.Roja.fol";0;0;10;"10 m depth";"Davis Strait 3"
"296";296;"CAISN DFO";"Iqualuit T1";"Davis Strait";10;"Desmarestia";0;0;10;"10 m depth";"Davis Strait 3"
"297";297;"CAISN DFO";"Iqualuit T1";"Davis Strait";10;"Filamentous";1,5;3,375;10;"10 m depth";"Davis Strait 3"
"298";298;"CAISN DFO";"Iqualuit T1";"Davis Strait";10;"Fucus";0,5;1,581;10;"10 m depth";"Davis Strait 3"
"299";299;"CAISN DFO";"Iqualuit T1";"Davis Strait";10;"Green";0;0;10;"10 m depth";"Davis Strait 3"
"300";300;"CAISN DFO";"Iqualuit T1";"Davis Strait";10;"Red.algae.fleshy";0;0;10;"10 m depth";"Davis Strait 3"
"301";301;"CAISN DFO";"Iqualuit T1";"Davis Strait";10;"Saccorhiza";0;0;10;"10 m depth";"Davis Strait 3"
"302";302;"CAISN DFO";"Iqualuit T2";"Davis Strait";5;"Alga.Roja.fol";0;0;13;"5 m depth";"Davis Strait 4"
"303";303;"CAISN DFO";"Iqualuit T2";"Davis Strait";5;"Desmarestia";0;0;13;"5 m depth";"Davis Strait 4"
"304";304;"CAISN DFO";"Iqualuit T2";"Davis Strait";5;"Filamentous";0;0;13;"5 m depth";"Davis Strait 4"
"305";305;"CAISN DFO";"Iqualuit T2";"Davis Strait";5;"Fucus";0;0;13;"5 m depth";"Davis Strait 4"
"306";306;"CAISN DFO";"Iqualuit T2";"Davis Strait";5;"Green";0;0;13;"5 m depth";"Davis Strait 4"
"307";307;"CAISN DFO";"Iqualuit T2";"Davis Strait";5;"Red.algae.fleshy";0;0;13;"5 m depth";"Davis Strait 4"
"308";308;"CAISN DFO";"Iqualuit T2";"Davis Strait";5;"Saccorhiza";0;0;13;"5 m depth";"Davis Strait 4"
"309";309;"CAISN DFO";"Iqualuit T2";"Davis Strait";10;"Alga.Roja.fol";0;0;13;"10 m depth";"Davis Strait 4"
"310";310;"CAISN DFO";"Iqualuit T2";"Davis Strait";10;"Desmarestia";0;0;13;"10 m depth";"Davis Strait 4"
"311";311;"CAISN DFO";"Iqualuit T2";"Davis Strait";10;"Filamentous";3,846;9,608;13;"10 m depth";"Davis Strait 4"
"312";312;"CAISN DFO";"Iqualuit T2";"Davis Strait";10;"Fucus";0,385;1,387;13;"10 m depth";"Davis Strait 4"
"313";313;"CAISN DFO";"Iqualuit T2";"Davis Strait";10;"Green";0;0;13;"10 m depth";"Davis Strait 4"
"314";314;"CAISN DFO";"Iqualuit T2";"Davis Strait";10;"Red.algae.fleshy";0;0;13;"10 m depth";"Davis Strait 4"
"315";315;"CAISN DFO";"Iqualuit T2";"Davis Strait";10;"Saccorhiza";0;0;13;"10 m depth";"Davis Strait 4"
"316";316;"CAISN DFO";"Iqualuit T3";"Davis Strait";5;"Alga.Roja.fol";0;0;11;"5 m depth";"Davis Strait 6"
"317";317;"CAISN DFO";"Iqualuit T3";"Davis Strait";5;"Desmarestia";0;0;11;"5 m depth";"Davis Strait 6"
"318";318;"CAISN DFO";"Iqualuit T3";"Davis Strait";5;"Filamentous";4,364;9,872;11;"5 m depth";"Davis Strait 6"
"319";319;"CAISN DFO";"Iqualuit T3";"Davis Strait";5;"Fucus";0;0;11;"5 m depth";"Davis Strait 6"
"320";320;"CAISN DFO";"Iqualuit T3";"Davis Strait";5;"Green";0;0;11;"5 m depth";"Davis Strait 6"
"321";321;"CAISN DFO";"Iqualuit T3";"Davis Strait";5;"Red.algae.fleshy";0;0;11;"5 m depth";"Davis Strait 6"
"322";322;"CAISN DFO";"Iqualuit T3";"Davis Strait";5;"Saccorhiza";0;0;11;"5 m depth";"Davis Strait 6"
"323";323;"CAISN DFO";"Iqualuit T4";"Davis Strait";10;"Alga.Roja.fol";0;0;12;"10 m depth";"Davis Strait 5"
"324";324;"CAISN DFO";"Iqualuit T4";"Davis Strait";10;"Desmarestia";0;0;12;"10 m depth";"Davis Strait 5"
"325";325;"CAISN DFO";"Iqualuit T4";"Davis Strait";10;"Filamentous";0;0;12;"10 m depth";"Davis Strait 5"
"326";326;"CAISN DFO";"Iqualuit T4";"Davis Strait";10;"Fucus";0;0;12;"10 m depth";"Davis Strait 5"
"327";327;"CAISN DFO";"Iqualuit T4";"Davis Strait";10;"Green";0;0;12;"10 m depth";"Davis Strait 5"
"328";328;"CAISN DFO";"Iqualuit T4";"Davis Strait";10;"Red.algae.fleshy";0;0;12;"10 m depth";"Davis Strait 5"
"329";329;"CAISN DFO";"Iqualuit T4";"Davis Strait";10;"Saccorhiza";0;0;12;"10 m depth";"Davis Strait 5"
"330";330;"CAISN DFO";"Iqualuit T5";"Davis Strait";15;"Alga.Roja.fol";0;0;12;"15 m depth";"Davis Strait 7"
"331";331;"CAISN DFO";"Iqualuit T5";"Davis Strait";15;"Desmarestia";0;0;12;"15 m depth";"Davis Strait 7"
"332";332;"CAISN DFO";"Iqualuit T5";"Davis Strait";15;"Filamentous";0;0;12;"15 m depth";"Davis Strait 7"
"333";333;"CAISN DFO";"Iqualuit T5";"Davis Strait";15;"Fucus";0;0;12;"15 m depth";"Davis Strait 7"
"334";334;"CAISN DFO";"Iqualuit T5";"Davis Strait";15;"Green";0;0;12;"15 m depth";"Davis Strait 7"
"335";335;"CAISN DFO";"Iqualuit T5";"Davis Strait";15;"Red.algae.fleshy";0;0;12;"15 m depth";"Davis Strait 7"
"336";336;"CAISN DFO";"Iqualuit T5";"Davis Strait";15;"Saccorhiza";0;0;12;"15 m depth";"Davis Strait 7"
"337";337;"CAISN DFO";"Steensby Inlet T1";"Foxe Basin";10;"Alga.Roja.fol";0;0;11;"10 m depth";"Foxe Basin 3"
"338";338;"CAISN DFO";"Steensby Inlet T1";"Foxe Basin";10;"Desmarestia";0;0;11;"10 m depth";"Foxe Basin 3"
"339";339;"CAISN DFO";"Steensby Inlet T1";"Foxe Basin";10;"Filamentous";32,364;38,093;11;"10 m depth";"Foxe Basin 3"
"340";340;"CAISN DFO";"Steensby Inlet T1";"Foxe Basin";10;"Fucus";17,091;21,533;11;"10 m depth";"Foxe Basin 3"
"341";341;"CAISN DFO";"Steensby Inlet T1";"Foxe Basin";10;"Green";0;0;11;"10 m depth";"Foxe Basin 3"
"342";342;"CAISN DFO";"Steensby Inlet T1";"Foxe Basin";10;"Red.algae.fleshy";3,182;10,553;11;"10 m depth";"Foxe Basin 3"
"343";343;"CAISN DFO";"Steensby Inlet T1";"Foxe Basin";10;"Saccorhiza";0;0;11;"10 m depth";"Foxe Basin 3"
"344";344;"CAISN DFO";"Steensby Inlet T2";"Foxe Basin";5;"Alga.Roja.fol";0;0;10;"5 m depth";"Foxe Basin 4"
"345";345;"CAISN DFO";"Steensby Inlet T2";"Foxe Basin";5;"Desmarestia";0;0;10;"5 m depth";"Foxe Basin 4"
"346";346;"CAISN DFO";"Steensby Inlet T2";"Foxe Basin";5;"Filamentous";3,1;5,626;10;"5 m depth";"Foxe Basin 4"
"347";347;"CAISN DFO";"Steensby Inlet T2";"Foxe Basin";5;"Fucus";0;0;10;"5 m depth";"Foxe Basin 4"
"348";348;"CAISN DFO";"Steensby Inlet T2";"Foxe Basin";5;"Green";0;0;10;"5 m depth";"Foxe Basin 4"
"349";349;"CAISN DFO";"Steensby Inlet T2";"Foxe Basin";5;"Red.algae.fleshy";2;4,216;10;"5 m depth";"Foxe Basin 4"
"350";350;"CAISN DFO";"Steensby Inlet T2";"Foxe Basin";5;"Saccorhiza";0;0;10;"5 m depth";"Foxe Basin 4"
"351";351;"CAISN DFO";"Steensby Inlet T2";"Foxe Basin";10;"Alga.Roja.fol";0;0;8;"10 m depth";"Foxe Basin 4"
"352";352;"CAISN DFO";"Steensby Inlet T2";"Foxe Basin";10;"Desmarestia";0;0;8;"10 m depth";"Foxe Basin 4"
"353";353;"CAISN DFO";"Steensby Inlet T2";"Foxe Basin";10;"Filamentous";24,875;19,364;8;"10 m depth";"Foxe Basin 4"
"354";354;"CAISN DFO";"Steensby Inlet T2";"Foxe Basin";10;"Fucus";3;5,264;8;"10 m depth";"Foxe Basin 4"
"355";355;"CAISN DFO";"Steensby Inlet T2";"Foxe Basin";10;"Green";0;0;8;"10 m depth";"Foxe Basin 4"
"356";356;"CAISN DFO";"Steensby Inlet T2";"Foxe Basin";10;"Red.algae.fleshy";3,125;7,039;8;"10 m depth";"Foxe Basin 4"
"357";357;"CAISN DFO";"Steensby Inlet T2";"Foxe Basin";10;"Saccorhiza";0;0;8;"10 m depth";"Foxe Basin 4"
"358";358;"CAISN DFO";"Steensby Inlet T3";"Foxe Basin";5;"Alga.Roja.fol";0;0;10;"5 m depth";"Foxe Basin 5"
"359";359;"CAISN DFO";"Steensby Inlet T3";"Foxe Basin";5;"Desmarestia";0;0;10;"5 m depth";"Foxe Basin 5"
"360";360;"CAISN DFO";"Steensby Inlet T3";"Foxe Basin";5;"Filamentous";5;7,454;10;"5 m depth";"Foxe Basin 5"
"361";361;"CAISN DFO";"Steensby Inlet T3";"Foxe Basin";5;"Fucus";2;6,325;10;"5 m depth";"Foxe Basin 5"
"362";362;"CAISN DFO";"Steensby Inlet T3";"Foxe Basin";5;"Green";0;0;10;"5 m depth";"Foxe Basin 5"
"363";363;"CAISN DFO";"Steensby Inlet T3";"Foxe Basin";5;"Red.algae.fleshy";0;0;10;"5 m depth";"Foxe Basin 5"
"364";364;"CAISN DFO";"Steensby Inlet T3";"Foxe Basin";5;"Saccorhiza";0;0;10;"5 m depth";"Foxe Basin 5"
"365";365;"CAISN DFO";"Steensby Inlet T5";"Foxe Basin";5;"Alga.Roja.fol";0;0;6;"5 m depth";"Foxe Basin 2"
"366";366;"CAISN DFO";"Steensby Inlet T5";"Foxe Basin";5;"Desmarestia";0;0;6;"5 m depth";"Foxe Basin 2"
"367";367;"CAISN DFO";"Steensby Inlet T5";"Foxe Basin";5;"Filamentous";31,667;32,042;6;"5 m depth";"Foxe Basin 2"
"368";368;"CAISN DFO";"Steensby Inlet T5";"Foxe Basin";5;"Fucus";35,833;34,412;6;"5 m depth";"Foxe Basin 2"
"369";369;"CAISN DFO";"Steensby Inlet T5";"Foxe Basin";5;"Green";0;0;6;"5 m depth";"Foxe Basin 2"
"370";370;"CAISN DFO";"Steensby Inlet T5";"Foxe Basin";5;"Red.algae.fleshy";5;8,367;6;"5 m depth";"Foxe Basin 2"
"371";371;"CAISN DFO";"Steensby Inlet T5";"Foxe Basin";5;"Saccorhiza";0;0;6;"5 m depth";"Foxe Basin 2"
"372";372;"CAISN DFO";"Steensby Inlet T5";"Foxe Basin";10;"Alga.Roja.fol";0;0;4;"10 m depth";"Foxe Basin 2"
"373";373;"CAISN DFO";"Steensby Inlet T5";"Foxe Basin";10;"Desmarestia";0;0;4;"10 m depth";"Foxe Basin 2"
"374";374;"CAISN DFO";"Steensby Inlet T5";"Foxe Basin";10;"Filamentous";97,5;2,887;4;"10 m depth";"Foxe Basin 2"
"375";375;"CAISN DFO";"Steensby Inlet T5";"Foxe Basin";10;"Fucus";0;0;4;"10 m depth";"Foxe Basin 2"
"376";376;"CAISN DFO";"Steensby Inlet T5";"Foxe Basin";10;"Green";0;0;4;"10 m depth";"Foxe Basin 2"
"377";377;"CAISN DFO";"Steensby Inlet T5";"Foxe Basin";10;"Red.algae.fleshy";0;0;4;"10 m depth";"Foxe Basin 2"
"378";378;"CAISN DFO";"Steensby Inlet T5";"Foxe Basin";10;"Saccorhiza";0;0;4;"10 m depth";"Foxe Basin 2"
"379";379;"CAISN DFO";"Steensby Inlet T5";"Foxe Basin";15;"Alga.Roja.fol";0;0;9;"15 m depth";"Foxe Basin 2"
"380";380;"CAISN DFO";"Steensby Inlet T5";"Foxe Basin";15;"Desmarestia";0;0;9;"15 m depth";"Foxe Basin 2"
"381";381;"CAISN DFO";"Steensby Inlet T5";"Foxe Basin";15;"Filamentous";26,111;41,214;9;"15 m depth";"Foxe Basin 2"
"382";382;"CAISN DFO";"Steensby Inlet T5";"Foxe Basin";15;"Fucus";21,667;26,926;9;"15 m depth";"Foxe Basin 2"
"383";383;"CAISN DFO";"Steensby Inlet T5";"Foxe Basin";15;"Green";0;0;9;"15 m depth";"Foxe Basin 2"
"384";384;"CAISN DFO";"Steensby Inlet T5";"Foxe Basin";15;"Red.algae.fleshy";0,556;1,667;9;"15 m depth";"Foxe Basin 2"
"385";385;"CAISN DFO";"Steensby Inlet T5";"Foxe Basin";15;"Saccorhiza";0;0;9;"15 m depth";"Foxe Basin 2"
"386";386;"CAISN DFO";"Steensby Inlet T6";"Foxe Basin";5;"Alga.Roja.fol";0;0;4;"5 m depth";"Foxe Basin 1"
"387";387;"CAISN DFO";"Steensby Inlet T6";"Foxe Basin";5;"Desmarestia";0;0;4;"5 m depth";"Foxe Basin 1"
"388";388;"CAISN DFO";"Steensby Inlet T6";"Foxe Basin";5;"Filamentous";100;0;4;"5 m depth";"Foxe Basin 1"
"389";389;"CAISN DFO";"Steensby Inlet T6";"Foxe Basin";5;"Fucus";0;0;4;"5 m depth";"Foxe Basin 1"
"390";390;"CAISN DFO";"Steensby Inlet T6";"Foxe Basin";5;"Green";0;0;4;"5 m depth";"Foxe Basin 1"
"391";391;"CAISN DFO";"Steensby Inlet T6";"Foxe Basin";5;"Red.algae.fleshy";0;0;4;"5 m depth";"Foxe Basin 1"
"392";392;"CAISN DFO";"Steensby Inlet T6";"Foxe Basin";5;"Saccorhiza";0;0;4;"5 m depth";"Foxe Basin 1"
"393";393;"CAISN DFO";"Steensby Inlet T6";"Foxe Basin";10;"Alga.Roja.fol";0;0;3;"10 m depth";"Foxe Basin 1"
"394";394;"CAISN DFO";"Steensby Inlet T6";"Foxe Basin";10;"Desmarestia";0;0;3;"10 m depth";"Foxe Basin 1"
"395";395;"CAISN DFO";"Steensby Inlet T6";"Foxe Basin";10;"Filamentous";83,333;28,868;3;"10 m depth";"Foxe Basin 1"
"396";396;"CAISN DFO";"Steensby Inlet T6";"Foxe Basin";10;"Fucus";0;0;3;"10 m depth";"Foxe Basin 1"
"397";397;"CAISN DFO";"Steensby Inlet T6";"Foxe Basin";10;"Green";0;0;3;"10 m depth";"Foxe Basin 1"
"398";398;"CAISN DFO";"Steensby Inlet T6";"Foxe Basin";10;"Red.algae.fleshy";0;0;3;"10 m depth";"Foxe Basin 1"
"399";399;"CAISN DFO";"Steensby Inlet T6";"Foxe Basin";10;"Saccorhiza";0;0;3;"10 m depth";"Foxe Basin 1"
"400";400;"Pangnirtung NFA";"Pangnirtung 1";"Davis Strait";5;"Alga.Roja.fol";0;0;3;"5 m depth";"Davis Strait 2"
"401";401;"Pangnirtung NFA";"Pangnirtung 1";"Davis Strait";5;"Desmarestia";0;0;3;"5 m depth";"Davis Strait 2"
"402";402;"Pangnirtung NFA";"Pangnirtung 1";"Davis Strait";5;"Filamentous";0;0;3;"5 m depth";"Davis Strait 2"
"403";403;"Pangnirtung NFA";"Pangnirtung 1";"Davis Strait";5;"Fucus";0;0;3;"5 m depth";"Davis Strait 2"
"404";404;"Pangnirtung NFA";"Pangnirtung 1";"Davis Strait";5;"Green";0;0;3;"5 m depth";"Davis Strait 2"
"405";405;"Pangnirtung NFA";"Pangnirtung 1";"Davis Strait";5;"Red.algae.fleshy";0;0;3;"5 m depth";"Davis Strait 2"
"406";406;"Pangnirtung NFA";"Pangnirtung 1";"Davis Strait";5;"Saccorhiza";0;0;3;"5 m depth";"Davis Strait 2"
"407";407;"Pangnirtung NFA";"Pangnirtung 1";"Davis Strait";10;"Alga.Roja.fol";0;0;2;"10 m depth";"Davis Strait 2"
"408";408;"Pangnirtung NFA";"Pangnirtung 1";"Davis Strait";10;"Desmarestia";0;0;2;"10 m depth";"Davis Strait 2"
"409";409;"Pangnirtung NFA";"Pangnirtung 1";"Davis Strait";10;"Filamentous";0;0;2;"10 m depth";"Davis Strait 2"
"410";410;"Pangnirtung NFA";"Pangnirtung 1";"Davis Strait";10;"Fucus";0;0;2;"10 m depth";"Davis Strait 2"
"411";411;"Pangnirtung NFA";"Pangnirtung 1";"Davis Strait";10;"Green";0;0;2;"10 m depth";"Davis Strait 2"
"412";412;"Pangnirtung NFA";"Pangnirtung 1";"Davis Strait";10;"Red.algae.fleshy";0;0;2;"10 m depth";"Davis Strait 2"
"413";413;"Pangnirtung NFA";"Pangnirtung 1";"Davis Strait";10;"Saccorhiza";0;0;2;"10 m depth";"Davis Strait 2"
"414";414;"Pangnirtung NFA";"Pangnirtung 1";"Davis Strait";15;"Alga.Roja.fol";0;0;3;"15 m depth";"Davis Strait 2"
"415";415;"Pangnirtung NFA";"Pangnirtung 1";"Davis Strait";15;"Desmarestia";0;0;3;"15 m depth";"Davis Strait 2"
"416";416;"Pangnirtung NFA";"Pangnirtung 1";"Davis Strait";15;"Filamentous";0;0;3;"15 m depth";"Davis Strait 2"
"417";417;"Pangnirtung NFA";"Pangnirtung 1";"Davis Strait";15;"Fucus";0;0;3;"15 m depth";"Davis Strait 2"
"418";418;"Pangnirtung NFA";"Pangnirtung 1";"Davis Strait";15;"Green";0;0;3;"15 m depth";"Davis Strait 2"
"419";419;"Pangnirtung NFA";"Pangnirtung 1";"Davis Strait";15;"Red.algae.fleshy";0;0;3;"15 m depth";"Davis Strait 2"
"420";420;"Pangnirtung NFA";"Pangnirtung 1";"Davis Strait";15;"Saccorhiza";0;0;3;"15 m depth";"Davis Strait 2"
"421";421;"Pangnirtung NFA";"Pangnirtung 2";"Davis Strait";5;"Alga.Roja.fol";0;0;3;"5 m depth";"Davis Strait 1"
"422";422;"Pangnirtung NFA";"Pangnirtung 2";"Davis Strait";5;"Desmarestia";0;0;3;"5 m depth";"Davis Strait 1"
"423";423;"Pangnirtung NFA";"Pangnirtung 2";"Davis Strait";5;"Filamentous";0;0;3;"5 m depth";"Davis Strait 1"
"424";424;"Pangnirtung NFA";"Pangnirtung 2";"Davis Strait";5;"Fucus";0;0;3;"5 m depth";"Davis Strait 1"
"425";425;"Pangnirtung NFA";"Pangnirtung 2";"Davis Strait";5;"Green";0;0;3;"5 m depth";"Davis Strait 1"
"426";426;"Pangnirtung NFA";"Pangnirtung 2";"Davis Strait";5;"Red.algae.fleshy";0;0;3;"5 m depth";"Davis Strait 1"
"427";427;"Pangnirtung NFA";"Pangnirtung 2";"Davis Strait";5;"Saccorhiza";0;0;3;"5 m depth";"Davis Strait 1"
"428";428;"Pangnirtung NFA";"Pangnirtung 2";"Davis Strait";10;"Alga.Roja.fol";0;0;8;"10 m depth";"Davis Strait 1"
"429";429;"Pangnirtung NFA";"Pangnirtung 2";"Davis Strait";10;"Desmarestia";0;0;8;"10 m depth";"Davis Strait 1"
"430";430;"Pangnirtung NFA";"Pangnirtung 2";"Davis Strait";10;"Filamentous";0;0;8;"10 m depth";"Davis Strait 1"
"431";431;"Pangnirtung NFA";"Pangnirtung 2";"Davis Strait";10;"Fucus";0;0;8;"10 m depth";"Davis Strait 1"
"432";432;"Pangnirtung NFA";"Pangnirtung 2";"Davis Strait";10;"Green";0;0;8;"10 m depth";"Davis Strait 1"
"433";433;"Pangnirtung NFA";"Pangnirtung 2";"Davis Strait";10;"Red.algae.fleshy";0;0;8;"10 m depth";"Davis Strait 1"
"434";434;"Pangnirtung NFA";"Pangnirtung 2";"Davis Strait";10;"Saccorhiza";0;0;8;"10 m depth";"Davis Strait 1"
"435";435;"Pangnirtung NFA";"Pangnirtung 2";"Davis Strait";15;"Alga.Roja.fol";0;0;4;"15 m depth";"Davis Strait 1"
"436";436;"Pangnirtung NFA";"Pangnirtung 2";"Davis Strait";15;"Desmarestia";0;0;4;"15 m depth";"Davis Strait 1"
"437";437;"Pangnirtung NFA";"Pangnirtung 2";"Davis Strait";15;"Filamentous";0;0;4;"15 m depth";"Davis Strait 1"
"438";438;"Pangnirtung NFA";"Pangnirtung 2";"Davis Strait";15;"Fucus";0;0;4;"15 m depth";"Davis Strait 1"
"439";439;"Pangnirtung NFA";"Pangnirtung 2";"Davis Strait";15;"Green";0;0;4;"15 m depth";"Davis Strait 1"
"440";440;"Pangnirtung NFA";"Pangnirtung 2";"Davis Strait";15;"Red.algae.fleshy";0;0;4;"15 m depth";"Davis Strait 1"
"441";441;"Pangnirtung NFA";"Pangnirtung 2";"Davis Strait";15;"Saccorhiza";0;0;4;"15 m depth";"Davis Strait 1"
"442";442;"PICKeR";"Black Point";"North Baffin Island";5;"Alga.Roja.fol";0;0;8;"5 m depth";"North Baffin Island 3"
"443";443;"PICKeR";"Black Point";"North Baffin Island";5;"Desmarestia";3,125;7,039;8;"5 m depth";"North Baffin Island 3"
"444";444;"PICKeR";"Black Point";"North Baffin Island";5;"Filamentous";0;0;8;"5 m depth";"North Baffin Island 3"
"445";445;"PICKeR";"Black Point";"North Baffin Island";5;"Fucus";0;0;8;"5 m depth";"North Baffin Island 3"
"446";446;"PICKeR";"Black Point";"North Baffin Island";5;"Green";0;0;8;"5 m depth";"North Baffin Island 3"
"447";447;"PICKeR";"Black Point";"North Baffin Island";5;"Red.algae.fleshy";0;0;8;"5 m depth";"North Baffin Island 3"
"448";448;"PICKeR";"Black Point";"North Baffin Island";5;"Saccorhiza";0;0;8;"5 m depth";"North Baffin Island 3"
"449";449;"PICKeR";"Black Point";"North Baffin Island";10;"Alga.Roja.fol";0;0;7;"10 m depth";"North Baffin Island 3"
"450";450;"PICKeR";"Black Point";"North Baffin Island";10;"Desmarestia";0;0;7;"10 m depth";"North Baffin Island 3"
"451";451;"PICKeR";"Black Point";"North Baffin Island";10;"Filamentous";0;0;7;"10 m depth";"North Baffin Island 3"
"452";452;"PICKeR";"Black Point";"North Baffin Island";10;"Fucus";0;0;7;"10 m depth";"North Baffin Island 3"
"453";453;"PICKeR";"Black Point";"North Baffin Island";10;"Green";0;0;7;"10 m depth";"North Baffin Island 3"
"454";454;"PICKeR";"Black Point";"North Baffin Island";10;"Red.algae.fleshy";0;0;7;"10 m depth";"North Baffin Island 3"
"455";455;"PICKeR";"Black Point";"North Baffin Island";10;"Saccorhiza";0;0;7;"10 m depth";"North Baffin Island 3"
"456";456;"PICKeR";"Iceberg Point";"North Baffin Island";5;"Alga.Roja.fol";0;0;8;"5 m depth";"North Baffin Island 5"
"457";457;"PICKeR";"Iceberg Point";"North Baffin Island";5;"Desmarestia";0;0;8;"5 m depth";"North Baffin Island 5"
"458";458;"PICKeR";"Iceberg Point";"North Baffin Island";5;"Filamentous";0;0;8;"5 m depth";"North Baffin Island 5"
"459";459;"PICKeR";"Iceberg Point";"North Baffin Island";5;"Fucus";0;0;8;"5 m depth";"North Baffin Island 5"
"460";460;"PICKeR";"Iceberg Point";"North Baffin Island";5;"Green";0;0;8;"5 m depth";"North Baffin Island 5"
"461";461;"PICKeR";"Iceberg Point";"North Baffin Island";5;"Red.algae.fleshy";0;0;8;"5 m depth";"North Baffin Island 5"
"462";462;"PICKeR";"Iceberg Point";"North Baffin Island";5;"Saccorhiza";0;0;8;"5 m depth";"North Baffin Island 5"
"463";463;"PICKeR";"Iceberg Point";"North Baffin Island";10;"Alga.Roja.fol";0;0;8;"10 m depth";"North Baffin Island 5"
"464";464;"PICKeR";"Iceberg Point";"North Baffin Island";10;"Desmarestia";0;0;8;"10 m depth";"North Baffin Island 5"
"465";465;"PICKeR";"Iceberg Point";"North Baffin Island";10;"Filamentous";0;0;8;"10 m depth";"North Baffin Island 5"
"466";466;"PICKeR";"Iceberg Point";"North Baffin Island";10;"Fucus";0;0;8;"10 m depth";"North Baffin Island 5"
"467";467;"PICKeR";"Iceberg Point";"North Baffin Island";10;"Green";0;0;8;"10 m depth";"North Baffin Island 5"
"468";468;"PICKeR";"Iceberg Point";"North Baffin Island";10;"Red.algae.fleshy";0;0;8;"10 m depth";"North Baffin Island 5"
"469";469;"PICKeR";"Iceberg Point";"North Baffin Island";10;"Saccorhiza";0;0;8;"10 m depth";"North Baffin Island 5"
"470";470;"PICKeR";"Narwhal Cove";"North Baffin Island";5;"Alga.Roja.fol";0;0;8;"5 m depth";"North Baffin Island 1"
"471";471;"PICKeR";"Narwhal Cove";"North Baffin Island";5;"Desmarestia";0;0;8;"5 m depth";"North Baffin Island 1"
"472";472;"PICKeR";"Narwhal Cove";"North Baffin Island";5;"Filamentous";3,75;8,763;8;"5 m depth";"North Baffin Island 1"
"473";473;"PICKeR";"Narwhal Cove";"North Baffin Island";5;"Fucus";0;0;8;"5 m depth";"North Baffin Island 1"
"474";474;"PICKeR";"Narwhal Cove";"North Baffin Island";5;"Green";0;0;8;"5 m depth";"North Baffin Island 1"
"475";475;"PICKeR";"Narwhal Cove";"North Baffin Island";5;"Red.algae.fleshy";0;0;8;"5 m depth";"North Baffin Island 1"
"476";476;"PICKeR";"Narwhal Cove";"North Baffin Island";5;"Saccorhiza";0;0;8;"5 m depth";"North Baffin Island 1"
"477";477;"PICKeR";"Narwhal Cove";"North Baffin Island";10;"Alga.Roja.fol";0;0;7;"10 m depth";"North Baffin Island 1"
"478";478;"PICKeR";"Narwhal Cove";"North Baffin Island";10;"Desmarestia";0;0;7;"10 m depth";"North Baffin Island 1"
"479";479;"PICKeR";"Narwhal Cove";"North Baffin Island";10;"Filamentous";0;0;7;"10 m depth";"North Baffin Island 1"
"480";480;"PICKeR";"Narwhal Cove";"North Baffin Island";10;"Fucus";0;0;7;"10 m depth";"North Baffin Island 1"
"481";481;"PICKeR";"Narwhal Cove";"North Baffin Island";10;"Green";0;0;7;"10 m depth";"North Baffin Island 1"
"482";482;"PICKeR";"Narwhal Cove";"North Baffin Island";10;"Red.algae.fleshy";0;0;7;"10 m depth";"North Baffin Island 1"
"483";483;"PICKeR";"Narwhal Cove";"North Baffin Island";10;"Saccorhiza";0;0;7;"10 m depth";"North Baffin Island 1"
"484";484;"PICKeR";"Pooh Corner";"North Baffin Island";5;"Alga.Roja.fol";0;0;8;"5 m depth";"North Baffin Island 6"
"485";485;"PICKeR";"Pooh Corner";"North Baffin Island";5;"Desmarestia";0;0;8;"5 m depth";"North Baffin Island 6"
"486";486;"PICKeR";"Pooh Corner";"North Baffin Island";5;"Filamentous";0;0;8;"5 m depth";"North Baffin Island 6"
"487";487;"PICKeR";"Pooh Corner";"North Baffin Island";5;"Fucus";0;0;8;"5 m depth";"North Baffin Island 6"
"488";488;"PICKeR";"Pooh Corner";"North Baffin Island";5;"Green";0;0;8;"5 m depth";"North Baffin Island 6"
"489";489;"PICKeR";"Pooh Corner";"North Baffin Island";5;"Red.algae.fleshy";0;0;8;"5 m depth";"North Baffin Island 6"
"490";490;"PICKeR";"Pooh Corner";"North Baffin Island";5;"Saccorhiza";0;0;8;"5 m depth";"North Baffin Island 6"
"491";491;"PICKeR";"Pooh Corner";"North Baffin Island";10;"Alga.Roja.fol";0;0;7;"10 m depth";"North Baffin Island 6"
"492";492;"PICKeR";"Pooh Corner";"North Baffin Island";10;"Desmarestia";0;0;7;"10 m depth";"North Baffin Island 6"
"493";493;"PICKeR";"Pooh Corner";"North Baffin Island";10;"Filamentous";0;0;7;"10 m depth";"North Baffin Island 6"
"494";494;"PICKeR";"Pooh Corner";"North Baffin Island";10;"Fucus";0;0;7;"10 m depth";"North Baffin Island 6"
"495";495;"PICKeR";"Pooh Corner";"North Baffin Island";10;"Green";0;0;7;"10 m depth";"North Baffin Island 6"
"496";496;"PICKeR";"Pooh Corner";"North Baffin Island";10;"Red.algae.fleshy";0;0;7;"10 m depth";"North Baffin Island 6"
"497";497;"PICKeR";"Pooh Corner";"North Baffin Island";10;"Saccorhiza";0;0;7;"10 m depth";"North Baffin Island 6"
"498";498;"PICKeR";"Sheaties Cabin";"North Baffin Island";5;"Alga.Roja.fol";0;0;8;"5 m depth";"North Baffin Island 4"
"499";499;"PICKeR";"Sheaties Cabin";"North Baffin Island";5;"Desmarestia";0;0;8;"5 m depth";"North Baffin Island 4"
"500";500;"PICKeR";"Sheaties Cabin";"North Baffin Island";5;"Filamentous";0;0;8;"5 m depth";"North Baffin Island 4"
"501";501;"PICKeR";"Sheaties Cabin";"North Baffin Island";5;"Fucus";0;0;8;"5 m depth";"North Baffin Island 4"
"502";502;"PICKeR";"Sheaties Cabin";"North Baffin Island";5;"Green";0;0;8;"5 m depth";"North Baffin Island 4"
"503";503;"PICKeR";"Sheaties Cabin";"North Baffin Island";5;"Red.algae.fleshy";0;0;8;"5 m depth";"North Baffin Island 4"
"504";504;"PICKeR";"Sheaties Cabin";"North Baffin Island";5;"Saccorhiza";0;0;8;"5 m depth";"North Baffin Island 4"
"505";505;"PICKeR";"Sheaties Cabin";"North Baffin Island";10;"Alga.Roja.fol";0;0;8;"10 m depth";"North Baffin Island 4"
"506";506;"PICKeR";"Sheaties Cabin";"North Baffin Island";10;"Desmarestia";0;0;8;"10 m depth";"North Baffin Island 4"
"507";507;"PICKeR";"Sheaties Cabin";"North Baffin Island";10;"Filamentous";0;0;8;"10 m depth";"North Baffin Island 4"
"508";508;"PICKeR";"Sheaties Cabin";"North Baffin Island";10;"Fucus";0;0;8;"10 m depth";"North Baffin Island 4"
"509";509;"PICKeR";"Sheaties Cabin";"North Baffin Island";10;"Green";0;0;8;"10 m depth";"North Baffin Island 4"
"510";510;"PICKeR";"Sheaties Cabin";"North Baffin Island";10;"Red.algae.fleshy";0;0;8;"10 m depth";"North Baffin Island 4"
"511";511;"PICKeR";"Sheaties Cabin";"North Baffin Island";10;"Saccorhiza";0;0;8;"10 m depth";"North Baffin Island 4"
"512";512;"PICKeR";"Trevor's Cove";"North Baffin Island";5;"Alga.Roja.fol";0;0;8;"5 m depth";"North Baffin Island 2"
"513";513;"PICKeR";"Trevor's Cove";"North Baffin Island";5;"Desmarestia";0;0;8;"5 m depth";"North Baffin Island 2"
"514";514;"PICKeR";"Trevor's Cove";"North Baffin Island";5;"Filamentous";33,75;32,596;8;"5 m depth";"North Baffin Island 2"
"515";515;"PICKeR";"Trevor's Cove";"North Baffin Island";5;"Fucus";0;0;8;"5 m depth";"North Baffin Island 2"
"516";516;"PICKeR";"Trevor's Cove";"North Baffin Island";5;"Green";0;0;8;"5 m depth";"North Baffin Island 2"
"517";517;"PICKeR";"Trevor's Cove";"North Baffin Island";5;"Red.algae.fleshy";0;0;8;"5 m depth";"North Baffin Island 2"
"518";518;"PICKeR";"Trevor's Cove";"North Baffin Island";5;"Saccorhiza";0;0;8;"5 m depth";"North Baffin Island 2"
"519";519;"PICKeR";"Trevor's Cove";"North Baffin Island";10;"Alga.Roja.fol";0;0;8;"10 m depth";"North Baffin Island 2"
"520";520;"PICKeR";"Trevor's Cove";"North Baffin Island";10;"Desmarestia";0;0;8;"10 m depth";"North Baffin Island 2"
"521";521;"PICKeR";"Trevor's Cove";"North Baffin Island";10;"Filamentous";0;0;8;"10 m depth";"North Baffin Island 2"
"522";522;"PICKeR";"Trevor's Cove";"North Baffin Island";10;"Fucus";0;0;8;"10 m depth";"North Baffin Island 2"
"523";523;"PICKeR";"Trevor's Cove";"North Baffin Island";10;"Green";0;0;8;"10 m depth";"North Baffin Island 2"
"524";524;"PICKeR";"Trevor's Cove";"North Baffin Island";10;"Red.algae.fleshy";0;0;8;"10 m depth";"North Baffin Island 2"
"525";525;"PICKeR";"Trevor's Cove";"North Baffin Island";10;"Saccorhiza";0;0;8;"10 m depth";"North Baffin Island 2"
"526";526;"SIMEP";"Bear Island";"Hudson Strait";10;"Alga.Roja.fol";0;0;8;"10 m depth";"Hudson Strait 1"
"527";527;"SIMEP";"Bear Island";"Hudson Strait";10;"Desmarestia";0;0;8;"10 m depth";"Hudson Strait 1"
"528";528;"SIMEP";"Bear Island";"Hudson Strait";10;"Filamentous";6,25;14,079;8;"10 m depth";"Hudson Strait 1"
"529";529;"SIMEP";"Bear Island";"Hudson Strait";10;"Fucus";25,625;13,479;8;"10 m depth";"Hudson Strait 1"
"530";530;"SIMEP";"Bear Island";"Hudson Strait";10;"Green";0;0;8;"10 m depth";"Hudson Strait 1"
"531";531;"SIMEP";"Bear Island";"Hudson Strait";10;"Red.algae.fleshy";0;0;8;"10 m depth";"Hudson Strait 1"
"532";532;"SIMEP";"Bear Island";"Hudson Strait";10;"Saccorhiza";0;0;8;"10 m depth";"Hudson Strait 1"
"533";533;"SIMEP";"Bear Island";"Hudson Strait";15;"Alga.Roja.fol";0;0;8;"15 m depth";"Hudson Strait 1"
"534";534;"SIMEP";"Bear Island";"Hudson Strait";15;"Desmarestia";6,25;9,161;8;"15 m depth";"Hudson Strait 1"
"535";535;"SIMEP";"Bear Island";"Hudson Strait";15;"Filamentous";0;0;8;"15 m depth";"Hudson Strait 1"
"536";536;"SIMEP";"Bear Island";"Hudson Strait";15;"Fucus";0;0;8;"15 m depth";"Hudson Strait 1"
"537";537;"SIMEP";"Bear Island";"Hudson Strait";15;"Green";0;0;8;"15 m depth";"Hudson Strait 1"
"538";538;"SIMEP";"Bear Island";"Hudson Strait";15;"Red.algae.fleshy";0;0;8;"15 m depth";"Hudson Strait 1"
"539";539;"SIMEP";"Bear Island";"Hudson Strait";15;"Saccorhiza";0;0;8;"15 m depth";"Hudson Strait 1"
"540";540;"SIMEP";"East Bay";"Foxe Basin";10;"Alga.Roja.fol";0;0;8;"10 m depth";"Foxe Basin 8"
"541";541;"SIMEP";"East Bay";"Foxe Basin";10;"Desmarestia";4,375;10,501;8;"10 m depth";"Foxe Basin 8"
"542";542;"SIMEP";"East Bay";"Foxe Basin";10;"Filamentous";0;0;8;"10 m depth";"Foxe Basin 8"
"543";543;"SIMEP";"East Bay";"Foxe Basin";10;"Fucus";0;0;8;"10 m depth";"Foxe Basin 8"
"544";544;"SIMEP";"East Bay";"Foxe Basin";10;"Green";0;0;8;"10 m depth";"Foxe Basin 8"
"545";545;"SIMEP";"East Bay";"Foxe Basin";10;"Red.algae.fleshy";0;0;8;"10 m depth";"Foxe Basin 8"
"546";546;"SIMEP";"East Bay";"Foxe Basin";10;"Saccorhiza";0;0;8;"10 m depth";"Foxe Basin 8"
"547";547;"SIMEP";"East Bay";"Foxe Basin";15;"Alga.Roja.fol";1,25;3,536;8;"15 m depth";"Foxe Basin 8"
"548";548;"SIMEP";"East Bay";"Foxe Basin";15;"Desmarestia";0;0;8;"15 m depth";"Foxe Basin 8"
"549";549;"SIMEP";"East Bay";"Foxe Basin";15;"Filamentous";1,25;3,536;8;"15 m depth";"Foxe Basin 8"
"550";550;"SIMEP";"East Bay";"Foxe Basin";15;"Fucus";0;0;8;"15 m depth";"Foxe Basin 8"
"551";551;"SIMEP";"East Bay";"Foxe Basin";15;"Green";0;0;8;"15 m depth";"Foxe Basin 8"
"552";552;"SIMEP";"East Bay";"Foxe Basin";15;"Red.algae.fleshy";2,5;5,345;8;"15 m depth";"Foxe Basin 8"
"553";553;"SIMEP";"East Bay";"Foxe Basin";15;"Saccorhiza";2,5;7,071;8;"15 m depth";"Foxe Basin 8"
"554";554;"SIMEP";"Station 10";"Roes Welcome Sound";10;"Alga.Roja.fol";0;0;8;"10 m depth";"Roes Welcome Sound 3"
"555";555;"SIMEP";"Station 10";"Roes Welcome Sound";10;"Desmarestia";15;32,071;8;"10 m depth";"Roes Welcome Sound 3"
"556";556;"SIMEP";"Station 10";"Roes Welcome Sound";10;"Filamentous";28,75;26,152;8;"10 m depth";"Roes Welcome Sound 3"
"557";557;"SIMEP";"Station 10";"Roes Welcome Sound";10;"Fucus";0,125;0,354;8;"10 m depth";"Roes Welcome Sound 3"
"558";558;"SIMEP";"Station 10";"Roes Welcome Sound";10;"Green";0;0;8;"10 m depth";"Roes Welcome Sound 3"
"559";559;"SIMEP";"Station 10";"Roes Welcome Sound";10;"Red.algae.fleshy";0;0;8;"10 m depth";"Roes Welcome Sound 3"
"560";560;"SIMEP";"Station 10";"Roes Welcome Sound";10;"Saccorhiza";3,25;5,874;8;"10 m depth";"Roes Welcome Sound 3"
"561";561;"SIMEP";"Station 10";"Roes Welcome Sound";15;"Alga.Roja.fol";1,625;3,852;8;"15 m depth";"Roes Welcome Sound 3"
"562";562;"SIMEP";"Station 10";"Roes Welcome Sound";15;"Desmarestia";6,25;17,678;8;"15 m depth";"Roes Welcome Sound 3"
"563";563;"SIMEP";"Station 10";"Roes Welcome Sound";15;"Filamentous";1,625;3,852;8;"15 m depth";"Roes Welcome Sound 3"
"564";564;"SIMEP";"Station 10";"Roes Welcome Sound";15;"Fucus";0;0;8;"15 m depth";"Roes Welcome Sound 3"
"565";565;"SIMEP";"Station 10";"Roes Welcome Sound";15;"Green";0;0;8;"15 m depth";"Roes Welcome Sound 3"
"566";566;"SIMEP";"Station 10";"Roes Welcome Sound";15;"Red.algae.fleshy";0;0;8;"15 m depth";"Roes Welcome Sound 3"
"567";567;"SIMEP";"Station 10";"Roes Welcome Sound";15;"Saccorhiza";0;0;8;"15 m depth";"Roes Welcome Sound 3"
"568";568;"SIMEP";"Station 12";"Roes Welcome Sound";10;"Alga.Roja.fol";0;0;8;"10 m depth";"Roes Welcome Sound 2"
"569";569;"SIMEP";"Station 12";"Roes Welcome Sound";10;"Desmarestia";1,25;3,536;8;"10 m depth";"Roes Welcome Sound 2"
"570";570;"SIMEP";"Station 12";"Roes Welcome Sound";10;"Filamentous";36,25;21,506;8;"10 m depth";"Roes Welcome Sound 2"
"571";571;"SIMEP";"Station 12";"Roes Welcome Sound";10;"Fucus";0;0;8;"10 m depth";"Roes Welcome Sound 2"
"572";572;"SIMEP";"Station 12";"Roes Welcome Sound";10;"Green";0;0;8;"10 m depth";"Roes Welcome Sound 2"
"573";573;"SIMEP";"Station 12";"Roes Welcome Sound";10;"Red.algae.fleshy";0;0;8;"10 m depth";"Roes Welcome Sound 2"
"574";574;"SIMEP";"Station 12";"Roes Welcome Sound";10;"Saccorhiza";14,375;14,252;8;"10 m depth";"Roes Welcome Sound 2"
"575";575;"SIMEP";"Station 12";"Roes Welcome Sound";15;"Alga.Roja.fol";13,75;4,787;4;"15 m depth";"Roes Welcome Sound 2"
"576";576;"SIMEP";"Station 12";"Roes Welcome Sound";15;"Desmarestia";0;0;4;"15 m depth";"Roes Welcome Sound 2"
"577";577;"SIMEP";"Station 12";"Roes Welcome Sound";15;"Filamentous";13,75;4,787;4;"15 m depth";"Roes Welcome Sound 2"
"578";578;"SIMEP";"Station 12";"Roes Welcome Sound";15;"Fucus";0;0;4;"15 m depth";"Roes Welcome Sound 2"
"579";579;"SIMEP";"Station 12";"Roes Welcome Sound";15;"Green";0;0;4;"15 m depth";"Roes Welcome Sound 2"
"580";580;"SIMEP";"Station 12";"Roes Welcome Sound";15;"Red.algae.fleshy";0;0;4;"15 m depth";"Roes Welcome Sound 2"
"581";581;"SIMEP";"Station 12";"Roes Welcome Sound";15;"Saccorhiza";0;0;4;"15 m depth";"Roes Welcome Sound 2"
"582";582;"SIMEP";"Station 13";"Roes Welcome Sound";10;"Alga.Roja.fol";8,75;7,906;8;"10 m depth";"Roes Welcome Sound 1"
"583";583;"SIMEP";"Station 13";"Roes Welcome Sound";10;"Desmarestia";0;0;8;"10 m depth";"Roes Welcome Sound 1"
"584";584;"SIMEP";"Station 13";"Roes Welcome Sound";10;"Filamentous";11,25;10,264;8;"10 m depth";"Roes Welcome Sound 1"
"585";585;"SIMEP";"Station 13";"Roes Welcome Sound";10;"Fucus";1,875;3,72;8;"10 m depth";"Roes Welcome Sound 1"
"586";586;"SIMEP";"Station 13";"Roes Welcome Sound";10;"Green";0;0;8;"10 m depth";"Roes Welcome Sound 1"
"587";587;"SIMEP";"Station 13";"Roes Welcome Sound";10;"Red.algae.fleshy";0;0;8;"10 m depth";"Roes Welcome Sound 1"
"588";588;"SIMEP";"Station 13";"Roes Welcome Sound";10;"Saccorhiza";0;0;8;"10 m depth";"Roes Welcome Sound 1"
"589";589;"SIMEP";"Station 13";"Roes Welcome Sound";15;"Alga.Roja.fol";0;0;8;"15 m depth";"Roes Welcome Sound 1"
"590";590;"SIMEP";"Station 13";"Roes Welcome Sound";15;"Desmarestia";0;0;8;"15 m depth";"Roes Welcome Sound 1"
"591";591;"SIMEP";"Station 13";"Roes Welcome Sound";15;"Filamentous";1,25;3,536;8;"15 m depth";"Roes Welcome Sound 1"
"592";592;"SIMEP";"Station 13";"Roes Welcome Sound";15;"Fucus";0;0;8;"15 m depth";"Roes Welcome Sound 1"
"593";593;"SIMEP";"Station 13";"Roes Welcome Sound";15;"Green";0;0;8;"15 m depth";"Roes Welcome Sound 1"
"594";594;"SIMEP";"Station 13";"Roes Welcome Sound";15;"Red.algae.fleshy";0;0;8;"15 m depth";"Roes Welcome Sound 1"
"595";595;"SIMEP";"Station 13";"Roes Welcome Sound";15;"Saccorhiza";0;0;8;"15 m depth";"Roes Welcome Sound 1"
"596";596;"SIMEP";"Station 14";"Foxe Basin";10;"Alga.Roja.fol";7,5;2,887;4;"10 m depth";"Foxe Basin 6"
"597";597;"SIMEP";"Station 14";"Foxe Basin";10;"Desmarestia";0;0;4;"10 m depth";"Foxe Basin 6"
"598";598;"SIMEP";"Station 14";"Foxe Basin";10;"Filamentous";7,5;2,887;4;"10 m depth";"Foxe Basin 6"
"599";599;"SIMEP";"Station 14";"Foxe Basin";10;"Fucus";0;0;4;"10 m depth";"Foxe Basin 6"
"600";600;"SIMEP";"Station 14";"Foxe Basin";10;"Green";0;0;4;"10 m depth";"Foxe Basin 6"
"601";601;"SIMEP";"Station 14";"Foxe Basin";10;"Red.algae.fleshy";3,75;4,787;4;"10 m depth";"Foxe Basin 6"
"602";602;"SIMEP";"Station 14";"Foxe Basin";10;"Saccorhiza";0;0;4;"10 m depth";"Foxe Basin 6"
"603";603;"SIMEP";"Station 14";"Foxe Basin";15;"Alga.Roja.fol";8,75;2,5;4;"15 m depth";"Foxe Basin 6"
"604";604;"SIMEP";"Station 14";"Foxe Basin";15;"Desmarestia";0;0;4;"15 m depth";"Foxe Basin 6"
"605";605;"SIMEP";"Station 14";"Foxe Basin";15;"Filamentous";8,75;2,5;4;"15 m depth";"Foxe Basin 6"
"606";606;"SIMEP";"Station 14";"Foxe Basin";15;"Fucus";0;0;4;"15 m depth";"Foxe Basin 6"
"607";607;"SIMEP";"Station 14";"Foxe Basin";15;"Green";0;0;4;"15 m depth";"Foxe Basin 6"
"608";608;"SIMEP";"Station 14";"Foxe Basin";15;"Red.algae.fleshy";3,75;2,5;4;"15 m depth";"Foxe Basin 6"
"609";609;"SIMEP";"Station 14";"Foxe Basin";15;"Saccorhiza";0;0;4;"15 m depth";"Foxe Basin 6"
"610";610;"SIMEP";"Station 17";"Foxe Basin";10;"Alga.Roja.fol";2,143;2,673;7;"10 m depth";"Foxe Basin 7"
"611";611;"SIMEP";"Station 17";"Foxe Basin";10;"Desmarestia";0;0;7;"10 m depth";"Foxe Basin 7"
"612";612;"SIMEP";"Station 17";"Foxe Basin";10;"Filamentous";2,143;2,673;7;"10 m depth";"Foxe Basin 7"
"613";613;"SIMEP";"Station 17";"Foxe Basin";10;"Fucus";0;0;7;"10 m depth";"Foxe Basin 7"
"614";614;"SIMEP";"Station 17";"Foxe Basin";10;"Green";0;0;7;"10 m depth";"Foxe Basin 7"
"615";615;"SIMEP";"Station 17";"Foxe Basin";10;"Red.algae.fleshy";2,143;3,934;7;"10 m depth";"Foxe Basin 7"
"616";616;"SIMEP";"Station 17";"Foxe Basin";10;"Saccorhiza";0;0;7;"10 m depth";"Foxe Basin 7"
"617";617;"SIMEP";"Station 17";"Foxe Basin";15;"Alga.Roja.fol";0,625;1,768;8;"15 m depth";"Foxe Basin 7"
"618";618;"SIMEP";"Station 17";"Foxe Basin";15;"Desmarestia";1,875;5,303;8;"15 m depth";"Foxe Basin 7"
"619";619;"SIMEP";"Station 17";"Foxe Basin";15;"Filamentous";0,625;1,768;8;"15 m depth";"Foxe Basin 7"
"620";620;"SIMEP";"Station 17";"Foxe Basin";15;"Fucus";0;0;8;"15 m depth";"Foxe Basin 7"
"621";621;"SIMEP";"Station 17";"Foxe Basin";15;"Green";0;0;8;"15 m depth";"Foxe Basin 7"
"622";622;"SIMEP";"Station 17";"Foxe Basin";15;"Red.algae.fleshy";1,25;3,536;8;"15 m depth";"Foxe Basin 7"
"623";623;"SIMEP";"Station 17";"Foxe Basin";15;"Saccorhiza";0;0;8;"15 m depth";"Foxe Basin 7"
"624";624;"SIMEP";"Station 20";"Hudson Strait";10;"Alga.Roja.fol";4,375;3,204;8;"10 m depth";"Hudson Strait 2"
"625";625;"SIMEP";"Station 20";"Hudson Strait";10;"Desmarestia";0;0;8;"10 m depth";"Hudson Strait 2"
"626";626;"SIMEP";"Station 20";"Hudson Strait";10;"Filamentous";4,375;3,204;8;"10 m depth";"Hudson Strait 2"
"627";627;"SIMEP";"Station 20";"Hudson Strait";10;"Fucus";0;0;8;"10 m depth";"Hudson Strait 2"
"628";628;"SIMEP";"Station 20";"Hudson Strait";10;"Green";0;0;8;"10 m depth";"Hudson Strait 2"
"629";629;"SIMEP";"Station 20";"Hudson Strait";10;"Red.algae.fleshy";6,25;3,536;8;"10 m depth";"Hudson Strait 2"
"630";630;"SIMEP";"Station 20";"Hudson Strait";10;"Saccorhiza";0;0;8;"10 m depth";"Hudson Strait 2"
"631";631;"SIMEP";"Station 20";"Hudson Strait";15;"Alga.Roja.fol";0;0;8;"15 m depth";"Hudson Strait 2"
"632";632;"SIMEP";"Station 20";"Hudson Strait";15;"Desmarestia";0;0;8;"15 m depth";"Hudson Strait 2"
"633";633;"SIMEP";"Station 20";"Hudson Strait";15;"Filamentous";60,625;28,213;8;"15 m depth";"Hudson Strait 2"
"634";634;"SIMEP";"Station 20";"Hudson Strait";15;"Fucus";0;0;8;"15 m depth";"Hudson Strait 2"
"635";635;"SIMEP";"Station 20";"Hudson Strait";15;"Green";8,125;9,978;8;"15 m depth";"Hudson Strait 2"
"636";636;"SIMEP";"Station 20";"Hudson Strait";15;"Red.algae.fleshy";5;6,547;8;"15 m depth";"Hudson Strait 2"
"637";637;"SIMEP";"Station 20";"Hudson Strait";15;"Saccorhiza";6,875;14,377;8;"15 m depth";"Hudson Strait 2"
"638";638;"SIMEP";"Station 21";"Hudson Strait";10;"Alga.Roja.fol";3,75;4,432;8;"10 m depth";"Hudson Strait 4"
"639";639;"SIMEP";"Station 21";"Hudson Strait";10;"Desmarestia";0;0;8;"10 m depth";"Hudson Strait 4"
"640";640;"SIMEP";"Station 21";"Hudson Strait";10;"Filamentous";6,25;6,944;8;"10 m depth";"Hudson Strait 4"
"641";641;"SIMEP";"Station 21";"Hudson Strait";10;"Fucus";0;0;8;"10 m depth";"Hudson Strait 4"
"642";642;"SIMEP";"Station 21";"Hudson Strait";10;"Green";0,625;1,768;8;"10 m depth";"Hudson Strait 4"
"643";643;"SIMEP";"Station 21";"Hudson Strait";10;"Red.algae.fleshy";8,125;7,039;8;"10 m depth";"Hudson Strait 4"
"644";644;"SIMEP";"Station 21";"Hudson Strait";10;"Saccorhiza";0;0;8;"10 m depth";"Hudson Strait 4"
"645";645;"SIMEP";"Station 21";"Hudson Strait";15;"Alga.Roja.fol";0,625;1,768;8;"15 m depth";"Hudson Strait 4"
"646";646;"SIMEP";"Station 21";"Hudson Strait";15;"Desmarestia";0;0;8;"15 m depth";"Hudson Strait 4"
"647";647;"SIMEP";"Station 21";"Hudson Strait";15;"Filamentous";0,625;1,768;8;"15 m depth";"Hudson Strait 4"
"648";648;"SIMEP";"Station 21";"Hudson Strait";15;"Fucus";0;0;8;"15 m depth";"Hudson Strait 4"
"649";649;"SIMEP";"Station 21";"Hudson Strait";15;"Green";0;0;8;"15 m depth";"Hudson Strait 4"
"650";650;"SIMEP";"Station 21";"Hudson Strait";15;"Red.algae.fleshy";5;5,976;8;"15 m depth";"Hudson Strait 4"
"651";651;"SIMEP";"Station 21";"Hudson Strait";15;"Saccorhiza";0;0;8;"15 m depth";"Hudson Strait 4"
"652";652;"SIMEP";"Station 22";"Hudson Strait";10;"Alga.Roja.fol";5,625;9,425;8;"10 m depth";"Hudson Strait 6"
"653";653;"SIMEP";"Station 22";"Hudson Strait";10;"Desmarestia";0;0;8;"10 m depth";"Hudson Strait 6"
"654";654;"SIMEP";"Station 22";"Hudson Strait";10;"Filamentous";9,375;10,155;8;"10 m depth";"Hudson Strait 6"
"655";655;"SIMEP";"Station 22";"Hudson Strait";10;"Fucus";0;0;8;"10 m depth";"Hudson Strait 6"
"656";656;"SIMEP";"Station 22";"Hudson Strait";10;"Green";0,625;1,768;8;"10 m depth";"Hudson Strait 6"
"657";657;"SIMEP";"Station 22";"Hudson Strait";10;"Red.algae.fleshy";5;8,864;8;"10 m depth";"Hudson Strait 6"
"658";658;"SIMEP";"Station 22";"Hudson Strait";10;"Saccorhiza";1,25;3,536;8;"10 m depth";"Hudson Strait 6"
"659";659;"SIMEP";"Station 22";"Hudson Strait";15;"Alga.Roja.fol";0,556;1,667;9;"15 m depth";"Hudson Strait 6"
"660";660;"SIMEP";"Station 22";"Hudson Strait";15;"Desmarestia";11,111;24,594;9;"15 m depth";"Hudson Strait 6"
"661";661;"SIMEP";"Station 22";"Hudson Strait";15;"Filamentous";0,556;1,667;9;"15 m depth";"Hudson Strait 6"
"662";662;"SIMEP";"Station 22";"Hudson Strait";15;"Fucus";0;0;9;"15 m depth";"Hudson Strait 6"
"663";663;"SIMEP";"Station 22";"Hudson Strait";15;"Green";0;0;9;"15 m depth";"Hudson Strait 6"
"664";664;"SIMEP";"Station 22";"Hudson Strait";15;"Red.algae.fleshy";0,556;1,667;9;"15 m depth";"Hudson Strait 6"
"665";665;"SIMEP";"Station 22";"Hudson Strait";15;"Saccorhiza";0;0;9;"15 m depth";"Hudson Strait 6"
"666";666;"SIMEP";"Station 25";"Hudson Strait";10;"Alga.Roja.fol";4,375;5,63;8;"10 m depth";"Hudson Strait 5"
"667";667;"SIMEP";"Station 25";"Hudson Strait";10;"Desmarestia";3,75;7,44;8;"10 m depth";"Hudson Strait 5"
"668";668;"SIMEP";"Station 25";"Hudson Strait";10;"Filamentous";6,875;10,329;8;"10 m depth";"Hudson Strait 5"
"669";669;"SIMEP";"Station 25";"Hudson Strait";10;"Fucus";0;0;8;"10 m depth";"Hudson Strait 5"
"670";670;"SIMEP";"Station 25";"Hudson Strait";10;"Green";0;0;8;"10 m depth";"Hudson Strait 5"
"671";671;"SIMEP";"Station 25";"Hudson Strait";10;"Red.algae.fleshy";8,75;10,938;8;"10 m depth";"Hudson Strait 5"
"672";672;"SIMEP";"Station 25";"Hudson Strait";10;"Saccorhiza";0;0;8;"10 m depth";"Hudson Strait 5"
"673";673;"SIMEP";"Station 25";"Hudson Strait";15;"Alga.Roja.fol";6,429;6,901;7;"15 m depth";"Hudson Strait 5"
"674";674;"SIMEP";"Station 25";"Hudson Strait";15;"Desmarestia";2,143;5,669;7;"15 m depth";"Hudson Strait 5"
"675";675;"SIMEP";"Station 25";"Hudson Strait";15;"Filamentous";6,429;6,901;7;"15 m depth";"Hudson Strait 5"
"676";676;"SIMEP";"Station 25";"Hudson Strait";15;"Fucus";0;0;7;"15 m depth";"Hudson Strait 5"
"677";677;"SIMEP";"Station 25";"Hudson Strait";15;"Green";0;0;7;"15 m depth";"Hudson Strait 5"
"678";678;"SIMEP";"Station 25";"Hudson Strait";15;"Red.algae.fleshy";6,429;6,268;7;"15 m depth";"Hudson Strait 5"
"679";679;"SIMEP";"Station 25";"Hudson Strait";15;"Saccorhiza";0;0;7;"15 m depth";"Hudson Strait 5"
"680";680;"SIMEP";"Station 3";"Hudson Strait";15;"Alga.Roja.fol";1;1,773;8;"15 m depth";"Hudson Strait 3"
"681";681;"SIMEP";"Station 3";"Hudson Strait";15;"Desmarestia";1,25;3,536;8;"15 m depth";"Hudson Strait 3"
"682";682;"SIMEP";"Station 3";"Hudson Strait";15;"Filamentous";1;1,773;8;"15 m depth";"Hudson Strait 3"
"683";683;"SIMEP";"Station 3";"Hudson Strait";15;"Fucus";0;0;8;"15 m depth";"Hudson Strait 3"
"684";684;"SIMEP";"Station 3";"Hudson Strait";15;"Green";0;0;8;"15 m depth";"Hudson Strait 3"
"685";685;"SIMEP";"Station 3";"Hudson Strait";15;"Red.algae.fleshy";1,75;2,053;8;"15 m depth";"Hudson Strait 3"
"686";686;"SIMEP";"Station 3";"Hudson Strait";15;"Saccorhiza";0;0;8;"15 m depth";"Hudson Strait 3"
"687";687;"SIMEP";"Station 6";"Roes Welcome Sound";10;"Alga.Roja.fol";0;0;8;"10 m depth";"Roes Welcome Sound 5"
"688";688;"SIMEP";"Station 6";"Roes Welcome Sound";10;"Desmarestia";0;0;8;"10 m depth";"Roes Welcome Sound 5"
"689";689;"SIMEP";"Station 6";"Roes Welcome Sound";10;"Filamentous";23,75;15,295;8;"10 m depth";"Roes Welcome Sound 5"
"690";690;"SIMEP";"Station 6";"Roes Welcome Sound";10;"Fucus";0,625;1,768;8;"10 m depth";"Roes Welcome Sound 5"
"691";691;"SIMEP";"Station 6";"Roes Welcome Sound";10;"Green";0;0;8;"10 m depth";"Roes Welcome Sound 5"
"692";692;"SIMEP";"Station 6";"Roes Welcome Sound";10;"Red.algae.fleshy";0,125;0,354;8;"10 m depth";"Roes Welcome Sound 5"
"693";693;"SIMEP";"Station 6";"Roes Welcome Sound";10;"Saccorhiza";0;0;8;"10 m depth";"Roes Welcome Sound 5"
"694";694;"SIMEP";"Station 6";"Roes Welcome Sound";15;"Alga.Roja.fol";0,25;0,5;4;"15 m depth";"Roes Welcome Sound 5"
"695";695;"SIMEP";"Station 6";"Roes Welcome Sound";15;"Desmarestia";6,25;7,5;4;"15 m depth";"Roes Welcome Sound 5"
"696";696;"SIMEP";"Station 6";"Roes Welcome Sound";15;"Filamentous";0,25;0,5;4;"15 m depth";"Roes Welcome Sound 5"
"697";697;"SIMEP";"Station 6";"Roes Welcome Sound";15;"Fucus";0;0;4;"15 m depth";"Roes Welcome Sound 5"
"698";698;"SIMEP";"Station 6";"Roes Welcome Sound";15;"Green";0;0;4;"15 m depth";"Roes Welcome Sound 5"
"699";699;"SIMEP";"Station 6";"Roes Welcome Sound";15;"Red.algae.fleshy";0,25;0,5;4;"15 m depth";"Roes Welcome Sound 5"
"700";700;"SIMEP";"Station 6";"Roes Welcome Sound";15;"Saccorhiza";0;0;4;"15 m depth";"Roes Welcome Sound 5"
"701";701;"SIMEP";"Station 8";"Roes Welcome Sound";10;"Alga.Roja.fol";0;0;8;"10 m depth";"Roes Welcome Sound 4"
"702";702;"SIMEP";"Station 8";"Roes Welcome Sound";10;"Desmarestia";18,75;16,202;8;"10 m depth";"Roes Welcome Sound 4"
"703";703;"SIMEP";"Station 8";"Roes Welcome Sound";10;"Filamentous";0;0;8;"10 m depth";"Roes Welcome Sound 4"
"704";704;"SIMEP";"Station 8";"Roes Welcome Sound";10;"Fucus";0;0;8;"10 m depth";"Roes Welcome Sound 4"
"705";705;"SIMEP";"Station 8";"Roes Welcome Sound";10;"Green";0;0;8;"10 m depth";"Roes Welcome Sound 4"
"706";706;"SIMEP";"Station 8";"Roes Welcome Sound";10;"Red.algae.fleshy";0;0;8;"10 m depth";"Roes Welcome Sound 4"
"707";707;"SIMEP";"Station 8";"Roes Welcome Sound";10;"Saccorhiza";0;0;8;"10 m depth";"Roes Welcome Sound 4"
"708";708;"SIMEP";"Station 8";"Roes Welcome Sound";15;"Alga.Roja.fol";0;0;6;"15 m depth";"Roes Welcome Sound 4"
"709";709;"SIMEP";"Station 8";"Roes Welcome Sound";15;"Desmarestia";26,667;19,916;6;"15 m depth";"Roes Welcome Sound 4"
"710";710;"SIMEP";"Station 8";"Roes Welcome Sound";15;"Filamentous";0;0;6;"15 m depth";"Roes Welcome Sound 4"
"711";711;"SIMEP";"Station 8";"Roes Welcome Sound";15;"Fucus";0;0;6;"15 m depth";"Roes Welcome Sound 4"
"712";712;"SIMEP";"Station 8";"Roes Welcome Sound";15;"Green";0;0;6;"15 m depth";"Roes Welcome Sound 4"
"713";713;"SIMEP";"Station 8";"Roes Welcome Sound";15;"Red.algae.fleshy";0;0;6;"15 m depth";"Roes Welcome Sound 4"
"714";714;"SIMEP";"Station 8";"Roes Welcome Sound";15;"Saccorhiza";0;0;6;"15 m depth";"Roes Welcome Sound 4"
"715";715;"Vagabond";"Grise fiord";"Ellesmere";10;"Alga.Roja.fol";0;0;4;"10 m depth";"Ellesmere 4"
"716";716;"Vagabond";"Grise fiord";"Ellesmere";10;"Desmarestia";0;0;4;"10 m depth";"Ellesmere 4"
"717";717;"Vagabond";"Grise fiord";"Ellesmere";10;"Filamentous";0;0;4;"10 m depth";"Ellesmere 4"
"718";718;"Vagabond";"Grise fiord";"Ellesmere";10;"Fucus";0;0;4;"10 m depth";"Ellesmere 4"
"719";719;"Vagabond";"Grise fiord";"Ellesmere";10;"Green";0;0;4;"10 m depth";"Ellesmere 4"
"720";720;"Vagabond";"Grise fiord";"Ellesmere";10;"Red.algae.fleshy";0;0;4;"10 m depth";"Ellesmere 4"
"721";721;"Vagabond";"Grise fiord";"Ellesmere";10;"Saccorhiza";0;0;4;"10 m depth";"Ellesmere 4"
"722";722;"Vagabond";"Harbour fiord";"Ellesmere";10;"Alga.Roja.fol";0;0;7;"10 m depth";"Ellesmere 2"
"723";723;"Vagabond";"Harbour fiord";"Ellesmere";10;"Desmarestia";0;0;7;"10 m depth";"Ellesmere 2"
"724";724;"Vagabond";"Harbour fiord";"Ellesmere";10;"Filamentous";0;0;7;"10 m depth";"Ellesmere 2"
"725";725;"Vagabond";"Harbour fiord";"Ellesmere";10;"Fucus";0;0;7;"10 m depth";"Ellesmere 2"
"726";726;"Vagabond";"Harbour fiord";"Ellesmere";10;"Green";0;0;7;"10 m depth";"Ellesmere 2"
"727";727;"Vagabond";"Harbour fiord";"Ellesmere";10;"Red.algae.fleshy";0;0;7;"10 m depth";"Ellesmere 2"
"728";728;"Vagabond";"Harbour fiord";"Ellesmere";10;"Saccorhiza";0;0;7;"10 m depth";"Ellesmere 2"
"729";729;"Vagabond";"Starnes Fiord";"Ellesmere";10;"Alga.Roja.fol";0;0;4;"10 m depth";"Ellesmere 1"
"730";730;"Vagabond";"Starnes Fiord";"Ellesmere";10;"Desmarestia";0;0;4;"10 m depth";"Ellesmere 1"
"731";731;"Vagabond";"Starnes Fiord";"Ellesmere";10;"Filamentous";0;0;4;"10 m depth";"Ellesmere 1"
"732";732;"Vagabond";"Starnes Fiord";"Ellesmere";10;"Fucus";0;0;4;"10 m depth";"Ellesmere 1"
"733";733;"Vagabond";"Starnes Fiord";"Ellesmere";10;"Green";0;0;4;"10 m depth";"Ellesmere 1"
"734";734;"Vagabond";"Starnes Fiord";"Ellesmere";10;"Red.algae.fleshy";0;0;4;"10 m depth";"Ellesmere 1"
"735";735;"Vagabond";"Starnes Fiord";"Ellesmere";10;"Saccorhiza";0;0;4;"10 m depth";"Ellesmere 1"
"736";736;"Vagabond";"Vaga20.23a";"Ellesmere";10;"Alga.Roja.fol";0;0;10;"10 m depth";"Ellesmere 3"
"737";737;"Vagabond";"Vaga20.23a";"Ellesmere";10;"Desmarestia";0;0;10;"10 m depth";"Ellesmere 3"
"738";738;"Vagabond";"Vaga20.23a";"Ellesmere";10;"Filamentous";0;0;10;"10 m depth";"Ellesmere 3"
"739";739;"Vagabond";"Vaga20.23a";"Ellesmere";10;"Fucus";0;0;10;"10 m depth";"Ellesmere 3"
"740";740;"Vagabond";"Vaga20.23a";"Ellesmere";10;"Green";0;0;10;"10 m depth";"Ellesmere 3"
"741";741;"Vagabond";"Vaga20.23a";"Ellesmere";10;"Red.algae.fleshy";0;0;10;"10 m depth";"Ellesmere 3"
"742";742;"Vagabond";"Vaga20.23a";"Ellesmere";10;"Saccorhiza";0;0;10;"10 m depth";"Ellesmere 3"
