Campaign;Date;Site;Quadrat size m2;Depth m;Quadrat;Bedrock %;Boulders %;Cobbles %;Pebbles %;Sand %;Shell;S.latissima No.;S. latissima %;SL Juveniles No.;Agarum No.;Agarum %;Aga. Juveniles;Alaria No.;Alaria %;Ala. Juveniles;Desmarestia No.;Desmarestia %;Coralline algae %;Fucus %;Saccorhiza No.;Saccorhiza %;L. solid No.;L. solid %;L. solid juv;L. digitata No.;L. digitata %;Filamentosa %;Filament Brown %;Alga Roja Ram;Alga Roja fol;Green algae %;Sea Urchin No.;Chitons;Polychaetos;Sea stars;Sculpin;Fish No.;Sea Cucumber;Anemons;Ophiurida;Giant Isopod;Eggs Gastro;Bivalves;Gastropods;Bryozoos %;Hydrozoos %;Barnacles %_;Crab;Porifera;Ascidea pedunculada;Laminariales unspecified;Notes
PICKeR;29.08.2019;Narwhal Cove;1;10;1;100;0;0;;0;;0;0;0;3;25;0;0;0;;;0;100;;;0;0;0;0;0;0;0;0;0;0;0;3;;;0;;0;;0;;;;0;;;;;;;;0;
PICKeR;29.08.2019;Narwhal Cove;1;10;2;100;0;0;;0;;0;0;0;4;80;2;0;0;;;0;100;;;0;0;0;0;0;0;0;0;0;0;0;4;;;0;;0;;0;;;;0;;;;;;;;0;
PICKeR;29.08.2019;Narwhal Cove;1;10;3;100;0;0;;0;;0;0;0;3;40;1;0;0;;;0;100;;;0;0;0;0;0;0;0;0;0;0;0;3;;;0;;0;;0;;;;0;;;;;;;;0;
PICKeR;29.08.2019;Narwhal Cove;1;10;4;100;0;0;;0;;0;0;0;3;80;0;0;0;;;0;100;;;0;0;0;0;0;0;0;0;0;0;0;3;;;0;;0;;0;;;;0;;;;;;;;0;
PICKeR;29.08.2019;Narwhal Cove;1;10;5;100;0;0;;0;;0;0;0;5;70;0;0;0;;;0;100;;;0;0;0;0;0;0;0;0;0;0;0;5;;;0;;0;;0;;;;0;;;;;;;;0;
PICKeR;29.08.2019;Narwhal Cove;1;10;6;100;0;0;;0;;0;0;0;10;90;1;0;0;;;0;100;;;0;0;0;0;0;0;0;0;0;0;0;10;;;0;;0;;0;;;;0;;;;;;;;0;
PICKeR;29.08.2019;Narwhal Cove;1;10;7;100;0;0;;0;;0;0;0;5;65;1;0;0;;;0;100;;;0;0;0;0;0;0;0;0;0;0;0;5;;;0;;0;;0;;;;0;;;;;;;;0;
PICKeR;29.08.2019;Narwhal Cove;1;5;1;0;100;0;;0;;0;0;0;10;90;5;0;0;;;0;95;;;0;0;0;0;0;0;0;0;0;0;0;10;;;1;;0;;0;;;;0;;;;;;;;0;
PICKeR;29.08.2019;Narwhal Cove;1;5;2;100;0;0;;0;;0;0;0;7;75;0;0;0;;;0;100;;;0;0;0;0;0;0;0;0;0;0;0;7;;;0;;0;;0;;;;0;;;;;;;;0;
PICKeR;29.08.2019;Narwhal Cove;1;5;3;100;0;0;;0;;0;0;0;2;10;0;0;0;;;0;10;;;0;0;0;0;0;0;0;25;0;0;0;2;;;1;;0;;0;;;;0;;;;;;;;0;
PICKeR;29.08.2019;Narwhal Cove;1;5;4;0;0;0;;0;;0;0;0;8;75;3;0;0;;;0;90;;;0;0;0;0;0;0;0;0;0;0;0;8;;;0;;0;;0;;;;0;;;;;;;;0;
PICKeR;29.08.2019;Narwhal Cove;1;5;5;50;0;50;;0;;0;0;0;13;75;0;0;0;;;0;75;;;0;0;0;0;0;0;0;0;0;0;0;13;;;0;;0;;0;;;;0;;;;;;;;0;
PICKeR;29.08.2019;Narwhal Cove;1;5;6;0;50;50;;0;;0;0;0;6;100;2;0;0;;;0;85;;;0;0;0;0;0;0;0;0;0;0;0;6;;;0;;1;;0;;;;0;;;;;;;;0;
PICKeR;29.08.2019;Narwhal Cove;1;5;7;0;100;0;;0;;0;0;0;3;50;12;0;0;;;0;80;;;0;0;0;0;0;0;0;5;0;0;0;3;;;0;;0;;0;;;;0;;;;;;;;0;
PICKeR;29.08.2019;Narwhal Cove;1;5;8;0;100;0;;0;;0;0;0;11;75;0;0;0;;;0;90;;;0;0;0;0;0;0;0;0;0;0;0;11;;;1;;0;;0;;;;0;;;;;;;;0;
PICKeR;29.08.2019;Trevor's Cove;1;10;1;90;0;5;;5;;0;0;0;3;60;0;0;0;;;0;90;;;0;0;0;1;0;0;0;0;0;0;0;3;;;0;;1;;0;;;;0;;;;;;;;0;
PICKeR;29.08.2019;Trevor's Cove;1;10;2;80;15;0;;3;;0;0;0;7;85;0;0;0;;;0;80;;;0;0;0;0;0;0;0;0;0;0;0;7;;;0;;1;;0;;;;0;;;;;;;;0;
PICKeR;29.08.2019;Trevor's Cove;1;10;3;0;50;0;;50;;0;0;0;9;40;0;0;0;;;0;25;;;0;0;0;0;0;0;0;0;0;0;0;9;;;0;;0;;0;;;;0;;;;;;;;0;
PICKeR;29.08.2019;Trevor's Cove;1;10;4;50;0;59;;0;;0;0;0;0;0;0;0;0;;;0;100;;;0;0;0;0;0;0;0;0;0;0;0;0;;;0;;0;;0;;;;0;;;;;;;;0;
PICKeR;29.08.2019;Trevor's Cove;1;10;5;100;0;0;;0;;0;0;0;5;35;0;0;0;;;0;100;;;0;0;0;0;0;0;0;0;0;0;0;5;;;0;;0;;0;;;;0;;;;;;;;0;
PICKeR;29.08.2019;Trevor's Cove;1;10;6;0;45;0;;55;;0;0;0;0;20;0;0;0;;;0;22;;;0;0;0;0;0;0;0;0;0;0;0;0;;;0;;0;;0;;;;0;;;;;;;;0;
PICKeR;29.08.2019;Trevor's Cove;1;10;7;0;0;100;;0;;0;0;0;1;5;0;0;0;;;0;50;;;0;0;0;0;0;0;0;0;0;0;0;1;;;0;;0;;0;;;;0;;;;;;;;0;
PICKeR;29.08.2019;Trevor's Cove;1;10;8;0;75;0;;25;;0;0;0;4;40;0;0;0;;;0;0;;;0;0;0;0;0;0;0;0;0;0;0;4;;;0;;0;;0;;;;0;;;;;;;;0;
PICKeR;02.09.2019;Iceberg Point;1;10;1;0;0;100;;0;;0;0;0;0;5;2;0;0;;;0;95;;;0;0;0;0;0;0;0;0;0;0;0;0;;;0;;0;;0;;;;0;;;;;;;;0;
PICKeR;02.09.2019;Iceberg Point;1;10;2;30;0;70;;0;;0;0;0;5;20;0;0;0;;;0;95;;;0;0;0;0;0;0;0;0;0;0;0;5;;;0;;0;;0;;;;0;;;;;;;;0;
PICKeR;02.09.2019;Iceberg Point;1;10;3;20;0;80;;0;;0;0;0;9;75;0;0;0;;;0;90;;;0;0;0;0;0;0;0;0;0;0;0;9;;;0;;0;;0;;;;0;;;;;;;;0;
PICKeR;02.09.2019;Iceberg Point;1;10;4;0;0;30;;70;;0;0;0;0;0;0;0;0;;;0;90;;;0;0;0;0;0;0;0;0;0;0;0;0;;;0;;0;;0;;;;0;;;;;;;;0;
PICKeR;02.09.2019;Iceberg Point;1;10;5;0;0;0;;0;;0;0;0;0;0;0;0;0;;;0;0;;;0;0;0;0;0;0;0;0;0;0;0;0;;;0;;0;;0;;;;0;;;;;;;;0;
PICKeR;02.09.2019;Iceberg Point;1;10;6;0;0;100;;0;;0;0;0;5;50;0;0;0;;;0;0;;;0;0;0;0;0;0;0;0;0;0;0;5;;;0;;0;;0;;;;0;;;;;;;;0;
PICKeR;02.09.2019;Iceberg Point;1;10;7;0;0;100;;0;;0;0;0;0;0;0;0;0;;;0;;;;0;0;0;0;0;0;0;0;0;0;0;0;;;0;;0;;0;;;;0;;;;;;;;0;
PICKeR;02.09.2019;Iceberg Point;1;10;8;0;0;100;;0;;0;0;0;2;30;0;0;0;;;0;80;;;0;0;0;0;0;0;0;0;0;0;0;2;;;0;;0;;0;;;;0;;;;;;;;0;
PICKeR;03.09.2019;Black Point;1;10;1;0;50;50;;0;;0;0;0;0;0;0;0;0;;;0;30;;;0;0;0;0;0;0;0;0;0;0;0;0;;;0;;0;;0;;;;0;;;;;;;;0;
PICKeR;03.09.2019;Black Point;1;10;2;0;0;65;;35;;0;0;0;2;40;0;0;0;;;0;55;;;0;0;0;0;0;0;0;0;0;0;0;2;;;0;;0;;0;;;;0;;;;;;;;0;
PICKeR;03.09.2019;Black Point;1;10;3;0;0;40;;60;;0;0;0;0;0;0;0;0;;;0;35;;;0;0;0;0;0;0;0;0;0;0;0;0;;;0;;0;;0;;;;0;;;;;;;;0;
PICKeR;03.09.2019;Black Point;1;10;4;0;100;0;;0;;0;0;0;3;35;0;0;0;;;0;70;;;0;0;0;0;0;0;0;0;0;0;0;3;;;0;;0;;0;;;;0;;;;;;;;0;
PICKeR;03.09.2019;Black Point;1;10;5;0;60;40;;0;;0;0;0;0;5;0;0;0;;;0;65;;;0;0;0;0;0;0;0;0;0;0;0;0;;;0;;0;;0;;;;0;;;;;;;;0;
PICKeR;03.09.2019;Black Point;1;10;6;0;0;80;;20;;0;0;0;3;80;0;0;0;;;0;60;;;0;0;0;0;0;0;0;0;0;0;0;3;;;0;;0;;0;;;;0;;;;;;;;0;
PICKeR;03.09.2019;Black Point;1;10;7;0;80;0;;20;;0;0;0;5;65;0;0;0;;;0;70;;;0;0;0;0;0;0;0;0;0;0;0;5;;;0;;0;;0;;;;0;;;;;;;;0;
PICKeR;05.09.2019;Trevor's Cove;1;5;1;100;0;0;;0;;0;0;0;3;22;0;1;8;;;0;50;;;0;0;0;0;0;0;0;30;0;0;0;3;;;0;;0;;0;;;;0;;;;;;;;0;
PICKeR;05.09.2019;Trevor's Cove;1;5;2;100;0;0;;0;;0;0;0;3;20;0;0;0;;;0;62;;;0;0;0;0;0;0;0;5;0;0;0;3;;;0;;0;;0;;;;0;;;;;;;;0;
PICKeR;05.09.2019;Trevor's Cove;1;5;3;100;0;0;;0;;0;0;0;0;20;0;0;0;;;0;75;;;0;0;0;0;0;0;0;85;0;0;0;0;;;0;;0;;0;;;;0;;;;;;;;0;
PICKeR;05.09.2019;Trevor's Cove;1;5;4;85;0;15;;0;;0;0;0;5;28;0;1;7;;;0;85;;;0;0;0;0;0;0;0;5;0;0;0;5;;;0;;0;;0;;;;0;;;;;;;;0;
PICKeR;05.09.2019;Trevor's Cove;1;5;5;75;10;15;;0;;0;0;0;0;0;0;1;20;;;0;60;;;0;0;0;0;0;0;0;15;0;0;0;0;;;0;;0;;0;;;;0;;;;;;;;0;
PICKeR;05.09.2019;Trevor's Cove;1;5;6;30;50;20;;0;;0;0;0;2;15;1;0;0;;;0;25;;;0;0;0;0;0;0;0;5;0;0;0;2;;;0;;0;;0;;;;0;;;;;;;;0;
PICKeR;05.09.2019;Trevor's Cove;1;5;7;100;0;0;;0;;0;0;0;0;0;0;1;3;;;0;85;;;0;0;0;0;0;0;0;50;0;0;0;0;;;0;;0;;0;;;;0;;;;;;;;0;
PICKeR;05.09.2019;Trevor's Cove;1;5;8;100;0;0;;0;;0;0;0;2;15;0;0;0;;;0;85;;;0;0;0;0;0;0;0;75;0;0;0;2;;;0;;0;;0;;;;0;;;;;;;;0;
PICKeR;06.09.2019;Pooh Corner;1;5;1;0;0;100;;0;;0;0;0;5;80;0;0;0;;;0;90;;;0;0;0;0;0;0;0;0;0;0;0;5;;;0;;0;;0;;;;0;;;;;;;;0;
PICKeR;06.09.2019;Pooh Corner;1;5;2;0;20;80;;0;;0;0;0;2;60;0;0;0;;;0;70;;;0;0;0;0;0;0;0;0;0;0;0;2;;;0;;0;;0;;;;0;;;;;;;;0;
PICKeR;06.09.2019;Pooh Corner;1;5;3;30;70;0;;0;;0;0;0;9;60;0;0;0;;;0;50;;;0;0;0;0;0;0;0;0;0;0;0;9;;;0;;0;;0;;;;0;;;;;;;;0;
PICKeR;06.09.2019;Pooh Corner;1;5;4;30;0;70;;0;;0;0;0;5;40;0;0;0;;;0;60;;;0;0;0;0;0;0;0;0;0;0;0;5;;;0;;0;;0;;;;0;;;;;;;;0;
PICKeR;06.09.2019;Pooh Corner;1;5;5;0;100;0;;0;;0;0;0;5;65;0;0;0;;;0;90;;;0;0;0;0;0;0;0;0;0;0;0;5;;;0;;0;;0;;;;0;;;;;;;;0;
PICKeR;06.09.2019;Pooh Corner;1;5;6;30;70;0;;0;;0;0;0;5;80;0;0;0;;;0;85;;;0;0;0;0;0;0;0;0;0;0;0;5;;;0;;0;;0;;;;0;;;;;;;;0;
PICKeR;06.09.2019;Pooh Corner;1;5;7;0;100;0;;0;;0;0;0;4;85;2;0;0;;;0;70;;;0;0;0;0;0;0;0;0;0;0;0;4;;;0;;0;;0;;;;0;;;;;;;;0;
PICKeR;06.09.2019;Pooh Corner;1;5;8;20;80;0;;0;;0;0;0;13;65;0;0;0;;;0;60;;;0;0;0;0;0;0;0;0;0;0;0;13;;;0;;0;;0;;;;0;;;;;;;;0;
SIMEP;05.08.2019;Bear Island;1;15;1;0;40;60;0;0;0;2;25;0;0;0;0;1;3;3;0;0;40;0;0;0;0;0;0;0;0;0;0;0;0;0;5;1;1;0;0;0;0;0;0;0;0;0;0;0;0;0;0;0;;0;
SIMEP;05.08.2019;Bear Island;1;15;2;0;80;20;0;0;0;0;0;5;0;0;0;2;15;0;1;20;35;0;0;0;0;0;0;0;0;0;0;0;0;0;7;1;1;0;0;0;0;0;0;0;0;0;0;0;0;0;0;0;;0;
SIMEP;05.08.2019;Bear Island;1;15;3;0;20;80;0;0;0;0;0;0;1;5;0;0;0;0;1;10;40;0;0;0;0;0;0;0;0;0;0;0;0;0;4;1;1;0;0;0;0;0;0;0;0;0;0;0;0;0;0;0;;0;
SIMEP;05.08.2019;Bear Island;1;15;4;0;50;50;0;0;0;0;0;0;1;15;0;3;20;0;0;0;30;0;0;0;0;0;0;0;0;0;0;0;0;0;5;1;1;0;0;0;0;0;0;0;0;0;0;0;0;0;0;0;;0;
SIMEP;05.08.2019;Bear Island;1;15;5;0;50;50;0;0;0;0;0;0;1;5;0;0;0;0;1;20;5;0;0;0;0;0;0;0;0;0;0;0;0;0;12;1;1;0;0;0;0;0;0;0;0;0;0;0;0;0;0;0;;0;
SIMEP;05.08.2019;Bear Island;1;15;6;0;40;60;0;0;0;0;0;3;0;0;0;0;0;0;0;0;25;0;0;0;0;0;0;0;0;0;0;0;0;0;5;1;1;1;0;0;0;0;0;0;0;0;0;0;0;0;0;0;;0;
SIMEP;05.08.2019;Bear Island;1;15;7;0;90;10;0;0;0;0;0;8;0;0;0;0;0;0;0;0;30;0;0;0;0;0;0;0;0;0;0;0;0;0;7;0;0;0;0;0;0;0;0;0;0;0;0;0;0;0;0;0;;0;
SIMEP;05.08.2019;Bear Island;1;15;8;0;80;20;0;0;0;2;25;0;0;0;0;0;0;0;0;0;40;0;0;0;0;0;0;0;0;0;0;0;0;0;5;1;1;0;0;0;0;0;0;0;0;0;0;0;0;0;0;0;;0;
SIMEP;05.08.2019;Bear Island;1;10;1;0;0;0;0;100;0;4;80;2;0;0;0;0;0;0;0;0;0;25;1;0;0;0;0;0;0;0;0;0;0;0;0;0;0;1;0;0;0;0;0;0;0;0;0;0;0;0;0;0;;0;
SIMEP;05.08.2019;Bear Island;1;10;2;0;0;20;0;80;0;0;0;2;0;0;0;0;0;0;0;0;20;25;0;0;0;0;0;0;0;10;0;0;0;0;2;0;0;0;1;0;0;0;0;0;0;0;0;0;0;0;0;0;;0;
SIMEP;05.08.2019;Bear Island;1;10;3;0;0;95;0;5;0;1;20;0;0;0;0;0;0;0;0;0;20;15;0;0;0;0;0;0;0;40;0;0;0;0;0;0;0;1;0;0;0;0;0;0;0;0;0;0;0;0;0;0;;0;
SIMEP;05.08.2019;Bear Island;1;10;4;0;0;100;0;0;0;0;0;0;0;0;0;0;0;0;0;0;0;15;0;0;0;0;0;0;0;0;0;0;0;0;1;0;0;1;0;0;0;0;0;0;0;0;0;0;0;0;0;0;;0;
SIMEP;05.08.2019;Bear Island;1;10;5;5;0;95;0;0;0;3;40;1;0;0;0;0;0;0;0;0;0;25;0;0;0;0;0;0;0;0;0;0;0;0;0;0;0;0;0;0;0;0;0;0;0;0;0;0;0;0;0;0;;0;
SIMEP;05.08.2019;Bear Island;1;10;6;0;0;100;0;0;0;0;0;2;0;0;0;0;0;0;0;0;0;10;0;0;0;0;0;0;0;0;0;0;0;0;3;0;0;0;0;1;0;0;0;0;0;0;0;0;0;0;0;0;;0;
SIMEP;05.08.2019;Bear Island;1;10;7;0;0;100;0;0;0;0;0;3;0;0;0;0;0;0;0;0;0;50;0;0;0;0;0;0;0;0;0;0;0;0;0;0;0;0;0;0;0;0;0;0;0;0;0;0;0;0;0;0;;0;
SIMEP;05.08.2019;Bear Island;1;10;8;10;0;90;0;0;0;0;0;0;0;0;0;0;0;0;0;0;0;40;0;0;0;0;0;0;0;0;0;0;0;0;0;0;0;0;0;0;0;0;0;0;0;0;0;0;0;0;0;0;;0;
SIMEP;06.08.2019;Station 3;1;15;1;0;25;80;0;5;0;1;15;0;6;80;0;1;5;0;0;0;15;0;0;0;0;0;0;0;0;0;0;2;0;0;0;0;0;0;0;0;0;0;0;0;0;0;0;0;0;0;0;0;;0;
SIMEP;06.08.2019;Station 3;1;15;2;0;40;60;0;0;0;5;40;0;4;20;0;1;5;0;0;0;20;0;0;0;0;0;0;0;0;0;0;3;2;0;0;0;0;0;0;0;0;0;0;0;0;0;0;0;0;0;0;0;;0;
SIMEP;06.08.2019;Station 3;1;15;3;0;60;30;0;10;0;3;40;0;2;20;0;2;10;0;1;10;20;0;0;0;0;0;0;0;0;0;0;0;1;0;0;0;0;0;0;0;0;0;0;0;0;0;0;0;0;0;0;0;;0;
SIMEP;06.08.2019;Station 3;1;15;4;0;5;90;0;5;0;2;20;6;2;10;0;2;10;0;0;0;10;0;0;0;0;0;0;0;0;0;0;0;0;0;0;0;0;0;0;0;0;0;0;0;0;0;0;0;0;0;0;0;;0;
SIMEP;06.08.2019;Station 3;1;15;5;0;10;90;0;0;0;2;25;5;0;0;0;0;0;0;0;0;5;0;0;0;0;0;0;0;0;0;0;0;0;0;0;0;0;0;0;0;0;0;0;0;0;0;0;0;0;0;0;0;;0;
SIMEP;06.08.2019;Station 3;1;15;6;30;10;60;0;0;0;1;20;10;4;35;0;0;0;1;0;0;15;0;0;0;0;0;0;0;0;0;0;0;0;0;0;0;0;0;0;0;0;0;0;0;0;0;0;0;0;0;0;0;;0;
SIMEP;06.08.2019;Station 3;1;15;7;0;15;80;0;5;0;4;30;2;1;5;0;0;0;1;0;0;20;0;0;0;0;0;0;0;0;0;0;5;0;0;0;0;0;0;0;0;0;0;0;0;0;0;0;0;0;0;0;0;;0;
SIMEP;06.08.2019;Station 3;1;15;8;0;10;90;0;0;0;2;20;0;0;0;0;1;10;0;0;0;10;0;0;0;0;0;0;0;0;0;0;4;5;0;0;0;0;0;0;0;0;0;0;0;0;0;0;0;0;0;0;0;;0;
SIMEP;09.08.2019;Station 6;;15;1;0;0;100;0;0;0;3;60;0;0;0;0;1;5;0;0;0;15;0;0;0;0;0;0;0;0;0;0;0;0;0;0;0;0;0;0;1;0;0;0;0;0;0;0;0;0;0;0;0;0;;
SIMEP;09.08.2019;Station 6;;15;2;0;0;90;0;10;0;2;50;0;0;0;0;2;30;0;1;10;10;0;0;0;0;0;0;0;0;0;0;0;0;0;0;0;0;0;0;0;0;0;0;0;0;0;0;0;0;0;0;0;0;;
SIMEP;09.08.2019;Station 6;;15;3;0;0;85;0;15;0;2;60;2;2;10;0;1;15;1;0;0;10;0;0;0;0;0;0;0;0;0;0;1;0;0;0;0;0;0;0;0;0;0;0;0;0;0;0;0;0;0;0;0;0;;
SIMEP;09.08.2019;Station 6;;15;4;0;0;90;0;10;0;1;40;1;1;5;0;0;0;0;1;15;15;0;0;0;0;0;0;0;0;0;0;0;1;0;0;0;0;0;0;0;0;0;0;0;0;0;0;0;0;0;0;0;0;;
SIMEP;09.08.2019;Station 6;;10;1;0;15;70;0;15;0;3;20;2;0;0;0;0;0;0;0;0;0;0;0;0;0;0;0;0;0;15;0;0;0;0;0;0;0;0;0;0;0;0;0;0;0;0;0;0;0;0;0;0;0;;
SIMEP;09.08.2019;Station 6;;10;2;0;10;90;0;0;0;2;15;3;0;0;0;0;0;0;0;0;0;0;0;0;0;0;0;0;0;10;0;0;0;0;0;0;0;1;0;0;0;0;0;0;0;0;0;0;0;0;0;0;0;;
SIMEP;09.08.2019;Station 6;;10;3;0;0;25;0;75;0;0;0;0;0;0;0;0;0;0;0;0;0;5;0;0;0;0;0;0;0;5;0;0;0;0;0;0;0;0;0;0;0;0;0;0;0;0;0;0;0;0;0;0;0;;
SIMEP;09.08.2019;Station 6;;10;4;0;0;90;0;10;0;3;25;2;1;10;0;0;0;0;0;0;0;0;0;0;0;0;0;0;0;40;0;0;0;0;0;0;0;0;0;0;0;0;0;0;0;0;0;0;0;0;0;0;0;;
SIMEP;09.08.2019;Station 6;;10;5;0;0;100;0;0;0;2;90;0;0;0;0;0;0;0;0;0;0;0;0;0;0;0;0;0;0;10;0;1;0;0;0;0;0;0;0;0;0;0;0;0;0;0;0;0;0;0;0;0;0;;
SIMEP;09.08.2019;Station 6;;10;6;0;15;60;0;25;0;1;15;1;0;0;0;0;0;0;0;0;0;0;0;0;0;0;0;0;0;40;0;0;0;0;0;0;0;0;0;0;0;0;0;0;0;0;0;0;0;0;0;0;0;;
SIMEP;09.08.2019;Station 6;;10;7;0;10;90;0;0;0;1;20;6;0;0;0;0;0;0;0;0;0;0;0;0;0;0;0;0;0;40;0;0;0;0;0;0;0;0;0;0;0;0;0;0;0;0;0;0;0;0;0;0;0;;
SIMEP;09.08.2019;Station 6;;10;8;0;0;100;0;0;0;2;30;0;0;0;0;2;15;0;0;0;0;0;0;0;0;0;0;0;0;30;0;0;0;0;0;0;0;0;0;0;0;0;0;0;0;0;0;0;0;0;0;0;0;;
SIMEP;10.08.2019;Station 8;;15;1;5;15;70;0;10;0;1;15;0;1;5;0;0;0;0;1;60;15;0;0;0;0;0;0;0;0;0;0;0;0;0;0;0;0;0;0;0;0;0;0;0;0;0;0;0;0;0;0;0;0;;
SIMEP;10.08.2019;Station 8;;15;2;0;20;70;0;10;0;6;40;0;0;0;0;0;0;0;1;35;15;0;0;0;0;0;0;0;0;0;0;0;0;0;0;0;0;0;0;1;0;0;0;0;0;0;0;0;0;0;0;0;0;;
SIMEP;10.08.2019;Station 8;;15;3;0;5;85;0;10;0;2;40;0;1;35;0;0;0;0;0;0;0;0;0;0;0;0;0;0;0;0;0;0;0;0;0;0;0;0;0;0;0;0;0;0;0;0;0;0;0;0;0;0;0;;
SIMEP;10.08.2019;Station 8;;15;4;10;10;70;0;10;0;1;15;0;2;50;0;0;0;0;1;20;10;0;0;0;0;0;0;0;0;0;0;0;0;0;0;0;0;0;0;0;0;0;0;0;0;0;0;0;0;0;0;0;0;;
SIMEP;10.08.2019;Station 8;;15;5;0;10;80;0;10;0;2;30;0;2;35;0;0;0;0;1;20;15;0;0;0;0;0;0;0;0;0;0;0;0;0;0;0;0;0;0;0;0;0;0;0;0;0;0;0;0;0;0;0;0;;
SIMEP;10.08.2019;Station 8;;15;6;0;5;85;0;10;0;1;45;0;1;15;0;0;0;0;1;25;15;0;0;0;0;0;0;0;0;0;0;0;0;0;0;0;0;0;0;0;0;0;0;0;0;0;0;0;0;0;0;0;0;;
SIMEP;10.08.2019;Station 8;;10;1;0;45;45;0;10;0;0;50;20;0;0;0;0;0;0;1;25;20;0;0;0;0;0;0;0;0;0;0;0;0;0;0;0;0;0;0;0;0;0;0;0;0;0;0;0;0;0;0;0;0;;
SIMEP;10.08.2019;Station 8;;10;2;0;45;45;0;10;0;1;40;20;0;0;0;1;20;0;1;30;15;0;0;0;0;0;0;0;0;0;0;0;0;0;0;0;0;0;0;0;0;0;0;0;0;0;0;0;0;0;0;0;0;;
SIMEP;10.08.2019;Station 8;;10;3;0;10;90;0;0;0;3;45;5;0;0;0;0;0;0;0;5;5;0;0;0;0;0;0;0;0;0;0;0;0;0;0;0;0;0;0;0;0;0;0;0;0;0;0;0;0;0;0;0;0;;
SIMEP;10.08.2019;Station 8;;10;4;0;10;90;0;0;0;2;35;4;0;0;0;1;15;0;1;10;10;0;0;0;0;0;0;0;0;0;0;0;0;0;1;0;0;0;0;0;0;0;0;0;0;0;0;0;0;0;0;0;0;;
SIMEP;10.08.2019;Station 8;;10;5;0;40;60;0;0;0;1;40;10;0;0;0;1;15;1;1;20;15;0;0;0;0;0;0;0;0;0;0;0;0;0;0;0;0;0;0;0;0;0;0;0;0;0;0;0;0;0;0;0;0;;
SIMEP;10.08.2019;Station 8;;10;6;0;20;80;0;0;0;1;50;10;0;0;0;1;5;0;0;0;0;0;0;0;0;0;0;0;0;0;0;0;0;0;0;0;0;0;0;1;0;0;0;0;0;0;0;0;0;0;0;0;0;;
SIMEP;10.08.2019;Station 8;;10;7;0;10;90;0;0;0;4;70;5;0;0;0;0;0;0;1;10;10;0;0;0;0;0;0;0;0;0;0;0;0;0;0;0;0;0;0;0;0;0;0;0;0;0;0;0;0;0;0;0;0;;
SIMEP;10.08.2019;Station 8;;10;8;20;10;40;0;30;0;0;10;5;0;0;0;0;0;0;1;50;0;0;0;0;0;0;0;0;0;0;0;0;0;0;0;0;0;0;0;0;0;0;0;0;0;0;0;0;0;0;0;0;0;;
SIMEP;12.08.2019;Station 10;;15;1;0;0;0;100;0;0;0;90;0;0;0;0;0;0;0;0;0;0;0;0;0;0;0;0;0;0;0;0;0;0;0;0;0;0;0;0;0;0;0;0;0;0;0;0;0;0;0;0;0;0;;
SIMEP;12.08.2019;Station 10;;15;2;0;0;10;0;90;0;0;100;0;0;0;0;0;0;0;0;0;0;0;0;0;0;0;0;0;0;0;0;0;0;0;0;0;0;0;0;0;0;0;0;0;0;0;0;0;0;0;0;0;0;;
SIMEP;12.08.2019;Station 10;;15;3;0;0;100;0;0;0;0;60;0;0;0;0;0;0;0;0;0;0;0;0;0;0;0;0;0;0;0;0;0;0;0;0;0;0;0;0;0;0;0;0;0;0;0;0;0;0;0;0;0;0;;
SIMEP;12.08.2019;Station 10;;15;4;0;0;100;0;0;0;0;45;0;0;0;0;0;0;0;0;0;0;0;0;0;0;0;0;0;0;0;0;0;0;0;0;0;0;0;0;0;0;0;0;0;0;0;0;0;0;0;0;0;0;;
SIMEP;12.08.2019;Station 10;;15;5;0;0;100;0;0;0;1;50;0;0;0;0;0;0;0;0;50;0;0;0;0;0;0;0;0;0;0;0;0;0;0;0;0;0;0;0;0;0;0;0;0;0;0;0;0;0;0;0;0;0;;
SIMEP;12.08.2019;Station 10;;15;6;0;0;0;0;0;0;10;50;0;0;0;0;0;0;0;0;0;0;0;0;0;1;0;0;0;0;0;0;0;0;0;0;0;0;0;0;0;0;0;0;0;0;0;0;0;0;0;0;0;0;;
SIMEP;12.08.2019;Station 10;;15;7;0;0;100;0;0;0;12;0;0;0;0;0;0;0;0;0;0;0;0;0;0;1;0;0;0;0;0;0;0;2;0;0;0;0;0;0;0;0;0;0;0;0;0;0;0;0;0;0;0;0;;
SIMEP;12.08.2019;Station 10;;15;8;0;0;100;0;0;0;0;20;0;0;0;0;0;0;0;0;0;0;0;0;0;2;10;0;0;0;0;0;0;11;0;0;0;0;0;0;0;0;0;0;0;0;0;0;0;0;0;0;0;0;;
SIMEP;12.08.2019;Station 10;;10;1;0;30;10;20;40;0;0;5;0;0;0;0;0;0;0;1;30;0;0;1;10;0;0;0;0;0;5;0;0;0;0;0;0;0;0;0;0;0;0;0;0;0;0;0;0;0;0;0;0;0;;
SIMEP;12.08.2019;Station 10;;10;2;0;100;0;0;0;0;1;5;0;0;0;0;0;0;0;0;0;0;0;3;15;0;0;0;0;0;25;0;0;0;0;0;0;0;0;0;0;0;0;0;0;0;0;0;0;0;0;0;0;0;;
SIMEP;12.08.2019;Station 10;;10;3;0;50;30;0;20;0;0;0;0;0;0;0;0;0;0;0;0;0;0;0;0;0;0;0;0;0;25;0;0;0;0;0;0;0;0;0;0;0;0;0;0;0;0;0;0;0;0;0;0;0;;
SIMEP;12.08.2019;Station 10;;10;4;0;60;40;0;0;0;1;20;0;0;0;0;0;0;0;0;0;0;0;0;0;0;0;0;0;0;10;0;0;0;0;0;0;0;0;0;0;0;0;0;0;0;0;0;0;0;0;0;0;0;;
SIMEP;12.08.2019;Station 10;;10;5;0;20;60;0;0;0;0;20;0;0;0;0;0;0;0;0;0;0;0;0;0;0;0;0;0;0;80;0;0;0;0;0;0;0;0;0;0;0;0;0;0;0;0;0;0;0;0;0;0;0;;
SIMEP;12.08.2019;Station 10;;10;6;0;30;60;0;10;0;1;5;0;0;0;0;0;0;0;1;90;5;0;0;0;0;0;0;0;0;0;0;0;0;0;0;0;0;0;0;0;0;0;0;0;0;0;0;0;0;0;0;0;0;;
SIMEP;12.08.2019;Station 10;;10;7;0;100;0;0;0;0;3;25;0;0;0;0;0;0;0;0;0;0;1;5;1;15;0;0;0;0;45;0;0;0;0;0;0;0;0;0;0;0;0;0;0;0;0;0;0;0;0;0;0;0;;
SIMEP;12.08.2019;Station 10;;10;8;0;0;50;0;50;0;0;30;0;0;0;0;0;0;0;0;0;0;0;0;0;0;0;0;0;0;40;0;0;0;0;0;0;0;0;0;0;0;0;0;0;0;0;0;0;0;0;0;0;0;;
SIMEP;13.08.2019;Station 12;;15;1;0;40;60;0;0;0;1;50;0;0;0;0;0;40;0;0;0;50;0;0;0;0;15;0;0;0;0;0;0;10;0;0;0;0;0;0;0;0;0;0;0;0;0;0;0;0;0;0;0;0;;
SIMEP;13.08.2019;Station 12;;15;2;0;40;60;0;0;0;2;40;0;0;0;0;1;40;0;0;0;60;0;0;0;0;0;0;0;0;0;0;0;10;0;0;0;0;0;0;0;0;0;0;0;0;0;0;0;0;0;0;0;0;;
SIMEP;13.08.2019;Station 12;;15;3;0;30;50;0;20;0;1;35;0;0;0;0;2;35;0;0;0;20;0;0;0;0;0;0;0;0;0;0;0;20;0;0;0;0;0;0;0;2;3;0;0;0;0;0;0;0;0;0;0;0;;
SIMEP;13.08.2019;Station 12;;15;4;0;25;75;0;0;0;0;30;0;0;0;0;0;25;0;0;0;20;0;0;0;1;35;0;0;0;0;0;0;15;0;0;0;1;0;0;2;1;2;0;0;0;0;0;0;0;0;0;0;0;;
SIMEP;13.08.2019;Station 12;;10;1;100;0;0;0;0;0;0;0;0;0;0;0;0;0;0;0;0;0;0;0;25;0;0;0;0;0;0;45;0;0;0;0;0;0;0;0;0;0;0;0;0;0;0;0;0;0;0;0;0;0;;
SIMEP;13.08.2019;Station 12;;10;2;100;0;0;0;0;0;0;0;0;0;0;0;2;30;20;1;10;0;0;1;40;0;0;0;0;0;0;10;0;0;0;0;0;0;0;0;0;0;0;0;0;0;0;0;0;0;0;0;0;0;;
SIMEP;13.08.2019;Station 12;;10;3;100;0;0;0;0;0;1;10;0;0;0;0;1;30;15;0;0;0;0;0;20;0;0;0;0;0;5;25;0;0;0;0;0;0;0;0;0;0;0;0;0;0;0;0;0;0;0;0;0;0;;
SIMEP;13.08.2019;Station 12;;10;4;100;0;0;0;0;0;0;0;0;0;0;0;0;20;15;0;0;0;0;0;15;0;0;0;0;0;10;40;0;0;0;0;0;0;0;0;0;0;0;0;0;0;0;0;0;0;0;0;0;0;;
SIMEP;13.08.2019;Station 12;;10;5;100;0;0;0;0;0;1;35;0;0;0;0;0;15;0;0;0;0;0;0;0;0;0;0;0;0;0;10;0;0;0;0;0;0;0;0;0;0;0;0;0;0;0;0;0;0;0;0;0;0;;
SIMEP;13.08.2019;Station 12;;10;6;90;10;0;0;0;0;0;10;0;0;0;0;1;10;0;0;0;0;0;0;15;0;0;0;0;0;0;30;0;0;0;0;0;0;0;0;0;0;0;0;0;0;0;0;0;0;0;0;0;0;;
SIMEP;13.08.2019;Station 12;;10;7;90;10;0;0;0;0;1;25;0;0;0;0;0;35;0;0;0;0;0;0;0;0;0;0;0;0;5;35;0;0;0;0;0;0;0;0;0;0;0;0;0;0;0;0;0;0;0;0;0;0;;
SIMEP;13.08.2019;Station 12;;10;8;70;30;0;0;0;0;0;0;0;0;0;0;1;20;10;0;0;0;0;0;0;0;0;0;0;0;15;60;0;0;0;0;0;0;0;0;0;0;0;0;0;0;0;0;0;0;0;0;0;0;;
SIMEP;14.08.2019;Station 13;;15;1;0;0;0;10;90;0;0;30;0;0;0;0;0;0;0;0;0;0;0;0;0;0;0;0;0;0;0;0;0;0;0;0;0;0;0;0;0;0;0;1;0;0;0;0;0;0;0;0;0;0;;
SIMEP;14.08.2019;Station 13;;15;2;0;0;0;10;90;0;0;0;0;0;0;0;0;0;0;0;0;0;0;0;0;0;0;0;0;0;0;0;0;0;0;0;0;0;0;0;0;0;0;0;1;0;0;0;0;0;0;0;0;0;;
SIMEP;14.08.2019;Station 13;;15;3;0;0;0;10;90;0;0;35;0;0;0;0;0;0;0;0;0;0;0;0;0;0;0;0;0;0;0;0;0;0;0;0;0;0;0;0;0;0;0;0;1;0;0;0;0;0;0;0;0;0;;
SIMEP;14.08.2019;Station 13;;15;4;0;15;0;0;85;0;4;20;0;0;0;0;0;0;0;0;0;0;0;0;0;0;0;0;0;0;0;0;0;0;0;0;0;0;0;0;0;0;0;3;0;0;0;0;0;0;0;0;0;0;;
SIMEP;14.08.2019;Station 13;;15;5;0;10;0;0;90;0;0;90;0;0;0;0;0;0;0;0;0;0;0;0;0;0;0;0;0;0;0;0;0;0;0;0;0;0;0;0;0;0;0;5;0;5;2;0;0;0;0;0;0;0;;
SIMEP;14.08.2019;Station 13;;15;6;0;0;0;10;90;0;0;5;0;0;0;0;0;5;3;0;0;0;0;0;0;0;0;0;0;0;10;0;0;0;0;0;0;0;0;0;0;0;0;3;0;0;0;0;0;0;0;0;0;0;;
SIMEP;14.08.2019;Station 13;;15;7;0;0;0;10;90;0;0;0;0;0;0;0;0;0;0;0;0;0;0;0;0;0;0;0;0;0;0;0;0;0;0;0;0;0;0;0;0;0;0;0;0;0;2;0;0;0;0;0;0;0;;
SIMEP;14.08.2019;Station 13;;15;8;0;10;0;5;85;0;4;15;1;0;0;0;0;0;0;0;0;0;0;0;0;0;0;0;0;0;0;0;0;0;0;0;0;0;0;0;0;0;0;2;0;0;1;0;0;0;0;0;0;0;;
SIMEP;14.08.2019;Station 13;;10;1;0;0;0;10;90;0;1;50;0;0;0;0;0;0;0;0;0;0;0;0;0;0;0;0;0;0;0;0;0;0;0;0;0;0;0;0;0;0;0;0;0;0;0;0;0;0;0;0;0;0;;
SIMEP;14.08.2019;Station 13;;10;2;0;0;0;15;85;0;1;20;0;0;0;0;0;0;0;0;0;0;5;0;0;0;0;0;0;0;0;0;0;0;0;0;0;0;0;0;0;0;0;0;0;0;0;0;0;0;0;0;0;0;;
SIMEP;14.08.2019;Station 13;;10;3;0;60;0;10;30;0;7;90;0;0;0;0;1;5;0;0;0;10;0;0;0;0;0;0;0;0;0;0;0;0;0;0;0;0;0;0;0;0;0;0;1;0;0;1;0;0;0;0;0;0;;
SIMEP;14.08.2019;Station 13;;10;4;0;15;0;5;80;0;3;95;0;0;0;0;0;0;0;0;0;5;10;0;0;0;5;4;0;0;10;0;0;10;0;0;0;0;0;0;0;0;0;3;0;0;0;0;0;0;0;0;0;0;;
SIMEP;14.08.2019;Station 13;;10;5;60;0;0;0;40;0;6;40;0;1;10;0;0;0;0;0;0;5;0;0;0;0;0;0;0;0;10;0;0;15;0;0;0;0;0;0;1;0;0;2;0;0;0;0;0;0;0;0;0;0;;
SIMEP;14.08.2019;Station 13;;10;6;0;15;15;0;70;0;1;40;0;0;0;0;0;0;0;0;0;0;0;0;0;0;0;0;0;0;0;0;0;15;0;0;0;0;0;0;0;0;0;0;0;0;0;0;0;0;0;0;0;0;;
SIMEP;14.08.2019;Station 13;;10;7;0;50;0;20;30;0;0;30;0;0;0;0;2;30;0;0;0;0;0;0;0;0;0;0;0;0;0;0;0;20;0;0;0;0;0;0;0;0;0;0;0;0;0;0;0;0;0;0;0;0;;
SIMEP;14.08.2019;Station 13;;10;8;0;20;0;0;80;0;1;20;0;0;0;0;0;0;0;0;0;0;0;0;0;5;50;3;0;0;0;0;0;10;0;0;0;0;0;0;0;0;0;0;1;1;0;1;0;0;0;0;0;0;;
SIMEP;17.08.2019;Station 14;;15;1;0;10;0;80;10;0;1;45;0;0;0;0;1;25;10;0;0;5;0;0;0;2;25;7;0;0;0;0;0;5;0;0;1;1;0;0;1;0;2;1;0;0;0;2;0;0;0;0;0;0;;
SIMEP;17.08.2019;Station 14;;15;2;0;0;0;70;30;0;0;20;0;0;0;0;0;0;0;0;0;15;0;0;0;6;80;8;0;0;0;0;5;10;0;0;2;1;1;0;0;0;1;0;0;0;0;0;0;5;0;0;0;0;;
SIMEP;17.08.2019;Station 14;;15;3;0;15;15;50;20;0;1;25;0;0;0;0;1;10;0;0;0;10;0;0;0;5;70;5;0;0;0;0;5;10;0;0;1;0;0;0;0;0;0;0;0;0;0;1;0;10;0;0;0;0;;
SIMEP;17.08.2019;Station 14;;15;4;0;15;0;75;10;0;0;0;0;0;0;0;0;0;0;0;0;10;0;0;0;7;30;3;0;0;0;0;5;10;0;0;0;0;0;0;0;0;1;1;0;0;0;1;0;0;0;0;0;0;;
SIMEP;17.08.2019;Station 14;;10;1;100;0;0;0;0;0;0;0;0;0;0;0;0;20;0;0;0;0;0;0;0;1;80;0;0;0;0;0;0;10;0;0;1;0;0;0;0;0;1;2;0;0;0;1;5;5;0;0;0;0;;
SIMEP;17.08.2019;Station 14;;10;2;80;20;0;0;0;0;1;20;0;0;0;0;0;0;0;0;0;10;0;0;0;0;20;0;0;0;0;0;0;5;0;0;0;1;1;0;0;0;1;1;0;0;0;0;10;5;0;0;0;0;;
SIMEP;17.08.2019;Station 14;;10;3;80;0;15;0;5;0;0;0;0;0;0;0;1;40;0;0;0;5;0;0;0;2;25;2;0;0;0;0;10;10;0;0;1;1;0;0;0;0;0;0;0;0;0;0;10;10;0;0;0;0;;
SIMEP;17.08.2019;Station 14;;10;4;20;10;0;10;60;0;0;0;0;0;0;0;0;30;0;0;0;0;0;0;0;1;35;20;0;0;0;0;5;5;0;0;1;0;0;0;0;0;0;0;0;0;0;1;5;5;0;0;0;0;;
SIMEP;20.08.2019;Station 17;;15;1;0;15;45;0;40;0;3;20;0;0;0;0;1;15;1;0;0;0;0;0;0;1;10;0;0;0;0;0;0;0;0;0;0;0;0;0;0;0;0;0;0;0;0;0;0;5;0;0;0;0;;
SIMEP;20.08.2019;Station 17;;15;2;0;10;50;0;40;0;1;20;0;0;0;0;1;20;0;0;0;0;0;0;0;0;0;0;0;0;0;0;0;0;0;0;0;0;0;0;0;0;0;7;0;0;0;1;5;0;0;0;0;0;;
SIMEP;20.08.2019;Station 17;;15;3;0;25;45;0;30;0;4;30;0;0;0;0;3;10;2;0;0;5;0;0;0;4;20;4;0;0;0;0;0;0;0;0;0;0;0;0;1;0;0;2;0;0;0;0;0;0;0;0;0;0;;
SIMEP;20.08.2019;Station 17;;15;4;0;30;40;0;30;0;0;20;6;4;75;0;0;0;0;0;0;0;0;0;0;0;0;0;0;0;0;0;0;0;0;0;0;0;0;0;0;0;1;0;0;0;1;2;0;5;0;0;0;0;;
SIMEP;20.08.2019;Station 17;;15;5;0;0;60;0;40;0;2;80;0;0;0;0;0;0;0;0;0;0;0;0;0;0;0;0;0;0;0;0;0;0;0;0;0;0;0;0;0;0;0;1;0;0;0;0;5;0;0;0;0;0;;
SIMEP;20.08.2019;Station 17;;15;6;0;30;40;0;30;0;1;25;0;0;0;0;0;0;0;0;0;10;0;0;0;5;50;0;0;0;0;0;10;0;0;0;0;0;0;0;0;0;0;0;0;0;0;1;5;10;0;0;0;0;;
SIMEP;20.08.2019;Station 17;;15;7;0;20;50;20;10;0;3;40;0;0;0;0;0;0;0;1;15;5;0;0;0;0;0;0;0;0;0;0;0;5;0;0;0;1;0;0;0;0;0;0;0;0;0;0;0;0;0;0;0;0;;
SIMEP;20.08.2019;Station 17;;15;8;0;30;40;10;20;0;6;40;0;0;0;0;8;50;0;0;0;0;0;0;0;0;0;0;0;0;0;0;0;0;0;0;1;0;0;0;0;0;1;5;0;0;1;1;10;5;0;0;0;0;;
SIMEP;20.08.2019;Station 17;;10;1;25;50;10;0;15;0;0;0;0;2;35;0;2;35;0;0;0;5;0;0;0;0;0;0;0;0;0;0;0;0;0;0;0;0;0;0;0;0;1;0;0;0;0;0;0;5;0;0;0;0;;
SIMEP;20.08.2019;Station 17;;10;2;40;40;10;0;10;0;0;0;0;0;0;0;0;0;0;0;0;15;0;0;0;4;50;2;0;0;0;0;0;0;0;0;0;0;0;0;0;0;0;0;0;0;0;0;0;0;0;0;0;0;;
SIMEP;20.08.2019;Station 17;;10;3;35;30;20;5;10;0;1;10;1;1;25;0;1;25;0;0;0;0;0;0;0;1;15;0;0;0;0;0;0;0;0;0;1;1;1;0;1;0;1;3;0;0;2;1;5;10;0;0;0;0;;
SIMEP;20.08.2019;Station 17;;10;4;40;25;25;5;5;0;1;10;0;1;40;2;2;40;1;0;0;10;0;0;0;0;0;0;0;0;0;0;0;5;0;0;0;0;0;0;0;0;0;0;0;0;0;0;5;5;0;0;0;0;;
SIMEP;20.08.2019;Station 17;;10;5;0;0;0;10;90;0;0;0;0;0;0;0;0;40;0;0;0;0;0;0;0;0;0;0;0;0;0;0;0;0;0;0;0;0;0;0;0;0;1;0;0;0;0;0;0;0;0;0;0;0;;
SIMEP;20.08.2019;Station 17;;10;6;40;30;30;10;0;0;1;10;0;1;10;0;1;10;0;0;0;10;0;0;0;6;50;3;0;0;0;0;10;5;0;0;1;1;1;0;0;0;1;2;0;0;0;0;5;5;0;0;0;0;;
SIMEP;20.08.2019;Station 17;;10;7;30;50;15;0;5;0;2;15;0;1;10;0;3;45;1;0;0;10;0;0;0;1;15;1;0;0;0;0;5;5;0;0;1;1;0;0;0;0;0;1;0;0;0;0;5;5;0;0;0;0;;
SIMEP;21.08.2019;East Bay;;15;1;0;0;0;0;100;0;0;0;0;0;0;0;0;0;0;0;0;0;0;0;0;0;0;0;0;0;0;0;0;0;0;0;0;0;0;0;0;0;0;0;0;0;0;0;0;0;0;0;0;0;;
SIMEP;21.08.2019;East Bay;;15;2;0;0;0;0;90;10;0;0;0;0;0;0;0;0;0;0;0;0;0;0;0;1;30;0;0;0;0;0;0;10;0;0;0;0;0;0;0;0;0;3;0;0;0;0;0;0;0;0;0;0;;
SIMEP;21.08.2019;East Bay;;15;3;0;25;0;0;70;5;2;35;0;0;0;0;2;15;0;0;0;0;0;2;20;0;0;0;0;0;0;0;0;0;0;0;0;0;0;0;0;0;0;4;0;0;0;1;0;0;0;0;0;0;;
SIMEP;21.08.2019;East Bay;;15;4;0;15;0;0;80;0;1;30;0;0;0;0;0;0;0;0;0;0;0;0;0;0;0;0;0;0;0;0;0;0;0;0;0;0;0;0;0;0;0;4;0;0;0;0;0;0;0;0;0;0;;
SIMEP;21.08.2019;East Bay;;15;5;0;0;5;0;90;5;0;0;0;0;0;0;0;0;0;0;0;0;0;0;0;2;30;1;0;0;0;0;5;0;0;0;0;0;0;0;0;0;0;0;0;0;0;0;0;0;0;0;0;0;;
SIMEP;21.08.2019;East Bay;;15;6;0;15;0;0;85;0;0;0;0;0;0;0;0;0;0;0;0;0;0;0;0;4;30;0;0;0;0;0;15;0;0;0;0;0;0;0;0;0;0;0;0;0;0;0;0;0;0;0;0;0;;
SIMEP;21.08.2019;East Bay;;15;7;0;0;0;0;95;5;0;0;0;0;0;0;0;0;0;0;0;0;0;0;0;0;0;0;0;0;0;0;0;0;0;0;0;0;0;0;0;0;0;0;0;0;0;0;0;0;0;0;0;0;;
SIMEP;21.08.2019;East Bay;;15;8;0;0;0;0;90;10;1;30;0;0;0;0;0;0;0;0;0;0;0;0;0;1;10;0;0;0;0;0;0;0;0;0;0;0;0;0;0;0;0;0;0;0;0;0;0;0;0;0;0;0;;
SIMEP;21.08.2019;East Bay;;10;1;0;0;0;0;100;0;0;10;0;0;0;0;0;0;0;0;5;0;0;0;0;0;0;0;0;0;0;0;0;0;0;0;0;0;0;0;0;0;0;0;0;0;10;0;0;0;0;0;0;0;;
SIMEP;21.08.2019;East Bay;;10;2;0;0;0;5;95;0;0;0;0;0;0;0;0;0;0;0;0;0;0;0;0;0;0;0;0;0;0;0;0;0;0;0;0;0;0;0;0;0;0;0;0;0;0;0;0;0;0;0;0;0;;
SIMEP;21.08.2019;East Bay;;10;3;0;0;0;0;100;0;0;0;0;0;0;0;0;0;0;1;30;0;0;0;0;0;0;0;0;0;0;0;0;0;0;0;0;0;0;0;0;0;0;0;0;0;0;0;0;0;0;0;0;0;;
SIMEP;21.08.2019;East Bay;;10;4;0;0;0;5;95;5;0;5;5;0;0;0;0;0;0;0;0;0;0;0;0;0;0;0;0;0;0;0;0;0;0;0;0;0;0;0;0;0;0;0;0;0;5;0;0;0;0;0;0;0;;
SIMEP;21.08.2019;East Bay;;10;5;0;0;0;0;100;0;0;5;5;0;0;0;0;0;0;0;0;0;0;0;0;0;0;0;0;0;0;0;0;0;0;0;0;0;0;0;0;0;0;0;0;0;0;0;0;0;0;0;0;0;;
SIMEP;21.08.2019;East Bay;;10;6;0;0;0;0;100;0;0;0;0;0;0;0;0;0;0;0;0;0;0;0;0;0;0;0;0;0;0;0;0;0;0;0;0;0;0;0;0;0;0;0;0;0;0;0;0;0;0;0;0;0;;
SIMEP;21.08.2019;East Bay;;10;7;0;0;0;0;100;0;0;0;0;0;0;0;0;0;0;0;0;0;0;0;0;1;20;0;0;0;0;0;0;0;0;0;0;0;0;0;0;0;0;0;0;0;0;0;0;0;0;0;0;0;;
SIMEP;21.08.2019;East Bay;;10;8;0;0;0;0;100;0;0;0;0;0;0;0;0;0;0;0;0;0;0;0;0;0;0;0;0;0;0;0;0;0;0;0;0;0;0;0;0;0;0;0;0;0;0;0;0;0;0;0;0;0;;
SIMEP;22.08.2019;Station 20;;15;1;100;0;0;0;0;0;0;0;0;0;0;0;0;0;0;0;0;20;0;0;0;0;0;0;0;0;0;60;0;0;10;0;0;0;0;0;0;0;0;0;0;0;0;0;0;0;0;0;0;0;;
SIMEP;22.08.2019;Station 20;;15;2;100;0;0;0;0;0;0;0;0;0;0;0;2;10;0;0;0;15;0;0;0;0;0;0;1;20;0;40;0;0;10;0;0;0;0;0;0;0;0;0;0;0;0;0;0;0;0;0;0;0;;
SIMEP;22.08.2019;Station 20;;15;3;100;0;0;0;0;0;0;0;0;0;0;0;0;0;0;0;0;5;0;0;0;0;0;0;0;0;0;95;0;0;5;0;0;0;0;0;0;0;0;0;0;0;0;0;0;0;0;0;0;0;;
SIMEP;22.08.2019;Station 20;;15;4;100;0;0;0;0;0;0;0;0;0;0;0;2;10;0;0;0;10;0;1;15;0;0;0;0;0;0;85;0;0;0;0;0;0;0;0;0;0;0;0;0;0;0;0;0;0;0;0;0;0;;
SIMEP;22.08.2019;Station 20;;15;5;100;0;0;0;0;0;0;0;0;0;0;0;1;5;0;0;0;30;0;0;0;0;0;0;0;0;20;30;15;0;30;0;0;0;0;0;0;0;0;0;0;0;0;0;0;0;0;0;0;0;;
SIMEP;22.08.2019;Station 20;;15;6;100;0;0;0;0;0;0;0;0;0;0;0;0;0;0;0;0;10;0;0;0;0;0;0;0;0;0;20;15;0;0;0;0;0;0;0;0;0;0;0;0;0;0;0;0;0;0;0;0;0;;
SIMEP;22.08.2019;Station 20;;15;7;100;0;0;0;0;0;0;0;0;0;0;0;0;0;0;0;0;5;0;0;0;0;0;0;0;0;5;90;5;0;0;0;0;0;0;0;0;0;0;0;0;0;0;0;0;0;0;0;0;0;;
SIMEP;22.08.2019;Station 20;;15;8;100;0;0;0;0;0;0;0;0;0;0;0;2;15;0;0;0;10;0;4;40;0;0;0;0;0;10;30;5;0;10;0;0;0;0;0;0;0;0;0;0;0;0;0;0;0;0;0;0;0;;
SIMEP;22.08.2019;Station 20;;10;1;0;30;50;0;20;0;0;0;0;0;0;0;0;5;2;0;0;20;0;0;0;1;45;0;0;0;0;0;10;5;0;0;1;1;1;0;1;0;1;3;0;0;1;1;5;0;0;0;0;0;;
SIMEP;22.08.2019;Station 20;;10;2;25;25;30;0;20;0;0;0;0;1;40;0;0;0;0;0;0;15;0;0;0;2;30;1;0;0;0;0;5;10;0;0;0;2;0;0;0;0;0;4;0;0;2;1;5;5;0;0;0;0;;
SIMEP;22.08.2019;Station 20;;10;3;30;40;10;0;20;0;0;0;0;3;50;0;0;0;0;0;0;15;0;0;0;2;35;0;0;0;0;0;10;5;0;0;0;0;1;0;0;0;1;3;0;0;1;1;5;5;0;0;0;0;;
SIMEP;22.08.2019;Station 20;;10;4;50;35;20;0;5;0;1;20;0;5;50;0;0;0;0;0;0;10;0;0;0;2;20;1;0;0;0;0;5;5;0;0;1;1;0;0;1;0;1;3;0;0;1;1;10;5;0;0;0;0;;
SIMEP;22.08.2019;Station 20;;10;5;40;40;5;0;15;0;0;0;0;1;10;0;0;0;0;0;0;15;0;0;0;4;60;0;0;0;0;0;0;0;0;0;1;1;1;0;0;0;0;2;0;0;2;0;0;0;0;0;0;0;;
SIMEP;22.08.2019;Station 20;;10;6;50;40;0;0;10;0;0;0;0;2;40;1;0;0;0;0;0;10;0;0;0;2;30;1;0;0;0;0;5;5;0;0;0;0;0;0;0;0;1;2;0;0;0;1;5;5;0;0;0;0;;
SIMEP;22.08.2019;Station 20;;10;7;35;35;15;0;15;0;0;0;0;0;20;0;2;20;1;0;0;10;0;0;0;1;25;0;0;0;0;0;5;0;0;0;0;1;0;0;0;0;0;2;0;0;1;0;0;0;0;0;0;0;;
SIMEP;22.08.2019;Station 20;;10;8;40;40;5;0;10;0;0;0;0;1;40;1;0;0;0;0;0;15;0;0;0;1;30;2;0;0;0;0;10;5;0;0;1;1;1;0;1;0;1;1;0;0;0;1;5;5;0;0;0;0;;
SIMEP;23.08.2019;Station 21;;15;1;0;30;30;25;15;0;0;0;0;0;0;0;3;20;0;0;0;25;0;0;0;6;40;0;0;0;0;0;5;0;0;0;0;0;0;0;1;0;0;0;0;0;0;0;0;0;0;0;0;0;;
SIMEP;23.08.2019;Station 21;;15;2;0;0;15;70;15;0;0;0;0;0;0;0;0;0;0;0;0;5;0;0;0;0;0;0;0;0;0;0;0;0;0;0;0;0;0;0;0;0;0;0;0;0;0;0;0;0;0;0;0;0;;
SIMEP;23.08.2019;Station 21;;15;3;40;30;30;0;0;0;1;20;0;4;50;3;0;0;0;0;0;5;0;0;0;5;30;1;0;0;0;0;0;0;0;0;0;0;0;0;0;0;0;0;0;0;0;0;0;0;0;0;0;0;;
SIMEP;23.08.2019;Station 21;;15;4;0;30;40;30;0;0;3;20;0;4;25;0;4;20;0;0;0;30;0;0;0;2;20;0;0;0;0;0;10;5;0;0;0;0;0;0;1;0;0;0;0;0;0;0;0;0;0;0;0;0;;
SIMEP;23.08.2019;Station 21;;15;5;0;30;40;30;0;0;0;0;0;0;0;0;1;40;0;0;0;20;0;0;0;0;0;0;0;0;0;0;0;0;0;0;0;1;0;0;0;0;0;0;0;5;0;0;0;0;0;0;0;0;;
SIMEP;23.08.2019;Station 21;;15;6;0;30;40;30;0;0;0;0;0;1;50;0;0;0;0;0;0;15;0;0;0;0;0;0;0;0;0;0;0;0;0;0;0;0;0;0;0;0;0;0;0;0;0;0;0;0;0;0;0;0;;
SIMEP;23.08.2019;Station 21;;15;7;0;0;40;60;0;0;0;0;0;1;30;0;0;0;0;0;0;10;0;0;0;2;20;0;0;0;0;0;10;0;0;0;1;0;0;0;1;0;0;0;0;0;0;0;0;0;0;0;0;0;;
SIMEP;23.08.2019;Station 21;;15;8;0;10;50;40;0;0;0;0;0;3;40;0;1;20;0;0;0;10;0;0;0;1;10;0;0;0;0;0;15;0;0;0;0;0;0;0;0;0;0;0;0;0;0;0;0;0;0;0;0;0;;
SIMEP;23.08.2019;Station 21;;10;1;60;0;0;40;0;0;1;20;0;2;15;0;2;10;0;0;0;15;0;0;0;6;40;0;0;0;0;0;15;5;0;0;1;1;1;0;1;0;0;2;0;0;0;0;5;0;0;0;0;0;;
SIMEP;23.08.2019;Station 21;;10;2;60;10;20;10;0;0;2;20;0;2;10;0;2;10;1;0;0;25;0;0;0;5;30;0;1;10;0;0;10;5;0;0;1;2;1;0;1;0;1;2;0;0;0;0;0;5;0;0;0;0;;
SIMEP;23.08.2019;Station 21;;10;3;0;0;50;50;0;0;1;30;1;3;30;2;0;0;0;0;0;5;0;0;0;6;40;0;1;10;0;0;15;0;0;1;2;1;0;0;0;0;1;2;0;5;5;1;5;5;0;0;0;0;;
SIMEP;23.08.2019;Station 21;;10;4;0;40;30;30;0;0;0;0;0;0;0;0;3;30;3;0;0;15;0;0;0;0;0;0;0;0;0;20;0;0;0;0;0;0;0;0;1;0;0;1;0;0;1;1;10;0;0;0;0;0;;
SIMEP;23.08.2019;Station 21;;10;5;80;20;0;0;0;0;1;20;0;1;15;0;1;10;0;0;0;5;0;0;0;2;20;1;1;10;0;0;15;10;5;0;1;1;1;0;0;0;1;0;0;0;0;0;0;5;0;0;0;0;;
SIMEP;23.08.2019;Station 21;;10;6;40;30;30;0;0;0;2;20;1;1;20;0;0;0;0;0;0;20;0;0;0;2;20;2;0;0;0;0;10;10;0;0;0;0;0;0;0;0;0;0;0;0;1;0;0;5;0;0;0;0;;
SIMEP;23.08.2019;Station 21;;10;7;0;0;70;20;10;0;0;0;0;0;0;0;1;40;0;0;0;0;0;0;0;0;0;0;0;0;0;0;0;0;0;0;0;0;0;0;0;0;0;0;0;0;0;0;0;0;0;0;0;0;;
SIMEP;23.08.2019;Station 21;;10;8;0;20;0;80;0;0;0;0;0;2;30;1;2;30;1;0;0;0;0;0;0;0;0;0;0;0;0;0;0;0;0;0;0;0;0;0;0;0;0;0;0;0;0;0;0;0;0;0;0;0;;
SIMEP;24.08.2019;Station 22;;15;1;0;0;0;100;0;0;0;0;0;0;0;0;1;40;0;0;0;0;0;0;0;0;0;0;0;0;0;0;0;0;0;0;0;0;0;0;0;0;0;0;0;0;0;0;0;0;0;0;0;0;;
SIMEP;24.08.2019;Station 22;;15;2;0;15;0;85;0;0;0;0;0;1;20;0;2;20;0;0;0;10;0;0;0;0;0;0;0;0;0;0;0;0;0;0;0;0;0;0;0;0;0;0;0;0;0;0;0;0;0;0;0;0;;
SIMEP;24.08.2019;Station 22;;15;3;0;0;0;100;0;0;0;0;0;0;0;0;1;40;0;0;0;0;0;0;0;0;0;0;0;0;0;0;0;0;0;0;0;0;0;0;0;0;0;0;0;0;0;0;0;0;0;0;0;0;;
SIMEP;24.08.2019;Station 22;;15;4;50;0;10;40;0;0;0;0;0;3;85;0;0;0;0;0;0;25;0;0;0;0;0;0;0;0;0;0;5;5;0;0;0;0;0;0;1;0;0;0;0;0;1;1;0;0;0;0;0;0;;
SIMEP;24.08.2019;Station 22;;15;5;60;0;0;40;0;0;2;15;3;2;20;1;7;40;2;0;0;60;0;0;0;0;0;0;0;0;0;0;0;0;0;0;1;0;1;0;1;0;0;0;0;0;0;1;0;0;10;0;0;0;;
SIMEP;24.08.2019;Station 22;;15;6;0;0;0;100;0;0;0;0;0;0;0;0;1;15;0;1;75;0;0;0;0;0;0;0;0;0;0;0;0;0;0;0;0;0;0;0;0;0;0;0;0;0;0;0;0;0;0;0;0;0;;
SIMEP;24.08.2019;Station 22;;15;7;0;0;10;90;0;0;0;5;1;0;0;0;0;0;0;1;15;0;0;0;0;0;0;0;0;0;0;0;0;0;0;0;0;0;0;0;0;0;0;0;0;0;0;0;0;0;0;0;0;0;;
SIMEP;24.08.2019;Station 22;;15;8;0;0;0;100;0;0;0;0;0;0;0;0;2;25;0;0;0;0;0;0;0;0;0;0;0;0;0;0;0;0;0;0;0;0;0;0;0;0;0;0;0;0;0;0;0;0;0;0;0;0;;
SIMEP;24.08.2019;Station 22;;15;9;0;15;0;85;0;0;1;5;0;0;0;0;2;25;0;1;10;10;0;0;0;0;0;0;1;40;0;0;0;0;0;0;0;0;0;0;0;0;0;0;0;0;0;0;0;0;0;0;0;0;;
SIMEP;24.08.2019;Station 22;;10;1;0;0;0;0;100;0;1;20;1;0;0;0;0;0;0;0;0;0;0;0;0;0;0;0;0;0;10;0;5;5;0;0;0;1;0;0;1;0;0;0;0;0;0;0;0;0;0;0;0;0;;
SIMEP;24.08.2019;Station 22;;10;2;0;0;0;0;100;0;0;0;0;0;0;0;0;0;0;0;0;0;0;0;0;0;0;0;0;0;0;0;0;0;5;0;0;1;0;0;0;0;0;0;0;0;15;0;0;0;0;0;0;0;;
SIMEP;24.08.2019;Station 22;;10;3;0;0;0;0;100;0;0;0;0;0;0;0;0;0;0;0;0;0;0;0;0;0;0;0;0;0;5;0;0;0;0;0;0;1;0;0;0;0;0;0;0;0;0;0;0;0;0;0;0;0;;
SIMEP;24.08.2019;Station 22;;10;4;80;0;0;0;20;0;0;15;20;0;0;0;0;5;7;0;0;0;0;0;0;0;0;0;1;40;5;0;25;25;0;0;0;1;0;0;1;0;0;2;0;0;1;1;5;0;0;0;0;0;;
SIMEP;24.08.2019;Station 22;;10;5;0;0;0;0;100;0;0;0;0;0;0;0;0;0;0;0;0;0;0;0;0;0;0;0;0;0;5;0;0;0;0;0;0;1;0;0;0;0;0;0;0;0;10;0;0;0;0;0;0;0;;
SIMEP;24.08.2019;Station 22;;10;6;50;0;0;0;50;0;0;20;25;1;10;0;6;35;0;0;0;0;0;1;10;0;0;0;0;0;0;0;10;15;0;0;0;0;0;0;0;0;0;0;0;0;0;0;0;0;0;0;0;0;;
SIMEP;24.08.2019;Station 22;;10;7;0;0;0;0;100;0;0;0;0;0;0;0;0;0;0;0;0;0;0;0;0;0;0;0;0;0;5;0;0;0;0;0;0;1;0;0;0;0;0;0;0;0;10;0;0;0;0;0;0;0;;
SIMEP;24.08.2019;Station 22;;10;8;0;0;0;0;0;0;0;0;0;0;0;0;0;0;0;0;0;0;0;0;0;0;0;0;0;0;0;0;0;0;0;0;0;0;0;0;0;0;0;0;0;0;10;0;0;0;0;0;0;0;;
SIMEP;26.08.2019;Station 25;;15;1;0;25;75;0;0;0;3;30;4;0;0;0;0;0;0;1;15;15;0;0;0;2;30;0;0;0;0;0;10;15;0;1;1;1;1;0;1;0;1;0;0;0;0;1;0;0;0;2;0;0;;
SIMEP;26.08.2019;Station 25;;15;2;0;0;100;0;0;0;0;0;0;0;0;0;0;0;0;0;0;0;0;0;0;0;0;0;0;0;0;0;0;0;0;0;0;0;0;0;0;0;0;0;0;0;0;0;0;0;0;0;15;0;;
SIMEP;26.08.2019;Station 25;;15;3;0;25;75;0;0;0;0;30;0;1;30;0;1;20;0;0;0;15;0;0;0;3;40;0;0;0;0;0;10;10;0;0;1;1;0;0;0;0;0;0;0;0;0;0;0;0;0;0;0;0;;
SIMEP;26.08.2019;Station 25;;15;4;0;0;30;70;0;0;0;0;0;0;0;0;0;0;0;0;0;0;0;0;0;0;0;0;0;0;0;0;0;0;0;0;0;0;0;0;0;0;0;0;0;0;0;0;0;0;0;0;0;0;;
SIMEP;26.08.2019;Station 25;;15;5;0;20;20;60;0;0;1;30;0;0;0;0;0;0;0;0;0;5;0;0;0;2;30;0;0;0;0;0;15;5;0;0;1;1;0;0;0;0;1;0;0;0;0;0;0;0;0;0;0;0;;
SIMEP;26.08.2019;Station 25;;15;6;0;15;85;0;0;0;1;30;0;0;0;0;0;0;0;0;0;0;0;0;0;0;0;0;0;0;0;0;0;0;0;0;0;0;0;0;0;0;0;0;0;0;0;0;0;0;0;0;0;0;;
SIMEP;26.08.2019;Station 25;;15;7;0;15;30;55;0;0;0;0;0;0;0;0;0;0;0;0;0;0;0;0;0;0;0;0;0;0;0;0;10;15;0;0;0;0;0;0;0;0;0;0;0;0;0;0;0;0;0;0;0;0;;
SIMEP;26.08.2019;Station 25;;10;1;0;20;30;50;0;0;0;0;0;0;0;0;0;0;0;0;0;10;0;0;0;0;0;0;0;0;15;0;20;15;0;0;0;0;0;0;0;0;0;0;0;0;0;1;0;0;0;0;0;0;;
SIMEP;26.08.2019;Station 25;;10;2;0;25;30;45;0;0;2;45;0;0;0;0;0;0;0;1;10;10;0;0;0;0;0;0;0;0;0;0;0;0;0;0;0;0;0;0;0;0;0;0;0;0;0;0;0;0;0;0;15;0;;
SIMEP;26.08.2019;Station 25;;10;3;0;30;35;35;0;0;2;30;0;0;0;0;1;15;0;0;0;0;0;0;0;0;0;0;0;0;0;0;0;0;0;0;0;0;0;0;0;0;0;0;0;0;0;0;0;0;0;0;0;0;;
SIMEP;26.08.2019;Station 25;;10;4;0;30;30;40;0;0;8;60;0;0;0;0;0;0;0;0;0;0;0;0;0;0;0;0;0;0;5;0;5;5;0;0;0;0;0;0;0;0;0;0;0;0;0;0;0;0;0;0;0;0;;
SIMEP;26.08.2019;Station 25;;10;5;0;15;30;55;0;0;1;30;0;0;0;0;0;0;0;0;0;0;0;0;0;0;0;0;0;0;0;0;0;0;0;0;0;0;0;0;0;0;0;0;0;0;0;0;0;0;0;0;0;0;;
SIMEP;26.08.2019;Station 25;;10;6;0;30;20;50;0;0;1;20;0;1;25;0;0;0;0;0;0;10;0;0;0;4;40;0;0;0;0;0;25;5;0;1;1;2;0;0;0;0;0;0;0;0;0;0;0;0;0;0;0;0;;
SIMEP;26.08.2019;Station 25;;10;7;0;20;40;40;0;0;0;0;0;0;0;0;0;0;0;1;20;0;0;0;0;0;0;0;0;40;0;0;20;10;0;1;0;1;0;0;0;0;0;0;0;0;0;0;0;0;0;0;0;0;;
SIMEP;26.08.2019;Station 25;;10;8;0;0;20;80;0;0;0;0;0;0;0;0;0;0;0;0;0;0;0;0;0;0;0;0;0;0;0;0;0;0;0;0;0;0;1;0;0;0;0;0;0;0;0;0;0;0;0;0;0;0;;
Arctic Amazing Race;09.02.2014;Qik;1;5;1;100;;;;0;;0;0;0;0;0;0;0;0;0;0;0;;0;0;0;0;0;0;0;0;50;0;0;0;0;0;;;0;;0;;0;;;;0;;;;;;;;50;
Arctic Amazing Race;09.02.2014;Qik;1;5;2;100;;;;0;;0;0;0;0;0;0;0;0;0;0;0;;0;0;0;0;0;0;0;0;15;0;0;0;0;0;0;;;0;;0;;0;;;;0;;;;;;;75;
Arctic Amazing Race;09.02.2014;Qik;1;5;3;100;;;;0;;0;0;0;0;0;0;0;0;0;0;0;;5;0;0;0;0;0;0;0;45;0;0;0;0;0;;;0;;0;;0;;;;0;;;;;;;;50;
Arctic Amazing Race;09.02.2014;Qik;1;5;4;100;;;;0;;0;0;0;0;0;0;0;0;0;0;0;;0;0;0;0;0;0;0;0;5;0;0;0;0;0;;;0;;0;;0;;;;0;;;;;;;;95;
Arctic Amazing Race;09.02.2014;Qik;1;5;5;50;;;;50;;0;0;0;0;0;0;0;0;0;0;0;;0;0;0;0;0;0;0;0;0;0;0;0;0;0;;;0;;0;;0;;;;0;;;;;;;;100;
Arctic Amazing Race;09.02.2014;Qik;1;5;6;60;;;;40;;0;0;0;0;0;0;0;0;0;0;0;;0;0;0;0;0;0;0;0;40;0;0;0;0;0;;;0;;0;;0;;;;0;;;;;;;;60;
Arctic Amazing Race;09.02.2014;Qik;1;5;7;55;;;;45;;0;0;0;0;0;0;0;0;0;0;0;;0;0;0;0;0;0;0;0;45;0;0;0;0;0;;;0;;0;;0;;;;0;;;;;;;;55;
Arctic Amazing Race;09.02.2014;Qik;1;5;8;60;;;;40;;0;0;0;0;0;0;0;0;0;0;0;;0;0;0;0;0;0;0;0;30;0;0;0;0;0;;;0;;0;;0;;;;0;;;;;;;;70;
Arctic Amazing Race;09.02.2014;Qik;1;5;9;100;;;;0;;0;0;0;0;0;0;0;0;0;0;0;;5;0;0;0;0;0;0;0;60;0;0;0;0;0;;;0;;0;;0;;;;0;;;;;;;;35;
Arctic Amazing Race;09.02.2014;Qik;1;5;10;100;;;;0;;0;0;0;0;0;0;0;0;0;0;0;;0;0;0;0;0;0;0;0;25;0;0;0;0;0;0;;;0;;0;;0;;;;0;;;;;;;70;
Arctic Amazing Race;09.02.2014;Qik;1;10;1;0;;;;100;;0;0;0;0;0;0;0;0;0;0;0;;0;0;0;0;0;0;0;0;90;0;0;0;0;0;;;0;;0;;0;;;;0;;;;;;;;10;
Arctic Amazing Race;09.02.2014;Qik;1;10;2;0;;;;100;;0;0;0;0;0;0;0;0;0;0;0;;0;0;0;0;0;0;0;0;95;0;0;0;0;0;;;0;;0;;0;;;;0;;;;;;;;0;
Arctic Amazing Race;09.02.2014;Qik;1;10;3;0;;;;100;;0;0;0;0;0;0;0;0;0;0;0;;0;0;0;0;0;0;0;0;80;0;0;0;0;0;;;0;;0;;0;;;;0;;;;;;;;0;
Arctic Amazing Race;09.02.2014;Qik;1;10;4;0;;;;100;;0;0;0;0;0;0;0;0;0;0;0;;0;0;0;0;0;0;0;0;90;0;0;0;0;0;;;0;;0;;0;;;;0;;;;;;;;0;
Arctic Amazing Race;09.02.2014;Qik;1;10;5;0;;;;100;;0;0;0;0;0;0;0;0;0;0;0;;0;0;0;0;0;0;0;0;95;0;0;0;0;0;;;0;;0;;0;;;;0;;;;;;;;5;
Arctic Amazing Race;09.02.2014;Qik;1;10;6;0;;;;100;;0;0;0;0;0;0;0;0;0;0;0;;0;0;0;0;0;0;0;0;75;0;0;0;0;0;;;0;;0;;0;;;;0;;;;;;;;0;
Arctic Amazing Race;09.02.2014;Qik;1;10;7;0;;;;100;;0;0;0;0;0;0;0;0;0;0;0;;0;0;0;0;0;0;0;0;0;0;0;0;0;0;;;0;;0;;0;;;;0;;;;;;;;0;
Arctic Amazing Race;09.02.2014;Qik;1;10;8;0;;;;100;;0;0;0;0;0;0;0;0;0;0;0;;0;0;0;0;0;0;0;0;60;0;0;0;0;0;;;0;;0;;0;;;;0;;;;;;;;15;
Arctic Amazing Race;09.02.2014;Qik;1;10;9;0;;;;100;;0;0;0;0;0;0;0;0;0;0;0;;0;0;0;0;0;0;0;0;95;0;0;0;0;0;;;0;;0;;0;;;;0;;;;;;;;0;
Arctic Amazing Race;09.02.2014;Qik;1;10;10;0;;;;100;;0;0;0;0;0;0;0;0;0;0;0;;5;0;;0;0;0;0;0;75;0;0;0;0;0;0;0;;;0;;0;;0;;;;0;;;;;;10;
Arctic Amazing Race;09.02.2014;Qik;1;15;1;0;;;;100;;0;0;0;0;10;0;0;0;0;0;0;;0;0;;0;0;0;0;0;30;0;0;0;0;0;0;1;;;0;;0;;0;;;;26;;;;;;0;
Arctic Amazing Race;09.02.2014;Qik;1;15;2;0;;;;100;;0;0;0;0;70;0;0;0;0;0;0;;0;0;;0;0;0;0;0;0;0;0;0;0;0;0;;;0;;0;;0;;;;17;;;;;;;0;
Arctic Amazing Race;09.02.2014;Qik;1;15;3;0;10;;;90;;0;0;0;0;0;0;0;0;0;0;0;;0;0;0;0;0;0;0;0;25;0;0;0;0;0;2;;;0;;0;;0;;;;18;;;;;;;0;
Arctic Amazing Race;09.02.2014;Qik;1;15;4;0;40;;;60;;0;0;0;0;55;0;0;0;0;0;0;;0;0;;0;0;0;0;0;0;0;0;0;0;0;1;;;0;;0;;0;;;;7;;;;;;;5;
Arctic Amazing Race;09.02.2014;Qik;1;15;5;0;5;;;95;;0;0;0;0;5;0;0;0;0;0;0;;0;0;;0;0;0;0;0;30;0;0;0;0;0;0;2;;;0;;0;;0;;;;17;;;;;;0;
Arctic Amazing Race;09.02.2014;Qik;1;15;6;0;100;;;0;;0;0;0;0;85;0;0;0;0;0;0;;0;0;0;0;0;0;0;0;0;0;0;0;0;0;;;0;;0;;0;;;;0;;;;;;;;0;
Arctic Amazing Race;09.02.2014;Qik;1;15;7;0;10;;;90;;0;0;0;0;50;0;0;0;0;0;0;;0;0;;0;0;0;0;0;40;0;0;0;0;0;0;2;;;0;;0;;0;;;;0;;;;;;0;
Arctic Amazing Race;09.02.2014;Qik;1;15;8;0;0;;;100;;0;0;0;0;0;0;0;0;0;0;0;;0;0;0;0;0;0;0;0;0;0;0;0;0;3;;;0;;0;;0;;;;21;;;;;;;;0;
Arctic Amazing Race;09.02.2014;Qik;1;15;9;0;20;;;80;;0;0;0;0;0;0;0;0;0;0;0;;0;0;0;0;0;0;0;0;0;0;0;0;0;1;;;0;;0;;0;;;;14;;;;;;;;0;
Arctic Amazing Race;09.02.2014;Qik;1;15;10;0;0;;;100;;0;0;0;0;65;0;0;0;0;0;0;;0;0;0;0;0;0;0;0;5;0;0;0;0;0;0;;;0;;0;;0;;;;8;;;;;;;0;
Arctic Amazing Race;09.03.2014;Rocks near Durban;1;5;1;100;;;;0;;0;0;0;0;55;0;0;0;0;0;0;;0;0;0;;0;0;0;0;0;0;0;0;0;0;0;3;;;0;;0;;0;;;;0;;;;;;0;
Arctic Amazing Race;09.03.2014;Rocks near Durban;1;5;2;100;;;;0;;0;0;0;0;60;0;0;0;0;0;0;;0;0;0;;0;0;0;0;0;0;0;0;0;0;0;6;;;0;;0;;0;;;;0;;;;;;0;
Arctic Amazing Race;09.03.2014;Rocks near Durban;1;5;3;100;;;;0;;0;0;0;0;65;0;0;0;0;0;0;;0;0;0;;0;0;0;0;0;0;0;0;0;0;0;1;;;0;;0;;0;;;;0;;;;;;0;
Arctic Amazing Race;09.03.2014;Rocks near Durban;1;5;4;100;;;;0;;0;0;0;0;0;0;0;0;0;0;0;;0;0;;0;0;0;0;0;0;0;0;0;0;0;16;;;0;;0;;0;;;;0;;;;;;;5;
Arctic Amazing Race;09.03.2014;Rocks near Durban;1;5;5;100;;;;0;;0;0;0;0;45;0;0;0;0;0;0;;0;0;0;0;0;0;0;0;0;0;0;0;0;0;;;0;;0;;0;;;;0;;;;;;;;0;
Arctic Amazing Race;09.03.2014;Rocks near Durban;1;5;6;100;;;;0;;0;0;0;0;40;0;0;5;0;0;0;;0;0;3;0;;0;0;0;0;0;0;0;0;0;0;0;7;;;0;;0;;0;;;;0;;;;;0;
Arctic Amazing Race;09.03.2014;Rocks near Durban;1;5;7;100;;;;0;;0;0;0;0;70;0;0;0;0;0;0;;0;0;0;;0;0;0;0;0;0;0;0;0;0;0;2;;;0;;0;;0;;;;0;;;;;;0;
Arctic Amazing Race;09.03.2014;Rocks near Durban;1;5;8;100;;;;0;;0;0;0;0;15;0;0;20;0;0;0;;0;0;5;0;;0;0;0;0;0;0;0;0;0;0;0;2;;;0;;0;;0;;;;0;;;;;0;
Arctic Amazing Race;09.03.2014;Rocks near Durban;1;5;9;100;;;;0;;0;0;0;0;15;0;0;5;0;0;0;;0;0;2;0;;0;0;0;0;0;0;0;0;0;0;0;1;;;0;;0;;0;;;;0;;;;;0;
Arctic Amazing Race;09.03.2014;Rocks near Durban;1;5;10;100;;;;0;;0;0;0;0;35;0;0;0;0;0;0;;0;0;0;;0;0;0;0;0;0;0;0;0;0;0;1;;;0;;0;;0;;;;0;;;;;;0;
Arctic Amazing Race;09.03.2014;Rocks near Durban;1;10;1;0;50;50;;0;;0;0;0;0;80;0;0;0;0;0;0;;0;0;0;;0;0;0;0;0;0;0;0;0;0;0;0;;;0;;0;;0;;;;2;;;;;;0;
Arctic Amazing Race;09.03.2014;Rocks near Durban;1;10;2;0;100;;;0;;0;0;0;0;25;0;0;0;0;0;0;;0;0;0;0;0;0;0;0;0;0;0;0;0;0;;;0;;0;;0;;;;0;;;;;;;;75;
Arctic Amazing Race;09.03.2014;Rocks near Durban;1;10;3;0;;100;;0;;0;0;0;0;15;0;0;0;0;0;0;;0;0;0;0;0;0;0;0;0;0;0;0;0;0;;;0;;0;;0;;;;0;;;;;;;;55;
Arctic Amazing Race;09.03.2014;Rocks near Durban;1;10;4;0;100;;;0;;0;0;0;0;30;0;0;0;0;0;0;;0;0;;0;0;0;0;0;0;0;0;0;0;0;1;;;0;;0;;0;;;;0;;;;;;;45;
Arctic Amazing Race;09.03.2014;Rocks near Durban;1;10;5;0;100;;;0;;0;0;0;0;50;0;0;15;0;0;0;;0;0;5;0;;0;0;0;5;0;0;0;0;0;0;0;0;1;;;0;;0;;0;;;;0;;;;0;
Arctic Amazing Race;09.03.2014;Rocks near Durban;1;10;6;0;70;30;;0;;0;0;0;0;10;0;0;0;0;0;0;;0;0;0;;0;0;0;0;0;0;0;0;0;0;0;2;;;1;;0;;0;;;;0;;;;;;5;
Arctic Amazing Race;09.03.2014;Rocks near Durban;1;10;7;0;20;80;;0;;0;0;0;0;50;0;0;0;0;0;0;;0;0;0;0;0;0;0;0;0;0;0;0;0;0;;;0;;0;;0;;;;0;;;;;;;;35;
Arctic Amazing Race;09.03.2014;Rocks near Durban;1;10;8;0;;100;;0;;0;0;0;0;35;0;0;0;0;0;0;;0;0;0;0;0;0;0;0;0;0;0;0;0;0;;;0;;0;;0;;;;0;;;;;;;;55;
Arctic Amazing Race;09.03.2014;Rocks near Durban;1;10;9;0;70;30;;0;;0;0;0;0;0;0;0;5;0;0;0;;0;0;0;0;0;0;0;0;0;0;0;0;0;0;;;0;;0;;0;;;;0;;;;;;;;75;
Arctic Amazing Race;09.03.2014;Rocks near Durban;1;10;10;0;50;50;;0;;0;0;0;0;30;0;0;0;0;0;0;;0;0;0;0;0;0;0;0;0;0;0;0;0;0;;;0;;0;;0;;;;0;;;;;;;;35;
Arctic Amazing Race;09.03.2014;Rocks near Durban;1;20;1;0;100;;;0;;0;0;0;0;0;0;0;0;0;0;0;;0;0;0;0;0;0;0;0;0;0;0;0;0;0;;;0;;0;;0;;;;0;;;;;;;;95;
Arctic Amazing Race;09.03.2014;Rocks near Durban;1;20;2;0;100;;;0;;0;0;0;0;15;0;0;0;0;0;0;;0;0;0;0;0;0;0;0;0;0;0;0;0;0;;;0;;0;;0;;;;0;;;;;;;;85;
Arctic Amazing Race;09.03.2014;Rocks near Durban;1;20;3;0;100;;;0;;0;0;0;0;50;0;0;0;0;0;0;;0;0;0;0;0;0;0;0;0;0;0;0;0;0;;;0;;0;;0;;;;0;;;;;;;;50;
Arctic Amazing Race;09.03.2014;Rocks near Durban;1;20;4;0;100;;;3;;0;0;0;0;5;0;0;0;0;0;0;;0;0;0;0;0;0;0;0;0;0;0;0;0;0;;;0;;0;;0;;;;0;;;;;;;;80;
Arctic Amazing Race;09.03.2014;Rocks near Durban;1;20;5;0;100;;;1;;0;0;0;0;15;0;0;0;0;0;0;;0;0;0;0;0;0;0;0;45;0;0;0;0;0;;;0;;0;;0;;;;0;;;;;;;;35;
Arctic Amazing Race;09.03.2014;Rocks near Durban;1;20;6;0;100;;;0;;0;0;0;0;0;0;0;0;0;0;0;;0;0;0;0;0;0;0;0;0;0;0;0;0;0;;;0;;0;;0;;;;0;;;;;;;;100;
Arctic Amazing Race;09.03.2014;Rocks near Durban;1;20;7;0;100;;;0;;0;0;0;0;100;0;0;0;0;0;0;;0;0;0;0;0;0;0;0;0;0;0;0;0;0;;;0;;0;;0;;;;0;;;;;;;;0;
Arctic Amazing Race;09.03.2014;Rocks near Durban;1;20;8;0;100;;;0;;0;0;0;0;5;0;0;0;0;0;0;;0;0;0;0;0;0;0;0;0;0;0;0;0;0;;;0;;0;;0;;;;0;;;;;;;;95;
Arctic Amazing Race;09.03.2014;Rocks near Durban;1;20;9;0;100;;;0;;0;0;0;0;5;0;0;0;0;0;0;;0;0;0;0;0;0;0;0;0;0;0;0;0;0;;;0;;0;;0;;;;0;;;;;;;;95;
Arctic Amazing Race;09.03.2014;Rocks near Durban;1;20;10;0;100;;;2;;0;0;0;0;0;0;0;0;0;0;0;;0;0;0;0;0;0;0;0;0;0;0;0;0;0;;;0;;0;;1;;;;0;;;;;;;;85;
Arctic Amazing Race;09.02.2014;S. of Qik;1;5;1;100;;;;0;;0;0;0;0;0;0;0;0;0;0;0;;0;0;0;0;0;0;0;0;25;0;0;0;0;0;;;0;;0;;0;;;;0;;;;;;;;75;
Arctic Amazing Race;09.02.2014;S. of Qik;1;5;2;100;;;;0;;0;0;0;0;0;0;0;0;0;0;0;;5;0;0;0;0;0;0;0;10;0;0;0;0;0;;;0;;0;;0;;;;0;;;;;;;;85;
Arctic Amazing Race;09.02.2014;S. of Qik;1;5;3;100;;;;0;;0;0;0;0;5;0;0;0;0;0;0;;5;0;90;;0;0;0;0;10;0;0;0;0;0;0;0;0;;;0;;0;;0;;;;0;;;;;55;
Arctic Amazing Race;09.02.2014;S. of Qik;1;5;4;100;;;;0;;0;0;0;0;20;0;0;0;0;0;0;;0;0;;0;0;0;0;0;0;0;0;0;0;0;1;;;0;;0;;0;;;;0;;;;;;;80;
Arctic Amazing Race;09.02.2014;S. of Qik;1;5;5;100;;;;0;;0;0;0;0;0;0;0;0;0;0;0;;0;0;0;0;0;0;0;0;70;0;0;0;0;0;;;0;;0;;0;;;;0;;;;;;;;30;
Arctic Amazing Race;09.02.2014;S. of Qik;1;5;6;100;;;;0;;0;0;0;0;5;0;0;0;0;0;0;;10;0;10;5;;0;0;0;50;0;0;0;0;0;0;0;0;0;;;0;;0;;0;;;;0;;;;10;
Arctic Amazing Race;09.02.2014;S. of Qik;1;5;7;100;;;;0;;0;0;0;0;0;0;0;0;0;0;0;;0;0;;0;0;0;0;0;40;0;0;0;0;0;0;0;;;0;;0;;0;;;;0;;;;;;20;
Arctic Amazing Race;09.02.2014;S. of Qik;1;5;8;100;;;;0;;0;0;0;0;25;0;0;0;0;0;0;;15;0;0;0;0;0;0;0;5;0;0;0;0;0;;;0;;0;;0;;;;0;;;;;;;;50;
Arctic Amazing Race;09.02.2014;S. of Qik;1;5;9;100;;;;0;;0;0;0;0;25;0;0;0;0;0;0;;0;0;;0;0;0;0;0;10;0;0;0;0;0;0;0;;;0;;0;;0;;;;0;;;;;;40;
Arctic Amazing Race;09.02.2014;S. of Qik;1;5;10;100;;;;0;;0;0;0;0;0;0;0;0;0;0;0;;0;0;0;0;0;0;0;0;0;0;0;0;0;0;;;0;;0;;0;;;;0;;;;;;;;90;
Arctic Amazing Race;09.02.2014;S. of Qik;1;10;1;50;;;;50;;0;0;0;0;0;0;0;0;0;0;0;;15;0;;0;0;0;0;0;25;0;0;0;0;0;0;0;;;0;;0;;0;;;;0;;;;;;20;
Arctic Amazing Race;09.02.2014;S. of Qik;1;10;2;100;;;;0;;0;0;0;0;0;0;0;0;0;0;0;;0;0;0;0;0;0;0;0;0;0;0;0;0;0;;;0;;0;;0;;;;0;;;;;;;;95;
Arctic Amazing Race;09.02.2014;S. of Qik;1;10;3;0;100;;;0;;0;0;0;0;0;0;0;0;0;0;0;;0;0;0;0;0;0;0;0;0;0;0;0;0;0;;;0;;0;;0;;;;0;;;;;;;;0;
Arctic Amazing Race;09.02.2014;S. of Qik;1;10;4;0;15;;;85;;0;0;0;0;5;0;0;0;0;0;0;;0;0;0;0;0;0;0;0;10;0;0;0;0;0;;;0;;0;;0;;;;0;;;;;;;;60;
Arctic Amazing Race;09.02.2014;S. of Qik;1;10;5;0;80;;;20;;0;0;0;0;0;0;0;0;0;0;25;;5;0;30;;0;0;0;0;20;0;0;0;0;0;0;0;0;;;0;;0;;0;;;;0;;;;;40;
Arctic Amazing Race;09.02.2014;S. of Qik;1;10;6;0;100;;;0;;0;0;0;0;30;0;0;0;0;0;0;;5;0;30;;0;0;0;0;0;0;0;0;0;0;0;0;;;0;;0;;0;;;;0;;;;;;60;
Arctic Amazing Race;09.02.2014;S. of Qik;1;10;7;5;;;;95;;0;0;0;0;55;0;0;0;0;0;0;;0;0;0;;0;0;0;0;5;0;0;0;0;0;0;0;0;;;0;;0;;0;;;;0;;;;;25;
Arctic Amazing Race;09.02.2014;S. of Qik;1;10;8;75;;;;25;;0;0;0;0;0;0;0;0;0;0;0;;0;0;0;0;0;0;0;0;55;0;0;0;0;0;;;0;;0;;0;;;;0;;;;;;;;0;
Arctic Amazing Race;09.02.2014;S. of Qik;1;10;9;0;;;;100;;0;0;0;0;5;0;0;0;0;0;0;;0;0;;0;0;0;0;0;5;0;0;0;0;0;0;0;;;0;;0;;0;;;;0;;;;;;60;
Arctic Amazing Race;09.02.2014;S. of Qik;1;10;10;0;;;;100;;0;0;0;0;0;0;0;0;0;0;0;;45;0;0;0;0;0;0;0;15;0;0;0;0;0;;;0;;0;;0;;;;0;;;;;;;;40;
Arctic Amazing Race;09.02.2014;S. of Qik;1;15;1;0;;;;100;;0;0;0;0;0;0;0;0;0;0;0;;0;0;0;0;0;0;0;0;40;0;0;0;0;0;0;;;0;;0;;0;;;;0;;;;;;;0;
Arctic Amazing Race;09.02.2014;S. of Qik;1;15;2;0;;;;100;;0;0;0;0;0;0;0;0;0;0;0;;0;0;0;0;0;0;0;0;35;0;0;0;0;0;;;0;;0;;0;;;;1;;;;;;;;0;
Arctic Amazing Race;09.02.2014;S. of Qik;1;15;3;0;;;;100;;0;0;0;0;0;0;0;0;0;0;0;;5;0;;0;0;0;0;0;50;0;0;0;0;0;0;0;;;0;;0;;0;;;;0;;;;;;5;
Arctic Amazing Race;09.02.2014;S. of Qik;1;15;4;0;;;;100;;0;0;0;0;0;0;0;0;0;0;0;;0;0;0;0;0;0;0;0;35;0;0;0;0;0;0;;;0;;0;;0;;;;0;;;;;;;5;
Arctic Amazing Race;09.02.2014;S. of Qik;1;15;5;0;;;;100;;0;0;0;0;0;0;0;0;0;0;0;;0;0;0;0;0;0;0;0;45;0;0;0;0;0;0;;;0;;0;;0;;;;0;;;;;;;0;
Arctic Amazing Race;09.02.2014;S. of Qik;1;15;6;0;;;;100;;0;0;0;0;0;0;0;0;0;0;0;;0;0;0;0;0;0;0;0;25;0;0;0;0;0;0;;;0;;0;;0;;;;0;;;;;;;0;
Arctic Amazing Race;09.02.2014;S. of Qik;1;15;7;0;;;;100;;0;0;0;0;0;0;0;0;0;0;0;;0;0;0;0;0;0;0;0;45;0;0;0;0;0;;;0;;0;;0;;;;0;;;;;;;;0;
Arctic Amazing Race;09.02.2014;S. of Qik;1;15;8;0;;;;100;;0;0;0;0;0;0;0;0;0;0;0;;0;0;0;0;0;0;0;0;30;0;0;0;0;0;0;;;0;;0;;0;;;;0;;;;;;;0;
Arctic Amazing Race;09.02.2014;S. of Qik;1;15;9;0;;;;100;;0;0;0;0;0;0;0;0;0;0;0;;0;0;0;0;0;0;0;0;75;0;0;0;0;0;0;;;0;;0;;0;;;;0;;;;;;;0;
Arctic Amazing Race;09.02.2014;S. of Qik;1;15;10;0;;;;100;;0;0;0;0;0;0;0;0;0;0;0;;0;0;0;0;0;0;0;0;20;0;0;0;0;0;0;;;0;;0;;0;;;;0;;;;;;;0;
Arctic Amazing Race;09.03.2014;Durban Habour;1;5;1;5;95;;;0;;0;0;0;0;70;0;0;0;0;0;0;;0;0;0;;0;0;0;0;0;0;0;0;0;0;0;3;;;0;;0;;0;;;;0;;;;;;0;
Arctic Amazing Race;09.03.2014;Durban Habour;1;5;2;0;100;;;0;;0;0;0;0;40;0;0;0;0;0;0;;0;0;0;;0;0;0;0;0;0;0;0;0;0;0;17;;;0;;0;;0;;;;0;;;;;;0;
Arctic Amazing Race;09.03.2014;Durban Habour;1;5;3;5;95;;;0;;0;0;0;0;0;0;0;0;0;0;0;;0;0;;0;0;0;0;0;0;0;0;0;0;0;15;;;0;;0;;0;;;;0;;;;;;;0;
Arctic Amazing Race;09.03.2014;Durban Habour;1;5;4;0;100;;;0;;0;0;0;0;0;0;0;0;0;0;0;;0;0;;0;0;0;0;0;0;0;0;0;0;0;6;;;0;;0;;0;;;;0;;;;;;;0;
Arctic Amazing Race;09.03.2014;Durban Habour;1;5;5;0;100;;;0;;0;0;0;0;0;0;0;0;0;0;0;;0;0;;0;0;0;0;0;0;0;0;0;0;0;18;;;0;;0;;0;;;;0;;;;;;;0;
Arctic Amazing Race;09.03.2014;Durban Habour;1;5;6;5;95;;;0;;0;0;0;0;0;0;0;0;0;;0;28;60;0;;0;0;0;0;0;0;0;0;0;0;0;10;;;0;;0;;0;;;;0;;;;;;;;
Arctic Amazing Race;09.03.2014;Durban Habour;1;5;7;0;100;;;0;;0;0;0;0;0;0;0;0;0;;0;20;80;0;;0;0;0;0;0;0;0;0;0;0;0;5;;;0;;0;;0;;;;0;;;;;;;;
Arctic Amazing Race;09.03.2014;Durban Habour;1;5;8;10;90;;;0;;0;0;0;0;0;0;0;0;;;0;33;33;0;;0;0;0;0;0;0;0;0;0;0;0;7;;;0;;0;;0;;;;0;;;;;;;;
Arctic Amazing Race;09.03.2014;Durban Habour;1;5;9;0;100;;;0;;0;0;0;0;0;0;0;0;;;0;11;40;0;;0;0;0;0;0;0;0;0;0;0;0;16;;;0;;0;;0;;;;0;;;;;;;;
Arctic Amazing Race;09.03.2014;Durban Habour;1;5;10;0;100;;;0;;0;0;0;0;55;6;0;0;0;;;0;0;0;;0;0;0;0;0;0;0;0;0;0;0;0;;;0;;0;;0;;;;0;;;;;;;;
Arctic Amazing Race;09.03.2014;Durban Habour;1;10;1;0;100;;;0;;0;0;0;0;32;0;0;0;;;0;4;0;;0;0;0;0;0;0;0;0;0;0;0;6;;;0;;0;;0;;;;0;;;;;;;;0;
Arctic Amazing Race;09.03.2014;Durban Habour;1;10;2;0;100;;;0;;0;0;0;0;3;80;0;0;0;;;0;15;40;0;;0;0;0;0;0;0;0;0;0;0;0;6;;;0;;0;;0;;;;0;;;;;;;
Arctic Amazing Race;09.03.2014;Durban Habour;1;10;3;5;95;;;0;;0;0;0;0;69;6;0;0;0;;;0;8;70;0;;0;0;0;0;0;0;0;0;0;0;0;3;;;0;;0;;0;;;;0;;;;;;;
Arctic Amazing Race;09.03.2014;Durban Habour;1;10;4;0;100;;;0;;0;0;0;0;54;16;0;0;0;;;0;25;0;;0;0;0;0;0;0;0;0;0;0;0;4;;;0;;0;;0;;;;0;;;;;;;;
Arctic Amazing Race;09.03.2014;Durban Habour;1;10;5;10;90;;;0;;0;0;0;0;0;0;0;0;;;0;18;50;0;;0;0;0;0;0;0;0;0;0;0;0;7;;;0;;0;;0;;;;0;;;;;;;;
Arctic Amazing Race;09.03.2014;Durban Habour;1;10;6;0;100;;;0;;0;0;0;0;50;0;0;0;;;0;0;0;;0;0;0;0;0;0;0;0;0;0;0;3;;;0;;0;;0;;;;0;;;;;;;;0;
Arctic Amazing Race;09.03.2014;Durban Habour;1;10;7;0;100;;;0;;0;0;0;0;90;5;0;0;0;;;0;0;0;;0;0;0;0;0;0;0;0;0;0;0;1;;;0;;0;;0;;;;0;;;;;;;;
Arctic Amazing Race;09.03.2014;Durban Habour;1;10;8;0;100;;;0;;0;0;0;0;57;7;0;0;0;;;0;0;0;;0;0;0;0;0;0;0;0;0;0;0;7;;;0;;0;;0;;;;0;;;;;;;;
Arctic Amazing Race;09.03.2014;Durban Habour;1;10;9;0;100;;;0;;0;0;0;0;85;0;0;0;;;0;5;0;;0;0;0;0;0;0;0;0;0;0;0;0;;;0;;0;;0;;;;0;;;;;;;;0;
Arctic Amazing Race;09.03.2014;Durban Habour;1;10;10;0;100;;;0;;0;0;0;0;43;5;0;0;0;;;0;8;7;0;;0;0;0;0;0;0;0;0;0;0;0;4;;;0;;0;;0;;;;0;;;;;;;
Arctic Amazing Race;09.03.2014;Durban Habour;1;20;1;0;100;;;0;;0;0;0;0;75;0;0;0;;;0;0;0;;0;0;0;0;0;0;0;0;0;0;0;0;;;0;;0;;0;;;;0;;;;;;;;0;
Arctic Amazing Race;09.03.2014;Durban Habour;1;20;2;0;100;;;0;;0;0;0;0;52;4;0;0;0;;;0;14;;0;;0;0;0;0;0;0;0;0;0;0;0;0;;;0;;0;;1;;;;0;;;;;;;
Arctic Amazing Race;09.03.2014;Durban Habour;1;20;3;100;0;;;0;;0;0;0;0;61;1;0;0;0;;;0;4;;0;;0;0;0;0;0;0;0;0;0;0;0;0;;;0;;0;;1;;;;0;;;;;;;
Arctic Amazing Race;09.03.2014;Durban Habour;1;20;4;0;100;;;0;;0;0;0;0;55;0;0;0;;;0;45;0;;0;0;0;0;0;0;0;0;0;0;0;0;;;0;;0;;0;;;;0;;;;;;;;0;
Arctic Amazing Race;09.03.2014;Durban Habour;1;20;5;0;100;;;0;;0;0;0;0;50;0;0;0;;;0;50;0;;0;0;0;0;0;0;0;0;0;0;0;0;;;0;;0;;0;;;;0;;;;;;;;0;
Arctic Amazing Race;09.03.2014;Durban Habour;1;20;6;100;0;;;0;;0;0;0;0;52;4;0;0;0;;;0;38;;0;;0;0;0;0;0;0;0;0;0;0;0;1;;;0;;0;;0;;;;0;;;;;;;
Arctic Amazing Race;09.03.2014;Durban Habour;1;20;7;100;0;;;0;;0;0;0;0;2;20;0;0;0;;;0;26;;0;;0;0;0;0;0;0;0;0;0;0;0;0;;;0;;0;;3;;;;24;;;;;;;
Arctic Amazing Race;09.03.2014;Durban Habour;1;20;8;0;0;100;;0;;0;0;0;0;90;0;0;0;;;0;10;0;;0;0;0;0;0;0;0;0;0;0;0;0;;;0;;0;;0;;;;0;;;;;;;;0;
Arctic Amazing Race;09.03.2014;Durban Habour;1;20;9;0;100;0;;0;;0;0;0;0;86;4;0;0;0;;;0;4;;0;;0;0;0;0;0;0;0;0;0;0;0;2;;;0;;0;;0;;;;0;;;;;;;
Arctic Amazing Race;09.03.2014;Durban Habour;1;20;10;100;0;0;;0;;0;0;0;0;71;4;0;0;0;;;0;4;;0;;0;0;0;0;0;0;0;0;0;0;0;1;;;0;;0;;0;;;;0;;;;;;;
Arctic Amazing Race;09.03.2014;Duck Island;1;5;1;100;0;0;;0;;0;0;0;0;0;0;0;15;;;0;5;0;;0;0;0;0;0;80;0;0;0;0;0;;;;;;;;;;;;;;;;;;;;0;
Arctic Amazing Race;09.03.2014;Duck Island;1;5;2;100;0;0;;0;;0;0;0;0;0;0;0;100;;;0;0;0;;0;0;0;0;0;0;0;0;0;0;0;;;;;;;;;;;;;;;;;;;;0;
Arctic Amazing Race;09.03.2014;Duck Island;1;5;3;100;0;0;;0;;0;0;0;0;0;0;0;5;;;0;0;0;;0;0;0;0;0;95;0;0;0;0;0;;;;;;;;;;;;;;;;;;;;0;
Arctic Amazing Race;09.03.2014;Duck Island;1;5;4;100;0;0;;0;;0;0;0;0;0;0;0;65;;;0;35;0;;0;0;0;0;0;0;0;0;0;0;0;;;;;;;;;;;;;;;;;;;;0;
Arctic Amazing Race;09.03.2014;Duck Island;1;5;5;100;0;0;;0;;0;0;0;0;0;0;0;92;;;0;4;0;;0;0;0;0;0;4;0;0;0;0;0;;;;;;;;;;;;;;;;;;;;0;
Arctic Amazing Race;09.03.2014;Duck Island;1;5;6;100;0;0;;0;;0;0;0;0;0;0;0;22;;;0;20;0;;0;0;0;0;0;58;0;0;0;0;0;;;;;;;;;;;;;;;;;;;;0;
Arctic Amazing Race;09.03.2014;Duck Island;1;5;7;100;0;0;;0;;0;0;0;0;0;0;0;60;;;0;0;0;;0;0;0;0;0;40;0;0;0;0;0;;;;;;;;;;;;;;;;;;;;0;
Arctic Amazing Race;09.03.2014;Duck Island;1;5;8;100;0;0;;0;;0;0;0;0;0;0;0;80;;;0;12;0;;0;0;0;0;0;2;0;0;0;0;0;;;;;;;;;;;;;;;;;;;;0;
Arctic Amazing Race;09.03.2014;Duck Island;1;10;1;0;0;100;;0;;0;0;0;0;32;0;0;36;;;0;0;0;;0;0;0;0;0;0;0;0;28;0;0;;;;;;;;;;;;;;;;;;;;0;
Arctic Amazing Race;09.03.2014;Duck Island;1;10;2;0;0;100;;0;;0;32;0;0;0;0;0;40;;;0;0;0;;0;0;0;0;0;0;0;0;0;0;0;;;;;;;;;;;;;;;;;;;;0;
Arctic Amazing Race;09.03.2014;Duck Island;1;10;3;0;0;100;;0;;0;0;0;0;0;0;0;0;;;0;0;0;;0;0;0;0;0;0;0;0;0;0;0;;;;;;;;;;;;;;;;;;;;0;
Arctic Amazing Race;09.03.2014;Duck Island;1;10;4;37;;62;;0;;0;0;0;0;68;0;0;0;;;0;0;0;;0;0;0;0;0;0;0;0;0;0;0;;;;;;;;;;;;;;;;;;;;;
Arctic Amazing Race;09.03.2014;Duck Island;1;10;5;0;0;100;;0;;0;0;0;0;100;0;0;0;;;0;0;0;;0;0;0;0;0;0;0;0;0;0;0;;;;;;;;;;;;;;;;;;;;0;
Arctic Amazing Race;09.03.2014;Duck Island;1;10;6;0;0;100;;0;;0;0;0;0;32;0;0;60;;;0;0;0;;0;0;0;0;0;0;0;0;0;4;0;;;;;;;;;;;;;;;;;;;;0;
Arctic Amazing Race;09.03.2014;Duck Island;1;10;7;0;0;100;;0;;0;40;0;0;28;0;0;32;;;0;0;0;;0;0;0;0;0;0;0;0;0;0;0;;;;;;;;;;;;;;;;;;;;0;
Arctic Amazing Race;09.03.2014;Duck Island;1;10;8;0;0;100;;0;;0;0;0;0;56;0;0;4;;;0;0;0;;0;0;0;0;0;0;0;0;0;36;0;;;;;;;;;;;;;;;;;;;;0;
Arctic Amazing Race;09.03.2014;Duck Island;1;20;1;0;0;100;;0;;0;36;0;0;16;0;0;12;;;0;0;0;;0;0;32;0;0;0;0;0;0;0;0;;;;;;;;;;;;;;;;;;;;0;
Arctic Amazing Race;09.03.2014;Duck Island;1;20;2;0;0;100;;0;;0;24;0;0;76;0;0;0;;;0;0;0;;0;0;0;0;0;0;0;0;0;0;0;;;;;;;;;;;;;;;;;;;;0;
Arctic Amazing Race;09.03.2014;Duck Island;1;20;3;0;0;100;;0;;0;12;0;0;52;0;0;0;;;0;0;0;;0;0;20;0;0;0;0;0;0;0;0;;;;;;;;;;;;;;;;;;;;0;
Arctic Amazing Race;09.03.2014;Duck Island;1;20;4;0;0;100;;0;;0;48;0;0;28;0;0;0;;;0;0;0;;0;0;20;0;0;0;0;0;0;0;0;;;;;;;;;;;;;;;;;;;;0;
Arctic Amazing Race;09.03.2014;Duck Island;1;20;5;0;0;100;;0;;0;18;0;0;74;0;0;0;;;0;0;0;;0;0;0;0;0;0;0;0;0;0;0;;;;;;;;;;;;;;;;;;;;0;
Arctic Amazing Race;09.03.2014;Duck Island;1;20;6;0;0;100;;0;;0;24;0;0;68;0;0;0;;;0;0;0;;0;0;0;0;0;0;0;0;0;0;0;;;;;;;;;;;;;;;;;;;;0;
Arctic Amazing Race;09.03.2014;Duck Island;1;20;7;0;0;100;;0;;0;12;0;0;68;0;0;0;;;0;0;0;;0;0;0;0;0;0;0;0;0;0;0;;;;;;;;;;;;;;;;;;;;0;
Arctic Amazing Race;09.03.2014;Duck Island;1;20;8;0;0;100;;0;;0;36;0;0;60;0;0;0;;;0;0;0;;0;0;0;0;0;0;0;0;0;0;0;;;;;;;;;;;;;;;;;;;;0;
Pangnirtung NFA;08.10.2019;Pangnirtung 1;1;5;1;0;50;0;;50;;0;50;0;0;0;0;0;26;;;0;0;0;;0;0;0;0;0;0;0;0;0;0;0;;;;;;;;;;;;;;;;;;;;0;
Pangnirtung NFA;08.10.2019;Pangnirtung 1;1;5;2;0;50;0;;50;;0;100;0;0;0;0;0;0;;;0;0;0;;0;0;0;0;0;0;0;0;0;0;0;;;;;;;;;;;;;;;;;;;;0;
Pangnirtung NFA;08.10.2019;Pangnirtung 1;1;5;3;0;50;0;;50;;0;100;0;0;0;0;0;0;;;0;0;0;;0;0;0;0;0;0;0;0;0;0;0;;;;;;;;;;;;;;;;;;;;0;
Pangnirtung NFA;08.10.2019;Pangnirtung 1;1;10;1;0;0;100;;0;;0;80;0;0;0;0;0;10;;;0;0;0;;0;0;0;0;0;0;0;0;0;0;0;;;;;;;;;;;;;;;;;;;;0;
Pangnirtung NFA;08.10.2019;Pangnirtung 1;1;10;2;0;20;80;;0;;0;90;0;0;0;0;0;5;;;0;0;0;;0;0;0;0;0;0;0;0;0;0;0;;;;;;;;;;;;;;;;;;;;0;
Pangnirtung NFA;08.10.2019;Pangnirtung 1;1;20;1;0;0;100;;0;;0;50;0;0;0;0;0;50;;;0;0;0;;0;0;0;0;0;0;0;0;0;0;0;;;;;;;;;;;;;;;;;;;;0;
Pangnirtung NFA;08.10.2019;Pangnirtung 1;1;20;2;0;0;100;;0;;0;40;0;0;0;0;0;60;;;0;0;0;;0;0;0;0;0;0;0;0;0;0;0;;;;;;;;;;;;;;;;;;;;0;
Pangnirtung NFA;08.10.2019;Pangnirtung 1;1;20;3;0;20;80;;0;;0;65;0;0;0;0;0;35;;;0;0;0;;0;0;0;0;0;0;0;0;0;0;0;;;;;;;;;;;;;;;;;;;;0;
Arctic Amazing Race;09.03.2014;Evan's Bight;25;5;1;100;0;0;0;0;0;0;75;0;0;0;0;;20;0;0;0;100;0;0;0;0;0;0;0;0;0;0;0;0;0;;;;;;;;;;;;;;;;;;;;;
Arctic Amazing Race;09.03.2014;Evan's Bight;25;5;2;100;0;0;0;0;0;0;79;0;0;0;0;;21;0;0;0;0;0;0;0;0;0;0;0;0;0;0;0;0;0;;;;;;;;;;;;;;;;;;;;;
Arctic Amazing Race;09.03.2014;Evan's Bight;25;5;3;100;0;0;0;0;0;0;46;0;0;20;0;;24;0;0;0;0;0;0;0;0;0;0;0;0;0;10;0;0;0;;;;;;;;;;;;;;;;;;;;;
Arctic Amazing Race;09.03.2014;Evan's Bight;25;5;4;100;0;0;0;0;0;0;15;0;0;30;0;;35;0;0;0;0;0;0;0;0;0;0;0;20;0;0;0;0;0;;;;;;;;;;;;;;;;;;;;;
Arctic Amazing Race;09.03.2014;Evan's Bight;25;5;5;100;0;0;0;0;0;0;14;0;0;32;0;;0;0;0;0;0;0;0;0;0;20;0;0;32;0;0;0;0;0;;;;;;;;;;;;;;;;;;;;;
Arctic Amazing Race;09.03.2014;Evan's Bight;25;5;6;50;0;50;0;0;0;0;24;0;0;44;0;;0;0;0;0;70;0;0;0;0;0;0;0;0;0;0;0;8;0;;;;;;;;;;;;;;;;;;;;;
Arctic Amazing Race;09.03.2014;Evan's Bight;25;5;7;100;0;0;0;0;0;0;80;0;0;8;0;;0;0;0;0;0;0;0;0;0;0;0;0;8;0;0;0;0;0;;;;;;;;;;;;;;;;;;;;;
Arctic Amazing Race;09.03.2014;Evan's Bight;25;5;8;100;0;0;0;0;0;0;20;0;0;56;0;;0;0;0;0;0;0;0;0;0;0;0;0;20;0;0;0;0;0;;;;;;;;;;;;;;;;;;;;;
Arctic Amazing Race;09.03.2014;Evan's Bight;25;5;9;100;0;0;0;0;0;0;36;0;0;56;0;;0;0;0;0;80;0;0;0;0;0;0;0;8;0;0;0;0;0;;;;;;;;;;;;;;;;;;;;;
Arctic Amazing Race;09.03.2014;Evan's Bight;25;5;10;100;0;0;0;0;0;0;36;0;0;12;0;;0;0;0;0;100;0;0;0;0;0;0;0;44;0;0;0;0;0;;;;;;;;;;;;;;;;;;;;;
Arctic Amazing Race;09.03.2014;Evan's Bight;25;10;1;100;0;0;0;0;0;0;0;0;0;100;0;;0;0;0;0;;0;0;0;0;0;0;0;0;0;0;0;0;0;;;;;;;;;;;;;;;;;;;;;
Arctic Amazing Race;09.03.2014;Evan's Bight;25;10;2;100;0;0;0;0;0;0;4;0;0;56;0;;0;0;0;0;;0;0;0;0;0;0;0;0;0;0;0;0;0;;;;;;;;;;;;;;;;;;;;;
Arctic Amazing Race;09.03.2014;Evan's Bight;25;10;3;100;0;0;0;0;0;0;0;0;0;96;0;;0;0;0;0;;0;0;0;0;0;0;0;0;0;0;0;0;0;;;;;;;;;;;;;;;;;;;;;
Arctic Amazing Race;09.03.2014;Evan's Bight;25;10;4;0;100;0;0;0;0;0;0;0;0;36;0;;0;0;0;0;;0;0;0;0;32;0;0;0;0;0;24;0;0;;;;;;;;;;;;;;;;;;;;;
Arctic Amazing Race;09.03.2014;Evan's Bight;25;10;5;100;0;0;0;0;0;0;0;0;0;80;0;;0;0;0;0;;0;0;0;0;8;0;0;0;0;0;12;0;0;;;;;;;;;;;;;;;;;;;;;
Arctic Amazing Race;09.03.2014;Evan's Bight;25;10;6;50;0;0;0;50;0;0;0;0;0;76;0;;0;0;0;0;;0;0;0;0;16;0;0;0;0;0;8;0;0;;;;;;;;;;;;;;;;;;;;;
Arctic Amazing Race;09.03.2014;Evan's Bight;25;10;7;100;0;0;0;0;0;0;0;0;0;88;0;;0;0;0;0;;0;0;0;0;0;0;0;0;0;0;12;0;0;;;;;;;;;;;;;;;;;;;;;
Arctic Amazing Race;09.03.2014;Evan's Bight;25;10;8;100;0;0;0;0;0;0;0;0;0;96;0;;0;0;0;0;;0;0;0;0;0;0;0;0;0;0;0;0;0;;;;;;;;;;;;;;;;;;;;;
Arctic Amazing Race;09.03.2014;Evan's Bight;25;10;9;60;0;0;20;20;0;0;0;0;0;44;0;;0;0;0;0;;0;0;0;0;24;0;0;0;0;0;18;0;0;;;;;;;;;;;;;;;;;;;;;
Arctic Amazing Race;09.03.2014;Evan's Bight;25;10;10;100;0;0;0;0;0;0;0;0;0;24;0;;0;0;0;0;;0;0;0;0;40;0;0;16;0;0;0;16;0;;;;;;;;;;;;;;;;;;;;;
Arctic Amazing Race;09.03.2014;Hogg Island;25;5;1;20;0;0;0;80;0;0;64;0;0;36;0;;0;0;0;0;;0;0;0;0;0;0;0;0;0;0;0;0;0;;;;;;;;;;;;;;;;;;;;;
Arctic Amazing Race;09.03.2014;Hogg Island;25;5;2;20;0;0;0;80;0;0;20;0;0;56;0;;24;0;0;0;;0;0;0;0;0;0;0;0;0;0;0;0;0;;;;;;;;;;;;;;;;;;;;;
Arctic Amazing Race;09.03.2014;Hogg Island;25;5;3;0;0;0;0;100;0;0;84;0;0;0;0;;0;0;0;0;;0;0;0;0;0;0;0;0;0;0;0;0;0;;;;;;;;;;;;;;;;;;;;;
Arctic Amazing Race;09.03.2014;Hogg Island;25;5;4;0;0;20;0;80;0;0;100;0;0;0;0;;0;0;0;0;;0;0;0;0;0;0;0;0;0;0;0;0;0;;;;;;;;;;;;;;;;;;;;;
Arctic Amazing Race;09.03.2014;Hogg Island;25;5;5;0;0;15;0;85;0;0;90;0;0;0;0;;0;0;0;0;;0;0;0;0;0;0;0;0;0;0;0;0;0;;;;;;;;;;;;;;;;;;;;;
Arctic Amazing Race;09.03.2014;Hogg Island;25;5;6;0;0;10;0;90;0;0;68;0;0;0;0;;0;0;0;0;;0;0;0;0;0;0;0;0;0;0;0;0;0;;;;;;;;;;;;;;;;;;;;;
Arctic Amazing Race;09.03.2014;Hogg Island;25;5;7;0;0;10;0;90;0;0;100;0;0;0;0;;0;0;0;0;;0;0;0;0;0;0;0;0;0;0;0;0;0;;;;;;;;;;;;;;;;;;;;;
Arctic Amazing Race;09.03.2014;Hogg Island;25;5;8;0;0;20;0;80;0;0;32;0;0;32;0;;0;0;0;0;;0;0;0;0;0;0;0;0;0;0;0;0;0;;;;;;;;;;;;;;;;;;;;;
Arctic Amazing Race;09.03.2014;Hogg Island;25;5;9;0;0;8;0;92;0;0;100;0;0;0;0;;0;0;0;0;;0;0;0;0;0;0;0;0;0;0;0;0;0;;;;;;;;;;;;;;;;;;;;;
Arctic Amazing Race;09.03.2014;Hogg Island;25;10;1;0;0;10;0;90;0;0;92;0;0;0;0;;0;0;0;0;;0;0;0;0;0;0;0;0;0;0;0;0;0;;;;;;;;;;;;;;;;;;;;;
Arctic Amazing Race;09.03.2014;Hogg Island;25;10;2;0;0;5;0;95;0;0;96;0;0;0;0;;0;0;0;0;;0;0;0;0;0;0;0;0;0;0;0;0;0;;;;;;;;;;;;;;;;;;;;;
Arctic Amazing Race;09.03.2014;Hogg Island;25;10;3;0;0;0;0;100;0;0;24;0;0;0;0;;0;0;0;0;;0;0;0;0;0;0;0;0;0;0;0;0;0;;;;;;;;;;;;;;;;;;;;;
Arctic Amazing Race;09.03.2014;Hogg Island;25;10;4;0;0;0;0;100;0;0;88;0;0;0;0;;0;0;0;0;;0;0;0;0;0;0;0;0;0;0;0;0;0;;;;;;;;;;;;;;;;;;;;;
Arctic Amazing Race;09.03.2014;Hogg Island;25;10;5;0;0;0;0;100;0;0;20;0;0;0;0;;0;0;0;0;;0;0;0;0;0;0;0;0;20;0;0;0;0;;;;;;;;;;;;;;;;;;;;;
Arctic Amazing Race;09.03.2014;Hogg Island;25;10;6;0;0;2;0;98;0;0;94;0;0;0;0;;0;0;0;0;;0;0;0;0;0;0;0;0;0;0;0;0;0;0;;;;;;;;;;;;;;;;;;;;
Arctic Amazing Race;09.03.2014;Hogg Island;25;10;7;0;0;5;0;95;0;0;55;0;0;0;0;;0;0;0;0;;0;0;0;0;0;0;0;0;0;0;0;0;0;0;;;;;;;;;;;;;;;;;;;;
Arctic Amazing Race;09.03.2014;Hogg Island;25;10;8;0;0;2;0;98;0;0;100;0;0;0;0;;0;0;0;0;;0;0;0;0;0;0;0;0;0;0;0;0;0;0;;;;;;;;;;;;;;;;;;;;
Arctic Amazing Race;09.03.2014;Hogg Island;25;10;9;0;0;2;0;98;0;0;96;0;0;0;0;;0;0;0;0;;0;0;0;0;0;0;0;0;0;0;0;0;0;0;;;;;;;;;;;;;;;;;;;;
Arctic Amazing Race;09.11.2014;Mussel Point;25;10;1;0;0;50;0;50;0;0;0;0;0;0;0;;0;0;0;0;;0;0;0;0;0;0;0;0;0;0;0;0;0;6;;;;;;;;;;;;;;;;;;;;
Arctic Amazing Race;09.11.2014;Mussel Point;25;10;2;0;0;70;0;30;0;0;0;0;0;0;0;;0;0;0;0;;0;0;0;0;0;0;0;0;0;0;0;0;0;11;;;;;;;;;;;;;;;;;;;;
Arctic Amazing Race;09.11.2014;Mussel Point;25;10;3;0;20;20;0;60;0;0;0;0;0;0;0;;0;0;0;0;;0;0;0;0;0;0;0;0;0;0;0;0;0;12;;;;;;;;;;;;;;;;;;;;
Arctic Amazing Race;09.11.2014;Mussel Point;25;10;4;0;0;25;0;75;0;0;0;0;0;0;0;;0;0;0;0;;0;0;0;0;0;0;0;0;0;0;0;0;0;18;;;;;;;;;;;;;;;;;;;;
Arctic Amazing Race;09.11.2014;Mussel Point;25;10;5;0;0;80;0;20;0;0;0;0;0;0;0;;0;0;0;0;;0;0;0;0;0;0;0;0;0;0;0;0;0;4;;;;;;;;;;;;;;;;;;;;
Arctic Amazing Race;09.11.2014;Mussel Point;25;10;6;0;0;100;0;0;0;0;0;0;0;0;0;;0;0;0;0;;0;0;0;0;0;0;0;0;0;0;0;0;0;6;;;;;;;;;;;;;;;;;;;;
Arctic Amazing Race;09.11.2014;Mussel Point;25;10;7;0;30;60;0;10;0;0;0;0;0;0;0;;0;0;0;0;;0;0;0;0;0;0;0;0;0;0;0;0;0;10;;;;;;;;;;;;;;;;;;;;
Arctic Amazing Race;09.11.2014;Mussel Point;25;10;8;0;0;85;0;15;0;0;0;0;0;0;0;;0;0;0;0;;0;0;0;0;0;0;0;0;0;0;0;0;0;8;;;;;;;;;;;;;;;;;;;;
Arctic Amazing Race;09.11.2014;Mussel Point;25;10;9;0;0;82;0;18;0;0;0;0;0;0;0;;0;0;0;0;;0;0;0;0;0;0;0;0;0;0;0;0;0;5;;;;;;;;;;;;;;;;;;;;
Arctic Amazing Race;09.09.2014;Turnagain;25;10;1;0;0;100;0;0;0;0;0;0;0;0;0;;0;0;0;0;100;0;0;0;0;0;0;0;0;0;0;0;0;0;19;;;;;;;;;;;;;;;;;;;;
Arctic Amazing Race;09.09.2014;Turnagain;25;10;2;0;100;0;0;0;0;0;0;0;0;0;0;;0;0;0;0;100;0;0;0;0;0;0;0;0;0;0;0;0;0;10;;;;;;;;;;;;;;;;;;;;
Arctic Amazing Race;09.09.2014;Turnagain;25;10;3;0;70;30;0;0;0;0;0;0;0;0;0;;0;0;0;0;100;0;0;0;0;0;0;0;0;0;0;0;0;0;6;;;;;;;;;;;;;;;;;;;;
Arctic Amazing Race;09.09.2014;Turnagain;25;10;4;0;80;0;0;20;0;0;0;0;0;0;0;;0;0;0;0;100;0;0;0;0;0;0;0;0;0;0;0;0;0;13;;;;;;;;;;;;;;;;;;;;
Arctic Amazing Race;09.09.2014;Turnagain;25;10;5;0;85;15;0;0;0;0;0;0;0;0;0;;0;0;0;0;100;0;0;0;0;0;0;0;0;0;0;0;0;0;5;;;;;;;;;;;;;;;;;;;;
Arctic Amazing Race;09.09.2014;Turnagain;25;10;6;0;0;80;0;20;0;0;0;0;0;0;0;;0;0;0;0;100;0;0;0;0;0;0;0;0;0;0;0;0;0;8;;;;;;;;;;;;;;;;;;;;
Arctic Amazing Race;09.09.2014;Turnagain;25;10;7;0;90;0;0;10;0;0;0;0;0;0;0;;0;0;0;0;100;0;0;0;0;0;0;0;0;0;0;0;0;0;4;;;;;;;;;;;;;;;;;;;;
Arctic Amazing Race;09.09.2014;Turnagain;25;10;8;20;75;5;0;0;0;0;0;0;0;0;0;;0;0;0;0;100;0;0;0;0;0;0;0;0;0;0;0;0;0;10;;;;;;;;;;;;;;;;;;;;
Arctic Amazing Race;09.09.2014;Turnagain;25;15;1;0;0;5;0;90;5;0;0;0;0;0;0;;0;0;0;0;0;0;0;0;0;0;0;0;0;0;0;0;0;0;1;;;;;;;;;;;;;;;;;;0;;
Arctic Amazing Race;09.09.2014;Turnagain;25;15;2;0;0;3;0;95;2;0;0;0;0;0;0;;0;0;0;0;0;0;0;0;0;0;0;0;0;0;0;0;0;0;2;;;;;;;;;;;;;;;;;;0;;
Arctic Amazing Race;09.09.2014;Turnagain;25;15;3;55;0;0;0;45;0;0;0;0;0;0;0;;0;0;0;0;0;0;0;0;0;0;0;0;0;0;0;0;0;0;21;;;;;;;;;;;;;;;;;;0;;
Arctic Amazing Race;09.09.2014;Turnagain;25;15;4;0;0;8;0;88;4;0;0;0;0;0;0;;0;0;0;0;0;0;0;0;0;0;0;0;0;0;0;0;0;0;4;;;;;;;;;;;;;;;;;;0;;
Arctic Amazing Race;09.09.2014;Turnagain;25;15;5;0;0;0;0;90;10;0;0;0;0;0;0;;0;0;0;0;0;0;0;0;0;0;0;0;0;0;0;0;0;0;5;;;;;;;;;;;;;;;;;;0;;
Arctic Amazing Race;09.09.2014;Turnagain;25;15;6;0;11;0;0;89;0;0;0;0;0;0;0;;0;0;0;0;0;0;0;0;0;0;0;0;0;0;0;0;0;0;5;;;;;;;;;;;;;;;;;;0;;
Arctic Amazing Race;09.09.2014;Turnagain;25;15;7;0;9;0;0;91;0;0;0;0;0;0;0;;0;0;0;0;0;0;0;0;0;0;0;0;0;0;0;0;0;0;14;;;;;;;;;;;;;;;;;;0;;
Arctic Amazing Race;09.09.2014;Turnagain;25;15;8;5;0;2;0;88;5;0;0;0;0;0;0;;0;0;0;0;0;0;0;0;0;0;0;0;0;0;0;0;0;0;1;;;;;;;;;;;;;;;;;;0;;
Arctic Amazing Race;09.09.2014;Turnagain;25;15;9;0;0;100;0;0;0;0;0;0;0;0;0;;0;0;0;0;100;0;0;0;0;0;0;0;0;0;0;0;0;0;3;;;;;;;;;;;;;;;;;;0;;
Arctic Amazing Race;09.09.2014;Turnagain;25;15;10;0;0;100;0;0;0;0;0;0;0;0;0;;0;0;0;0;100;0;0;0;0;0;0;0;0;0;0;0;0;0;4;;;;;;;;;;;;;;;;;;0;;
Arctic Amazing Race;09.09.2014;Makkovik;25;10;1;;100;0;0;0;0;0;0;0;0;0;3;;0;0;0;0;0;70;0;0;0;0;0;0;0;0;0;0;0;0;0;6;;;;;;;;;;;;;;;;;;0;
Arctic Amazing Race;09.09.2014;Makkovik;25;10;2;;100;0;0;0;0;0;0;0;0;0;88;;0;0;0;0;0;70;0;0;0;0;0;0;0;0;0;0;0;0;0;0;;;;;;;;;;;;;;;;;;0;
Arctic Amazing Race;09.09.2014;Makkovik;25;10;3;;100;0;0;0;0;0;0;0;0;0;16;;0;0;0;0;0;75;0;0;0;0;0;0;0;0;0;0;0;0;0;5;;;;;;;;;;;;;;;;;;0;
Arctic Amazing Race;09.09.2014;Makkovik;25;10;4;;100;0;0;0;0;0;0;0;0;0;36;;0;0;0;0;0;71;0;0;0;0;0;0;0;0;0;0;0;0;0;3;;;;;;;;;;;;;;;;;;0;
Arctic Amazing Race;09.09.2014;Makkovik;25;10;5;;100;0;0;0;0;0;0;0;0;0;32;;0;0;0;0;0;98;0;0;0;0;0;0;0;0;0;0;0;0;0;3;;;;;;;;;;;;;;;;;;0;
Arctic Amazing Race;09.09.2014;Makkovik;25;10;6;;100;0;0;0;0;0;0;0;0;0;44;;0;0;0;0;0;81;0;0;0;0;0;0;0;0;0;0;8;0;0;2;;;;;;;;;;;;;;;;;;0;
Arctic Amazing Race;09.09.2014;Makkovik;25;10;7;;100;0;0;0;0;0;0;0;0;0;32;;0;0;0;0;0;95;0;0;0;0;0;0;0;0;0;0;0;0;0;2;;;;;;;;;;;;;;;;;;0;
Arctic Amazing Race;09.09.2014;Makkovik;25;10;8;;100;0;0;0;0;0;0;0;0;0;92;;0;0;0;0;0;100;0;0;0;0;0;0;0;0;0;0;0;0;0;0;;;;;;;;;;;;;;;;;;0;
Pangnirtung NFA;08.10.2019;Pangnirtung 2;1;5;1;80;0;;;20;;;;;;;;;100;;;;;;;;;;;;;;;;;;;;;;;;;;;;;;;;;;;;;;
Pangnirtung NFA;08.10.2019;Pangnirtung 2;1;5;2;80;0;0;0;20;0;0;0;0;0;0;0;0;90;;;;;;;;;;;;;;;;;;;;;;;;;;;;;;;;;;;;;;
Pangnirtung NFA;18.08.2019;Pangnirtung 2;1;5;3;0;0;15;0;85;0;0;0;0;0;0;0;0;42;;;;;;;;;;;;;;;;;;;;;;;;;;;;;;;;;;;;;;
Pangnirtung NFA;18.08.2019;Pangnirtung 2;1;10;1;0;10;10;0;80;0;0;100;0;0;0;0;0;0;;;;;;;;;;;;;;;;;;;;;;;;;;;;;;;;;;;;;;
Pangnirtung NFA;18.08.2019;Pangnirtung 2;1;10;2;0;10;10;0;80;0;0;100;0;0;0;0;0;0;;;;;;;;;;;;;;;;;;;;;;;;;;;;;;;;;;;;;;
Pangnirtung NFA;18.08.2019;Pangnirtung 2;1;10;3;0;10;10;0;80;0;0;100;0;0;0;0;0;0;;;;;;;;;;;;;;;;;;;;;;;;;;;;;;;;;;;;;;
Pangnirtung NFA;18.08.2019;Pangnirtung 2;1;10;4;0;10;10;0;80;0;0;100;0;0;0;0;0;0;;;;;;;;;;;;;;;;;;;;;;;;;;;;;;;;;;;;;;
Pangnirtung NFA;18.08.2019;Pangnirtung 2;1;10;5;0;10;10;0;80;0;0;100;0;0;0;0;0;0;;;;;;;;;;;;;;;;;;;;;;;;;;;;;;;;;;;;;;
Pangnirtung NFA;18.08.2019;Pangnirtung 2;1;10;6;0;10;10;0;80;0;0;100;0;0;0;0;0;0;;;;;;;;;;;;;;;;;;;;;;;;;;;;;;;;;;;;;;
Pangnirtung NFA;18.08.2019;Pangnirtung 2;1;10;7;0;10;10;0;80;0;0;100;0;0;0;0;0;0;;;;;;;;;;;;;;;;;;;;;;;;;;;;;;;;;;;;;;
Pangnirtung NFA;18.08.2019;Pangnirtung 2;1;10;8;0;10;10;0;80;0;0;100;0;0;0;0;0;0;;;;;;;;;;;;;;;;;;;;;;;;;;;;;;;;;;;;;;
Pangnirtung NFA;18.08.2019;Pangnirtung 2;1;20;1;0;2;5;0;90;3;0;30;0;0;25;0;0;0;;;;;;;;;;;;;;;;;;;;;;;;;;;;;;;;;;;;;;
Pangnirtung NFA;18.08.2019;Pangnirtung 2;1;20;2;0;3;0;0;90;7;0;20;0;0;50;0;0;0;;;;;;;;;;;;;;;;;;;;;;;;;;;;;;;;;;;;;;
Pangnirtung NFA;18.08.2019;Pangnirtung 2;1;20;3;0;2;0;0;96;2;0;16;0;0;46;0;0;0;;;;;;;;;;;;;;;;;;;;;;;;;;;;;;;;;;;;;;
Pangnirtung NFA;18.08.2019;Pangnirtung 2;1;20;4;0;0;4;0;90;6;0;42;0;0;10;0;0;0;;;;;;;;;;;;;;;;;;;;;;;;;;;;;;;;;;;;;;
CAISN DFO;15.08.2012;Steensby Inlet T1;1;10;1;0;0;20;0;80;;;48;;;0;;;0;;;;;16;;;;0;;;;0;0;0;;;;;;;;;;;;;;;;;;;;;;0;
CAISN DFO;15.08.2012;Steensby Inlet T1;1;10;2;0;0;10;0;90;;;;;;0;;;0;;;;;12;;;;0;;;;52;0;0;;;;;;;;;;;;;;;;;;;;;;0;
CAISN DFO;15.08.2012;Steensby Inlet T1;1;10;3;0;0;0;0;100;;;24;;;0;;;0;;;;;0;;;;0;;;;80;0;0;;;;;;;;;;;;;;;;;;;;;;0;
CAISN DFO;15.08.2012;Steensby Inlet T1;1;10;4;0;0;0;0;100;;;;;;0;;;0;;;;;0;;;;0;;;;0;100;0;;;;;;;;;;;;;;;;;;;;;;0;
CAISN DFO;15.08.2012;Steensby Inlet T1;1;10;5;0;0;10;0;90;;;28;;;0;;;0;;;;;0;;;;0;;;;0;72;0;;;;;;;;;;;;;;;;;;;;;;0;
CAISN DFO;15.08.2012;Steensby Inlet T1;1;10;6;0;0;0;20;80;;;12;;;0;;;0;;;;;60;;;;0;;;;12;0;0;;;;;;;;;;;;;;;;;;;;;;0;
CAISN DFO;15.08.2012;Steensby Inlet T1;1;10;7;0;0;50;0;50;;;0;;;0;;;0;;;;;40;;;;8;;;;0;0;0;;;;;;;;;;;;;;;;;;;;;;0;
CAISN DFO;15.08.2012;Steensby Inlet T1;1;10;8;0;0;0;30;70;;;65;;;0;;;0;;;;;0;;;;0;;;;0;0;0;;;;;;;;;;;;;;;;;;;;;;0;
CAISN DFO;15.08.2012;Steensby Inlet T1;1;10;9;0;0;5;70;25;;;45;;;0;;;0;;;;;0;;;;0;;;;0;0;35;;;;;;;;;;;;;;;;;;;;;;0;
CAISN DFO;15.08.2012;Steensby Inlet T1;1;10;10;0;0;0;20;80;;;0;;;0;;;0;;;;;45;;;;0;;;;0;40;0;;;;;;;;;;;;;;;;;;;;;;0;
CAISN DFO;15.08.2012;Steensby Inlet T1;1;10;11;0;0;10;10;80;;;0;;;0;;;0;;;;;15;;;;80;;;;0;0;0;;;;;;;;;;;;;;;;;;;;;;0;
CAISN DFO;19.08.2012;Steensby Inlet T2;1;5;1;0;0;0;0;100;;;0;;;0;;;0;;;;;0;;;;0;;;;0;5;0;;;;;;;;;;;;;;;;;;;;;;0;
CAISN DFO;19.08.2012;Steensby Inlet T2;1;5;2;0;0;0;5;95;;;50;;;0;;;0;;;;;0;;;;0;;;;0;16;0;;;;;;;;;;;;;;;;;;;;;;0;
CAISN DFO;19.08.2012;Steensby Inlet T2;1;5;3;0;0;0;0;100;;;70;;;0;;;0;;;;;0;;;;0;;;;0;0;0;;;;;;;;;;;;;;;;;;;;;;0;
CAISN DFO;19.08.2012;Steensby Inlet T2;1;5;4;0;0;0;0;100;;;0;;;0;;;0;;;;;0;;;;0;;;;0;0;0;;;;;;;;;;;;;;;;;;;;;;0;
CAISN DFO;19.08.2012;Steensby Inlet T2;1;5;5;0;0;5;0;95;;;45;;;0;;;5;;;;;0;;;;0;;;;0;0;0;;;;;;;;;;;;;;;;;;;;;;0;
CAISN DFO;19.08.2012;Steensby Inlet T2;1;5;6;0;0;0;0;100;;;0;;;0;;;0;;;;;0;;;;0;;;;0;0;0;;;;;;;;;;;;;;;;;;;;;;0;
CAISN DFO;19.08.2012;Steensby Inlet T2;1;5;7;0;5;0;0;95;;;0;;;0;;;5;;;;;0;;;;40;;;;0;0;10;;;;;;;;;;;;;;;;;;;;;;0;
CAISN DFO;19.08.2012;Steensby Inlet T2;1;5;8;0;0;0;4;96;;;32;;;0;;;0;;;;;0;;;;0;;;;0;0;0;;;;;;;;;;;;;;;;;;;;;;0;
CAISN DFO;19.08.2012;Steensby Inlet T2;1;5;9;0;0;0;0;100;;;0;;;0;;;0;;;;;0;;;;80;;;;0;10;10;;;;;;;;;;;;;;;;;;;;;;0;
CAISN DFO;19.08.2012;Steensby Inlet T2;1;5;10;0;0;10;0;90;;;0;;;0;;;0;;;;;0;;;;0;;;;0;0;0;;;;;;;;;;;;;;;;;;;;;;0;
CAISN DFO;19.08.2012;Steensby Inlet T2;1;10;1;0;0;15;0;85;;;0;;;0;;;0;;;;;0;;;;25;;;;0;15;0;;;;;;;;;;;;;;;;;;;;;;0;
CAISN DFO;19.08.2012;Steensby Inlet T2;1;10;2;0;5;20;0;75;;;0;;;0;;;0;;;;;0;;;;40;;;;0;8;0;;;;;;;;;;;;;;;;;;;;;;0;
CAISN DFO;19.08.2012;Steensby Inlet T2;1;10;3;0;0;35;0;65;;;5;;;0;;;0;;;;;15;;;;0;;;;0;55;20;;;;;;;;;;;;;;;;;;;;;;0;
CAISN DFO;19.08.2012;Steensby Inlet T2;1;10;4;0;5;10;0;85;;;0;;;0;;;0;;;;;5;;;;0;;;;0;20;0;;;;;;;;;;;;;;;;;;;;;;0;
CAISN DFO;19.08.2012;Steensby Inlet T2;1;10;5;0;0;45;0;55;;;0;;;0;;;0;;;;;0;;;;65;;;;0;10;0;;;;;;;;;;;;;;;;;;;;;;0;
CAISN DFO;19.08.2012;Steensby Inlet T2;1;10;6;0;0;30;0;70;;;0;;;0;;;0;;;;;4;;;;0;;;;0;50;0;;;;;;;;;;;;;;;;;;;;;;0;
CAISN DFO;19.08.2012;Steensby Inlet T2;1;10;7;0;0;20;0;80;;;0;;;0;;;0;;;;;0;;;;15;;;;0;6;0;;;;;;;;;;;;;;;;;;;;;;0;
CAISN DFO;19.08.2012;Steensby Inlet T2;1;10;8;0;0;25;0;75;;;0;;;0;;;0;;;;;0;;;;20;;;;0;35;5;;;;;;;;;;;;;;;;;;;;;;0;
CAISN DFO;19.08.2012;Steensby Inlet T3;1;5;1;0;0;10;0;90;;;0;;;0;;;0;;;;;0;;;;100;;;;0;0;0;;;;;;;;;;;;;;;;;;;;;;0;
CAISN DFO;19.08.2012;Steensby Inlet T3;1;5;2;0;5;10;0;80;5;;0;;;0;;;0;;;;;0;;;;25;;;;0;10;0;;;;;;;;;;;;;;;;;;;;;;0;
CAISN DFO;19.08.2012;Steensby Inlet T3;1;5;3;0;0;0;0;100;;;50;;;0;;;0;;;;;0;;;;40;;;;0;0;0;;;;;;;;;;;;;;;;;;;;;;0;
CAISN DFO;19.08.2012;Steensby Inlet T3;1;5;4;0;0;0;0;100;;;0;;;0;;;0;;;;;0;;;;10;;;;0;0;0;;;;;;;;;;;;;;;;;;;;;;0;
CAISN DFO;19.08.2012;Steensby Inlet T3;1;5;5;0;0;20;0;80;;;60;;;0;;;0;;;;;0;;;;40;;;;0;0;0;;;;;;;;;;;;;;;;;;;;;;0;
CAISN DFO;19.08.2012;Steensby Inlet T3;1;5;6;0;0;30;0;70;;;30;;;0;;;10;;;;;0;;;;10;;;;0;15;0;;;;;;;;;;;;;;;;;;;;;;0;
CAISN DFO;19.08.2012;Steensby Inlet T3;1;5;7;0;20;0;10;70;;;5;;;0;;;0;;;;;20;;;;5;;;;0;0;0;;;;;;;;;;;;;;;;;;;;;;0;
CAISN DFO;19.08.2012;Steensby Inlet T3;1;5;8;0;65;0;0;35;;;0;;;20;;;0;;;;;0;;;;0;;;;0;20;0;;;;;;;;;;;;;;;;;;;;;;0;
CAISN DFO;19.08.2012;Steensby Inlet T3;1;5;9;0;0;15;0;85;;;60;;;0;;;0;;;;;0;;;;0;;;;0;5;0;;;;;;;;;;;;;;;;;;;;;;0;
CAISN DFO;19.08.2012;Steensby Inlet T3;1;5;10;45;0;0;0;55;;;20;;;5;;;0;;;;;0;;;;25;;;;0;0;0;;;;;;;;;;;;;;;;;;;;;;0;
CAISN DFO;19.08.2012;Steensby Inlet T5;1;10;1;0;0;0;20;80;;;0;;;0;;;5;;;;;0;;;;0;;;;95;0;0;;;;;;;;;;;;;;;;;;;;;;0;
CAISN DFO;19.08.2012;Steensby Inlet T5;1;10;2;0;0;0;20;80;;;0;;;0;;;0;;;;;0;;;;0;;;;100;0;0;;;;;;;;;;;;;;;;;;;;;;0;
CAISN DFO;19.08.2012;Steensby Inlet T5;1;10;3;0;0;0;20;80;;;0;;;0;;;5;;;;;0;;;;0;;;;95;0;0;;;;;;;;;;;;;;;;;;;;;;0;
CAISN DFO;19.08.2012;Steensby Inlet T5;1;10;4;0;0;0;12;88;;;0;;;0;;;0;;;;;0;;;;0;;;;100;0;0;;;;;;;;;;;;;;;;;;;;;;0;
CAISN DFO;19.08.2012;Steensby Inlet T5;1;5;1;0;0;0;10;90;;;0;;;0;;;0;;;;;20;;;;0;;;;0;45;10;;;;;;;;;;;;;;;;;;;;;;0;
CAISN DFO;19.08.2012;Steensby Inlet T5;1;5;2;0;0;10;;85;5;;0;;;0;;;0;;;;;10;;;;0;;;;15;0;20;;;;;;;;;;;;;;;;;;;;;;0;
CAISN DFO;19.08.2012;Steensby Inlet T5;1;5;3;0;0;0;12;88;;;45;;;0;;;0;;;;;15;;;;0;;;;0;0;0;;;;;;;;;;;;;;;;;;;;;;0;
CAISN DFO;19.08.2012;Steensby Inlet T5;1;5;4;0;0;0;;100;;;0;;;0;;;0;;;;;80;;;;0;;;;0;20;0;;;;;;;;;;;;;;;;;;;;;;0;
CAISN DFO;19.08.2012;Steensby Inlet T5;1;5;5;0;0;0;;100;;;0;;;0;;;0;;;;;80;;;;0;;;;0;20;0;;;;;;;;;;;;;;;;;;;;;;0;
CAISN DFO;19.08.2012;Steensby Inlet T5;1;5;6;0;0;0;;100;;;0;;;0;;;0;;;;;10;;;;0;;;;0;90;0;;;;;;;;;;;;;;;;;;;;;;0;
CAISN DFO;19.08.2012;Steensby Inlet T5;1;15;10;0;0;15;;85;;;0;;;0;;;0;;;;;35;;;;35;;;;0;0;0;;;;;;;;;;;;;;;;;;;;;;0;
CAISN DFO;19.08.2012;Steensby Inlet T5;1;15;1;0;0;10;10;80;;;0;;;0;;;0;;;;;60;;;;20;;;;0;0;0;;;;;;;;;;;;;;;;;;;;;;0;
CAISN DFO;19.08.2012;Steensby Inlet T5;1;15;2;0;0;5;;95;;;0;;;84;;;0;;;;;0;;;;0;;;;0;0;0;;;;;;;;;;;;;;;;;;;;;;0;
CAISN DFO;19.08.2012;Steensby Inlet T5;1;15;3;0;0;0;;100;;;0;;;0;;;0;;;;;0;;;;0;;;;0;100;0;;;;;;;;;;;;;;;;;;;;;;0;
CAISN DFO;19.08.2012;Steensby Inlet T5;1;15;4;0;0;0;;100;;;0;;;0;;;0;;;;;0;;;;0;;;;0;85;5;;;;;;;;;;;;;;;;;;;;;;0;
CAISN DFO;19.08.2012;Steensby Inlet T5;1;15;6;0;0;10;;90;;;0;;;0;;;0;;;;;40;;;;25;;;;0;0;0;;;;;;;;;;;;;;;;;;;;;;0;
CAISN DFO;19.08.2012;Steensby Inlet T5;1;15;7;0;0;0;;100;;;0;;;0;;;0;;;;;0;;;;50;;;;50;0;0;;;;;;;;;;;;;;;;;;;;;;0;
CAISN DFO;19.08.2012;Steensby Inlet T5;1;15;8;0;0;0;;100;;;0;;;0;;;0;;;;;0;;;;0;;;;0;0;0;;;;;;;;;;;;;;;;;;;;;;15;
CAISN DFO;19.08.2012;Steensby Inlet T5;1;15;9;0;0;10;;90;;;0;;;0;;;0;;;;;60;;;;40;;;;0;0;0;;;;;;;;;;;;;;;;;;;;;;0;
CAISN DFO;19.08.2012;Steensby Inlet T6;1;5;1;0;0;0;;100;;;0;;;0;;;0;;;;;0;;;;0;;;;100;0;0;;;;;;;;;;;;;;;;;;;;;;0;
CAISN DFO;19.08.2012;Steensby Inlet T6;1;5;2;0;0;0;;100;;;0;;;0;;;0;;;;;0;;;;0;;;;100;0;0;;;;;;;;;;;;;;;;;;;;;;0;
CAISN DFO;19.08.2012;Steensby Inlet T6;1;5;3;0;0;0;;100;;;0;;;0;;;0;;;;;0;;;;0;;;;100;0;0;;;;;;;;;;;;;;;;;;;;;;0;
CAISN DFO;19.08.2012;Steensby Inlet T6;1;5;4;0;0;0;;100;;;0;;;0;;;0;;;;;0;;;;0;;;;100;0;0;;;;;;;;;;;;;;;;;;;;;;0;
CAISN DFO;19.08.2012;Steensby Inlet T6;1;10;1;0;0;0;;100;;;0;;;0;;;0;;;;;0;;;;0;;;;100;0;0;;;;;;;;;;;;;;;;;;;;;;0;
CAISN DFO;19.08.2012;Steensby Inlet T6;1;10;2;0;0;0;;100;;;0;;;0;;;0;;;;;0;;;;0;;;;100;0;0;;;;;;;;;;;;;;;;;;;;;;0;
CAISN DFO;19.08.2012;Steensby Inlet T6;1;10;3;0;0;10;;90;;;0;;;0;;;0;;;;;0;;;;10;;;;50;0;0;;;;;;;;;;;;;;;;;;;;;;0;
CAISN DFO;01.08.2012;Deception Bay 4;1;10;1;0;0;100;;;;;0;;;0;;;95;;;;;0;;;;0;;;;0;0;0;;;;;;;;;;;;;;;;;;;;;;0;
CAISN DFO;01.08.2012;Deception Bay 4;1;10;2;0;0;0;;100;;;55;;;0;;;15;;;;;0;;;;0;;;;0;0;0;;;;;;;;;;;;;;;;;;;;;;0;
CAISN DFO;01.08.2012;Deception Bay 4;1;10;3;0;0;0;5;95;;;70;;;0;;;10;;;;;0;;;;20;;;;0;0;0;;;;;;;;;;;;;;;;;;;;;;0;
CAISN DFO;01.08.2012;Deception Bay 4;1;10;4;0;0;40;40;20;;;45;;;0;;;0;;;;;0;;;;45;;;;0;0;5;;;;;;;;;;;;;;;;;;;;;;0;
CAISN DFO;01.08.2012;Deception Bay 4;1;10;5;0;0;30;30;40;;;30;;;0;;;50;;;;;0;;;;0;;;;0;0;0;;;;;;;;;;;;;;;;;;;;;;0;
CAISN DFO;01.08.2012;Deception Bay 4;1;10;6;0;0;40;40;20;;;80;;;0;;;20;;;;;0;;;;0;;;;0;0;0;;;;;;;;;;;;;;;;;;;;;;0;
CAISN DFO;01.08.2012;Deception Bay 4;1;10;7;0;0;0;10;90;;;60;;;0;;;40;;;;;0;;;;0;;;;0;0;0;;;;;;;;;;;;;;;;;;;;;;0;
CAISN DFO;01.08.2012;Deception Bay 4;1;10;8;0;0;0;;100;;;35;;;0;;;65;;;;;0;;;;0;;;;0;0;0;;;;;;;;;;;;;;;;;;;;;;0;
CAISN DFO;01.08.2012;Deception Bay 4;1;10;9;0;0;0;50;50;;;60;;;0;;;5;;;;;0;;;;0;;;;0;0;0;;;;;;;;;;;;;;;;;;;;;;0;
CAISN DFO;01.08.2012;Deception Bay 4;1;10;10;0;0;0;40;60;;;0;;;0;;;15;;;;;0;;;;0;;;;0;20;0;;;;;;;;;;;;;;;;;;;;;;0;
CAISN DFO;01.08.2012;Deception Bay 4;1;10;11;0;0;0;100;;;;15;;;0;;;70;;;;;0;;;;0;;;;0;0;0;;;;;;;;;;;;;;;;;;;;;;;
CAISN DFO;19.08.2011;Churchill T2;1;5;1;0;0;20;0;60;5;;0;;;0;;;0;;;;;0;;;;0;;;;0;5;0;;;;;;;;;;;;;;10;;;;;;;;0;
CAISN DFO;19.08.2011;Churchill T2;1;5;10;0;0;24;0;55;5;;0;;;0;;;0;;;;;0;;;;0;;;;0;0;0;;;;;;;;;;;;;;16;;;;;;;;;
CAISN DFO;19.08.2011;Churchill T2;1;5;12;0;0;0;15;40;5;;0;;;0;;;0;;;;;0;;;;0;;;;0;0;0;;;;;;;;;;;;;;40;;;;;;;;;
CAISN DFO;19.08.2011;Churchill T2;1;5;13;0;0;0;5;5;14;;0;;;0;;;0;;;;;0;;;;0;;;;0;0;0;;;;;;;;;;;;;;76;;;;;;;;;
CAISN DFO;19.08.2011;Churchill T2;1;5;14;0;0;40;60;0;0;;0;;;0;;;0;;;;;0;;;;0;;;;0;0;0;;;;;;;;;;;;;;0;;;;;;;;;
CAISN DFO;19.08.2011;Churchill T2;1;5;2;0;0;15;0;30;20;;0;;;0;;;0;;;;;0;;;;0;;;;0;0;0;;;;;;;;;;;;;;35;;;;;;;;;
CAISN DFO;19.08.2011;Churchill T2;1;5;3;0;0;0;0;45;5;;0;;;0;;;0;;;;;0;;;;0;;;;0;0;0;;;;;;;;;;;;;;50;;;;;;;;;
CAISN DFO;19.08.2011;Churchill T2;1;5;4;65;0;25;0;0;10;;0;;;0;;;0;;;;;0;;;;0;;;;0;0;0;;;;;;;;;;;;;;0;;;;;;;;;
CAISN DFO;19.08.2011;Churchill T2;1;5;7;25;0;75;0;0;0;;0;;;0;;;0;;;;;0;;;;0;;;;0;0;0;;;;;;;;;;;;;;0;;;;;;;;;
CAISN DFO;19.08.2011;Churchill T2;1;5;8;0;0;65;20;0;15;;0;;;0;;;0;;;;;0;;;;0;;;;0;0;0;;;;;;;;;;;;;;0;;;;;;;;;
CAISN DFO;19.08.2011;Churchill T2;1;5;9;56;0;0;24;10;0;;0;;;0;;;0;;;;;0;;;;0;;;;0;0;0;;;;;;;;;;;;;;0;;;;;;;;;
CAISN DFO;19.08.2011;Churchill T2;1;15;1;0;0;0;14;12;12;;0;;;0;;;0;;;;;0;;;;0;;;;0;52;0;;;;;;;;;;;;;;10;;;;;;;;;
CAISN DFO;19.08.2011;Churchill T2;1;15;10;0;0;0;4;36;12;;0;;;0;;;0;;;;;0;;;;0;;;;0;0;0;;;;;;;;;;;;;;48;;;;;;;;;
CAISN DFO;19.08.2011;Churchill T2;1;15;11;0;0;0;0;18;32;;0;;;0;;;0;;;;;0;;;;0;;;;0;50;0;;;;;;;;;;;;;;0;;;;;;;;;
CAISN DFO;19.08.2011;Churchill T2;1;15;12;0;0;0;0;5;5;;0;;;0;;;0;;;;;0;;;;0;;;;0;12;0;;;;;;;;;;;;;;78;;;;;;;;;
CAISN DFO;19.08.2011;Churchill T2;1;15;13;0;0;8;20;0;0;;0;;;0;;;0;;;;;0;;;;0;;;;0;24;0;;;;;;;;;;;;;;48;;;;;;;;;
CAISN DFO;19.08.2011;Churchill T2;1;15;14;0;0;0;0;0;0;;0;;;0;;;0;;;;;0;;;;0;;;;0;0;0;;;;;;;;;;;;;;100;;;;;;;;;
CAISN DFO;19.08.2011;Churchill T2;1;15;2;0;0;0;10;5;5;;0;;;0;;;0;;;;;0;;;;0;;;;0;80;0;;;;;;;;;;;;;;0;;;;;;;;;
CAISN DFO;19.08.2011;Churchill T2;1;15;3;0;0;4;40;0;0;;0;;;0;;;0;;;;;0;;;;0;;;;0;52;0;;;;;;;;;;;;;;0;;;;;;;;;
CAISN DFO;19.08.2011;Churchill T2;1;15;4;0;0;0;0;2;0;;0;;;0;;;0;;;;;0;;;;0;;;;0;12;0;;;;;;;;;;;;;;86;;;;;;;;;
CAISN DFO;19.08.2011;Churchill T2;1;15;5;0;0;0;0;0;0;;0;;;0;;;0;;;;;0;;;;0;;;;0;0;0;;;;;;;;;;;;;;100;;;;;;;;;
CAISN DFO;19.08.2011;Churchill T2;1;15;6;24;0;0;0;12;0;;0;;;0;;;0;;;;;0;;;;0;;;;0;44;0;;;;;;;;;;;;;;20;;;;;;;;;
CAISN DFO;19.08.2011;Churchill T2;1;15;7;0;0;0;0;0;0;;0;;;0;;;0;;;;;0;;;;0;;;;0;40;0;;;;;;;;;;;;;;60;;;;;;;;;
CAISN DFO;19.08.2011;Churchill T2;1;15;8;0;0;0;0;0;6;;0;;;0;;;0;;;;;0;;;;0;;;;0;50;0;;;;;;;;;;;;;;44;;;;;;;;;
CAISN DFO;19.08.2011;Churchill T2;1;15;9;0;0;16;0;0;4;;0;;;0;;;0;;;;;0;;;;0;;;;0;0;0;;;;;;;;;;;;;;80;;;;;;;;;
CAISN DFO;19.08.2011;Churchill T3;1;10;1;0;24;12;0;0;4;;0;;;0;;;0;;;;;0;;;;0;;;;36;0;0;;;;;;;;;;;;;;24;;;;;;;;;
CAISN DFO;19.08.2011;Churchill T3;1;10;2;36;0;0;0;0;0;;0;;;0;;;0;;;;;0;;;;0;;;;40;0;0;24;;;;;;;;;;;;;0;;;;;;;;;
CAISN DFO;19.08.2011;Churchill T3;1;10;3;30;0;0;62;0;0;;0;;;0;;;0;;;;;0;;;;0;;;;0;8;0;;;;;;;;;;;;;;0;;;;;;;;;
CAISN DFO;19.08.2011;Churchill T3;1;10;4;0;52;12;0;0;0;;0;;;0;;;0;;;;;0;;;;0;;;;0;36;0;;;;;;;;;;;;;;0;;;;;;;;;
CAISN DFO;19.08.2011;Churchill T3;1;10;5;12;0;36;0;0;0;;0;;;0;;;0;;;;;0;;;;0;;;;52;0;0;;;;;;;;;;;;;;0;;;;;;;;;
CAISN DFO;19.08.2011;Churchill T3;1;10;6;12;0;0;4;12;0;;0;;;0;;;0;;;;;0;;;;0;;;;72;0;0;;;;;;;;;;;;;;0;;;;;;;;;
CAISN DFO;19.08.2011;Churchill T3;1;10;7;30;0;0;0;10;0;;0;;;0;;;0;;;;;0;;;;0;;;;60;0;0;;;;;;;;;;;;;;0;;;;;;;;;
CAISN DFO;19.08.2011;Churchill T3;1;10;8;0;0;40;0;8;0;;0;;;0;;;0;;;;;0;;;;0;;;;52;0;0;;;;;;;;;;;;;;0;;;;;;;;;
CAISN DFO;19.08.2011;Churchill T3;1;10;9;80;0;0;0;0;0;;16;;;0;;;0;;;;;0;;;;0;;;;4;0;0;;;;;;;;;;;;;;0;;;;;;;;;
CAISN DFO;19.08.2011;Churchill T3;1;10;10;16;56;0;0;0;0;;0;;;0;;;0;;;;;0;;;;0;;;;28;0;0;;;;;;;;;;;;;;0;;;;;;;;;
CAISN DFO;19.08.2011;Churchill T3;1;10;11;44;0;56;0;0;0;;0;;;0;;;0;;;;;0;;;;0;;;;0;0;0;;;;;;;;;;;;;;0;;;;;;;;;
CAISN DFO;19.08.2011;Churchill T3;1;10;12;48;12;0;0;0;0;;0;;;0;;;0;;;;;0;;;;0;;;;40;0;0;;;;;;;;;;;;;;0;;;;;;;;;
CAISN DFO;19.08.2011;Churchill T3;1;10;13;0;16;0;56;4;0;;0;;;0;;;0;;;;;0;;;;0;;;12;12;0;0;;;;;;;;;;;;;;0;;;;;;;;;
CAISN DFO;19.08.2011;Churchill T3;1;15;1;0;0;80;0;20;0;;0;;;0;;;0;;;;;0;;;;0;;;;0;0;0;;;;;;;;;;;;;;0;;;;;;;;;
CAISN DFO;19.08.2011;Churchill T3;1;15;2;0;55;10;10;25;0;;0;;;0;;;0;;;;;0;;;;0;;;;0;0;0;;;;;;;;;;;;;;0;;;;;;;;;
CAISN DFO;19.08.2011;Churchill T3;1;15;3;0;0;0;7;85;8;;0;;;0;;;0;;;;;0;;;;0;;;;0;0;0;;;;;;;;;;;;;;0;;;;;;;;;
CAISN DFO;19.08.2011;Churchill T3;1;15;4;0;0;0;0;95;5;;0;;;0;;;0;;;;;0;;;;0;;;;0;0;0;;;;;;;;;;;;;;0;;;;;;;;;
CAISN DFO;19.08.2011;Churchill T3;1;15;5;0;12;0;20;68;0;;0;;;0;;;0;;;;;0;;;;0;;;;0;0;0;;;;;;;;;;;;;;0;;;;;;;;;
CAISN DFO;19.08.2011;Churchill T3;1;15;6;0;0;0;5;90;5;;0;;;0;;;0;;;;;0;;;;0;;;;0;0;0;;;;;;;;;;;;;;0;;;;;;;;;
CAISN DFO;19.08.2011;Churchill T3;1;15;7;0;0;0;5;95;0;;15;;;0;;;0;;;;;0;;;;0;;;;0;0;0;;;;;;;;;;;;;;0;;;;;;;;;
CAISN DFO;19.08.2011;Churchill T3;1;15;8;0;0;4;0;70;4;;0;;;0;;;0;;;;;0;;;;22;;;;0;0;0;;;;;;;;;;;;;;0;;;;;;;;;
CAISN DFO;19.08.2011;Churchill T3;1;15;9;0;0;0;0;47;8;;0;;;0;;;0;;;;;0;;;;40;;;;5;0;0;;;;;;;;;;;;;;0;;;;;;;;;
CAISN DFO;19.08.2011;Churchill T3;1;15;10;0;92;0;0;0;0;;0;;;0;;;0;;;;;0;;;;0;;;;8;0;0;;;;;;;;;;;;;;0;;;;;;;;;
CAISN DFO;19.08.2011;Churchill T3;1;15;11;0;50;0;0;0;0;;0;;;0;;;0;;;;;0;;;;0;;;;50;0;0;;;;;;;;;;;;;;0;;;;;;;;;
CAISN DFO;19.08.2011;Churchill T3;1;15;12;0;65;30;0;0;0;;0;;;0;;;0;;;;;0;;;;0;;;;5;0;0;;;;;;;;;;;;;;0;;;;;;;;;
CAISN DFO;19.08.2011;Churchill T3;1;15;13;0;0;0;8;51;0;;0;;;0;;;0;;;;;0;;;;32;;;;9;0;0;;;;;;;;;;;;;;0;;;;;;;;;
CAISN DFO;20.08.2011;Churchill T4;1;10;1;55;0;0;25;10;0;;0;;;0;;;0;;;;;0;;;;0;;;;0;0;10;;;;;;;;;;;;;;0;;;;;;;;;
CAISN DFO;20.08.2011;Churchill T4;1;10;2;0;35;50;0;0;0;;0;;;0;;;0;;;;;5;;;;0;;;;10;0;0;;;;;;;;;;;;;;0;;;;;;;;;
CAISN DFO;20.08.2011;Churchill T4;1;10;3;100;0;0;0;0;0;;0;;;0;;;0;;;;;0;;;;0;;;;0;0;0;;;;;;;;;;;;;;0;;;;;;;;;
CAISN DFO;20.08.2011;Churchill T4;1;10;4;75;10;0;0;0;0;;0;;;0;;;0;;;;;0;;;;0;;;;15;0;0;;;;;;;;;;;;;;0;;;;;;;;;
CAISN DFO;20.08.2011;Churchill T4;1;10;5;100;0;0;0;0;0;;0;;;0;;;0;;;;;0;;;;0;;;;0;0;0;;;;;;;;;;;;;;0;;;;;;;;;
CAISN DFO;20.08.2011;Churchill T4;1;10;6;70;30;0;0;0;0;;0;;;0;;;0;;;;;0;;;;0;;;;0;0;0;;;;;;;;;;;;;;0;;;;;;;;;
CAISN DFO;20.08.2011;Churchill T4;1;10;7;75;0;0;0;0;0;;0;;;0;;;0;;;;;0;;;;0;;;;0;0;25;;;;;;;;;;;;;;0;;;;;;;;;
CAISN DFO;20.08.2011;Churchill T4;1;10;8;0;60;25;5;0;0;;10;;;0;;;0;;;;;0;;;;0;;;;0;0;0;;;;;;;;;;;;;;0;;;;;;;;;
CAISN DFO;20.08.2011;Churchill T4;1;10;9;0;30;40;0;30;0;;0;;;0;;;0;;;;;0;;;;0;;;;0;0;0;;;;;;;;;;;;;;0;;;;;;;;;
CAISN DFO;20.08.2011;Churchill T4;1;10;10;36;0;0;10;0;0;;0;;;0;;;0;;;;;0;;;;0;;;;54;0;0;;;;;;;;;;;;;;0;;;;;;;;;
CAISN DFO;20.08.2011;Churchill T4;1;10;11;44;40;0;0;0;0;;0;;;0;;;0;;;;;0;;;;0;;;;0;0;16;;;;;;;;;;;;;;0;;;;;;;;;
CAISN DFO;20.08.2011;Churchill T4;1;10;12;65;0;35;0;0;0;;0;;;0;;;0;;;;;0;;;;0;;;;0;0;0;;;;;;;;;;;;;;0;;;;;;;;;
CAISN DFO;20.08.2011;Churchill T4;1;10;13;0;50;0;30;20;0;;0;;;0;;;0;;;;;0;;;;0;;;;0;0;0;;;;;;;;;;;;;;0;;;;;;;;;
CAISN DFO;20.08.2011;Churchill T4;1;15;1;0;0;0;0;4;0;;0;;;96;;;0;;;;;0;;;;0;;;;0;0;0;;;;;;;;;;;;;;0;;;;;;;;;
CAISN DFO;20.08.2011;Churchill T4;1;15;2;0;0;0;0;85;0;;0;;;0;;;0;;;;;0;;;;0;;;;0;15;0;;;;;;;;;;;;;;0;;;;;;;;;
CAISN DFO;20.08.2011;Churchill T4;1;15;3;0;0;0;0;85;0;;0;;;0;;;0;;;;;0;;;;15;;;;0;0;0;;;;;;;;;;;;;;0;;;;;;;;;
CAISN DFO;20.08.2011;Churchill T4;1;15;4;0;10;0;0;85;0;;0;;;0;;;0;;;;;0;;;;5;;;;0;0;0;;;;;;;;;;;;;;0;;;;;;;;;
CAISN DFO;20.08.2011;Churchill T4;1;15;5;0;0;0;0;100;0;;0;;;0;;;0;;;;;0;;;;0;;;;0;0;0;;;;;;;;;;;;;;0;;;;;;;;;
CAISN DFO;20.08.2011;Churchill T4;1;15;6;0;40;0;0;60;0;;0;;;0;;;0;;;;;0;;;;0;;;;0;0;0;;;;;;;;;;;;;;0;;;;;;;;;
CAISN DFO;20.08.2011;Churchill T4;1;15;7;5;0;0;0;95;0;;0;;;0;;;0;;;;;0;;;;0;;;;0;0;0;;;;;;;;;;;;;;0;;;;;;;;;
CAISN DFO;20.08.2011;Churchill T4;1;15;8;0;0;0;0;5;0;;0;;;0;;;0;;;;;95;;;;0;;;;0;0;0;;;;;;;;;;;;;;0;;;;;;;;;
CAISN DFO;20.08.2011;Churchill T4;1;15;9;0;0;0;0;20;0;;0;;;80;;;0;;;;;0;;;;0;;;;0;0;0;;;;;;;;;;;;;;0;;;;;;;;;
CAISN DFO;20.08.2011;Churchill T4;1;15;10;0;25;0;0;60;0;;0;;;0;;;0;;;;;0;;;;0;;;;0;0;15;;;;;;;;;;;;;;0;;;;;;;;;
CAISN DFO;20.08.2011;Churchill T4;1;15;11;0;15;0;0;85;0;;0;;;0;;;0;;;;;0;;;;0;;;;0;0;0;;;;;;;;;;;;;;0;;;;;;;;;
CAISN DFO;20.08.2011;Churchill T4;1;15;12;0;0;0;25;50;0;;0;;;0;;;0;;;;;0;;;;25;;;;0;0;0;;;;;;;;;;;;;;0;;;;;;;;;
CAISN DFO;20.08.2011;Churchill T4;1;15;13;10;20;0;0;50;0;;0;;;0;;;0;;;;;0;;;;20;;;;0;0;0;;;;;;;;;;;;;;0;;;;;;;;;
CAISN DFO;25.08.2011;Iqualuit T1;1;5;1;0;0;0;0;85;0;;0;;;0;;;0;;;;;15;;;;0;;;;0;0;0;;;;;;;;;;;;;;0;;;;;;;;;
CAISN DFO;25.08.2011;Iqualuit T1;1;5;2;0;0;0;0;5;0;;90;;;0;;;0;;;;;5;;;;0;;;;0;0;0;;;;;;;;;;;;;;0;;;;;;;;;
CAISN DFO;25.08.2011;Iqualuit T1;1;5;3;0;0;0;0;5;0;;0;;;0;;;0;;;;;95;;;;0;;;;0;0;0;;;;;;;;;;;;;;0;;;;;;;;;
CAISN DFO;25.08.2011;Iqualuit T1;1;5;4;0;0;0;0;95;0;;0;;;0;;;0;;;;;5;;;;0;;;;0;0;0;;;;;;;;;;;;;;0;;;;;;;;;
CAISN DFO;25.08.2011;Iqualuit T1;1;5;5;0;0;0;0;70;0;;0;;;0;;;0;;;;;30;;;;0;;;;0;0;0;;;;;;;;;;;;;;0;;;;;;;;;
CAISN DFO;25.08.2011;Iqualuit T1;1;5;6;0;0;0;0;30;0;;60;;;0;;;0;;;;;10;;;;0;;;;0;0;0;;;;;;;;;;;;;;0;;;;;;;;;
CAISN DFO;25.08.2011;Iqualuit T1;1;5;7;0;0;0;0;80;0;;0;;;0;;;0;;;;;0;;;;0;;;;0;0;0;;20;;;;;;;;;;;;0;;;;;;;;;
CAISN DFO;25.08.2011;Iqualuit T1;1;5;8;0;0;0;0;85;0;;0;;;0;;;0;;;;;15;;;;0;;;;0;0;0;;;;;;;;;;;;;;0;;;;;;;;;
CAISN DFO;25.08.2011;Iqualuit T1;1;5;9;0;0;0;0;100;0;;0;;;0;;;0;;;;;0;;;;0;;;;0;0;0;;;;;;;;;;;;;;0;;;;;;;;;
CAISN DFO;25.08.2011;Iqualuit T1;1;5;10;0;0;0;0;100;0;;0;;;0;;;0;;;;;0;;;;0;;;;0;0;0;;;;;;;;;;;;;;0;;;;;;;;;
CAISN DFO;25.08.2011;Iqualuit T1;1;5;11;0;0;0;0;0;0;;0;;;0;;;0;;;;;100;;;;0;;;;0;0;0;;;;;;;;;;;;;;0;;;;;;;;;
CAISN DFO;25.08.2011;Iqualuit T1;1;5;12;0;0;0;0;100;0;;0;;;0;;;0;;;;;0;;;;0;;;;0;0;0;;;;;;;;;;;;;;0;;;;;;;;;
CAISN DFO;25.08.2011;Iqualuit T1;1;5;13;0;0;0;0;95;0;;0;;;0;;;0;;;;;0;;;;0;;;;5;0;0;;;;;;;;;;;;;;0;;;;;;;;;
CAISN DFO;25.08.2011;Iqualuit T1;1;10;1;0;0;0;0;100;0;;0;;;0;;;0;;;;;0;;;;0;;;;0;0;0;;;;;;;;;;;;;;0;;;;;;;;;
CAISN DFO;25.08.2011;Iqualuit T1;1;10;2;0;0;0;0;100;0;;0;;;0;;;0;;;;;0;;;;0;;;;0;0;0;;;;;;;;;;;;;;0;;;;;;;;;
CAISN DFO;25.08.2011;Iqualuit T1;1;10;3;0;0;0;0;100;0;;0;;;0;;;0;;;;;0;;;;0;;;;0;0;0;;;;;;;;;;;;;;0;;;;;;;;;
CAISN DFO;25.08.2011;Iqualuit T1;1;10;4;0;0;0;0;100;0;;0;;;0;;;0;;;;;0;;;;0;;;;0;0;0;;;;;;;;;;;;;;0;;;;;;;;;
CAISN DFO;25.08.2011;Iqualuit T1;1;10;5;0;0;0;0;100;0;;0;;;0;;;0;;;;;0;;;;0;;;;0;0;0;;;;;;;;;;;;;;0;;;;;;;;;
CAISN DFO;25.08.2011;Iqualuit T1;1;10;6;0;0;0;0;95;0;;0;;;0;;;0;;;;;5;;;;0;;;;0;0;0;;;;;;;;;;;;;;0;;;;;;;;;
CAISN DFO;25.08.2011;Iqualuit T1;1;10;7;0;0;0;0;90;0;;0;;;0;;;0;;;;;0;;;;0;;;;10;0;0;;;;;;;;;;;;;;0;;;;;;;;;
CAISN DFO;25.08.2011;Iqualuit T1;1;10;8;0;0;0;0;95;0;;0;;;0;;;0;;;;;0;;;;0;;;;5;0;0;;;;;;;;;;;;;;0;;;;;;;;;
CAISN DFO;25.08.2011;Iqualuit T1;1;10;9;0;0;0;0;100;0;;0;;;0;;;0;;;;;0;;;;0;;;;0;0;0;;;;;;;;;;;;;;0;;;;;;;;;
CAISN DFO;25.08.2011;Iqualuit T1;1;10;10;0;0;0;0;100;0;;0;;;0;;;0;;;;;0;;;;0;;;;0;0;0;;;;;;;;;;;;;;0;;;;;;;;;
CAISN DFO;25.08.2011;Iqualuit T2;1;5;1;0;0;0;0;100;0;;0;;;0;;;0;;;;;0;;;;0;;;;0;0;0;;;;;;;;;;;;;;0;;;;;;;;;
CAISN DFO;25.08.2011;Iqualuit T2;1;5;2;0;0;0;0;85;0;;15;;;0;;;0;;;;;0;;;;0;;;;0;0;0;;;;;;;;;;;;;;0;;;;;;;;;
CAISN DFO;25.08.2011;Iqualuit T2;1;5;3;0;0;0;0;100;0;;0;;;0;;;0;;;;;0;;;;0;;;;0;0;0;;;;;;;;;;;;;;0;;;;;;;;;
CAISN DFO;25.08.2011;Iqualuit T2;1;5;4;0;0;0;0;80;0;;20;;;0;;;0;;;;;0;;;;0;;;;0;0;0;;;;;;;;;;;;;;0;;;;;;;;;
CAISN DFO;25.08.2011;Iqualuit T2;1;5;5;0;0;0;0;100;0;;0;;;0;;;0;;;;;0;;;;0;;;;0;0;0;;;;;;;;;;;;;;0;;;;;;;;;
CAISN DFO;25.08.2011;Iqualuit T2;1;5;6;0;0;0;0;100;0;;0;;;0;;;0;;;;;0;;;;0;;;;0;0;0;;;;;;;;;;;;;;0;;;;;;;;;
CAISN DFO;25.08.2011;Iqualuit T2;1;5;7;0;0;0;0;100;0;;0;;;0;;;0;;;;;0;;;;0;;;;0;0;0;;;;;;;;;;;;;;0;;;;;;;;;
CAISN DFO;25.08.2011;Iqualuit T2;1;5;8;0;0;0;0;100;0;;0;;;0;;;0;;;;;0;;;;0;;;;0;0;0;;;;;;;;;;;;;;0;;;;;;;;;
CAISN DFO;25.08.2011;Iqualuit T2;1;5;9;0;0;0;0;100;0;;0;;;0;;;0;;;;;0;;;;0;;;;0;0;0;;;;;;;;;;;;;;0;;;;;;;;;
CAISN DFO;25.08.2011;Iqualuit T2;1;5;10;0;0;0;0;100;0;;0;;;0;;;0;;;;;0;;;;0;;;;0;0;0;;;;;;;;;;;;;;0;;;;;;;;;
CAISN DFO;25.08.2011;Iqualuit T2;1;5;11;0;0;0;0;100;0;;0;;;0;;;0;;;;;0;;;;0;;;;0;0;0;;;;;;;;;;;;;;0;;;;;;;;;
CAISN DFO;25.08.2011;Iqualuit T2;1;5;12;0;0;0;0;100;0;;0;;;0;;;0;;;;;0;;;;0;;;;0;0;0;;;;;;;;;;;;;;0;;;;;;;;;
CAISN DFO;25.08.2011;Iqualuit T2;1;5;13;0;0;0;0;85;0;;15;;;0;;;0;;;;;0;;;;0;;;;0;0;0;;;;;;;;;;;;;;0;;;;;;;;;
CAISN DFO;25.08.2011;Iqualuit T2;1;10;1;0;0;0;0;100;0;;0;;;0;;;0;;;;;0;;;;0;;;;0;0;0;;;;;;;;;;;;;;0;;;;;;;;;
CAISN DFO;25.08.2011;Iqualuit T2;1;10;2;0;0;0;0;30;0;;0;;;40;;;0;;;;;0;;;;30;;;;0;0;0;;;;;;;;;;;;;;0;;;;;;;;;
CAISN DFO;25.08.2011;Iqualuit T2;1;10;3;0;0;0;0;5;0;;0;;;65;;;0;;;;;0;;;;20;;;;0;0;0;;;;;;;;;;;;;;0;;;;;;;;;
CAISN DFO;25.08.2011;Iqualuit T2;1;10;4;0;0;0;0;10;0;;0;;;75;;;15;;;;;0;;;;0;;;;0;0;0;;;;;;;;;;;;;;0;;;;;;;;;
CAISN DFO;25.08.2011;Iqualuit T2;1;10;5;0;0;0;0;15;0;;0;;;10;;;0;;;;;0;;;;55;;;;0;20;0;;;;;;;;;;;;;;0;;;;;;;;;
CAISN DFO;25.08.2011;Iqualuit T2;1;10;6;0;0;0;0;60;0;;40;;;0;;;0;;;;;0;;;;0;;;;0;0;0;;;;;;;;;;;;;;0;;;;;;;;;
CAISN DFO;25.08.2011;Iqualuit T2;1;10;7;0;0;0;0;20;0;;15;;;0;;;0;;;;;0;;;;35;;;;0;30;0;;;;;;;;;;;;;;0;;;;;;;;;
CAISN DFO;25.08.2011;Iqualuit T2;1;10;8;0;0;0;0;95;0;;0;;;0;;;0;;;;;5;;;;0;;;;0;0;0;;;;;;;;;;;;;;0;;;;;;;;;
CAISN DFO;25.08.2011;Iqualuit T2;1;10;9;0;0;0;0;15;0;;85;;;0;;;0;;;;;0;;;;0;;;;0;0;0;;;;;;;;;;;;;;0;;;;;;;;;
CAISN DFO;25.08.2011;Iqualuit T2;1;10;10;0;0;0;0;0;0;;100;;;0;;;0;;;;;0;;;;0;;;;0;0;0;;;;;;;;;;;;;;0;;;;;;;;;
CAISN DFO;25.08.2011;Iqualuit T2;1;10;11;0;0;0;0;0;0;;100;;;0;;;0;;;;;0;;;;0;;;;0;0;0;;;;;;;;;;;;;;0;;;;;;;;;
CAISN DFO;25.08.2011;Iqualuit T2;1;10;12;0;0;0;0;30;0;;20;;;50;;;0;;;;;0;;;;0;;;;0;0;0;;;;;;;;;;;;;;0;;;;;;;;;
CAISN DFO;25.08.2011;Iqualuit T2;1;10;13;0;0;0;0;15;0;;20;;;45;;;0;;;;;0;;;;20;;;;0;0;0;;;;;;;;;;;;;;0;;;;;;;;;
CAISN DFO;28.08.2011;Iqualuit T3;1;5;1;0;0;0;5;0;0;;95;;;0;;;0;;;;;0;;;;0;;;;0;0;0;;;;;;;;;;;;;;0;;;;;;;;;
CAISN DFO;28.08.2011;Iqualuit T3;1;5;2;0;0;0;13;12;0;;75;;;0;;;0;;;;;0;;;;0;;;;0;0;0;;;;;;;;;;;;;;0;;;;;;;;;
CAISN DFO;28.08.2011;Iqualuit T3;1;5;3;0;0;0;0;0;0;;100;;;0;;;0;;;;;0;;;;0;;;;0;0;0;;;;;;;;;;;;;;0;;;;;;;;;
CAISN DFO;28.08.2011;Iqualuit T3;1;5;4;0;0;0;1;0;0;;99;;;0;;;0;;;;;0;;;;0;;;;0;0;0;;;;;;;;;;;;;;0;;;;;;;;;
CAISN DFO;28.08.2011;Iqualuit T3;1;5;5;0;0;0;1;0;0;;99;;;0;;;0;;;;;0;;;;0;;;;0;0;0;;;;;;;;;;;;;;0;;;;;;;;;
CAISN DFO;28.08.2011;Iqualuit T3;1;5;6;0;0;0;55;0;0;;0;;;45;;;0;;;;;0;;;;0;;;;0;0;0;;;;;;;;;;;;;;0;;;;;;;;;
CAISN DFO;28.08.2011;Iqualuit T3;1;5;7;0;0;0;20;0;0;;80;;;0;;;0;;;;;0;;;;0;;;;0;0;0;;;;;;;;;;;;;;0;;;;;;;;;
CAISN DFO;28.08.2011;Iqualuit T3;1;5;8;0;0;0;0;0;0;;79;;;0;;;0;;;;;0;;;;0;;;;0;20;0;;;;;;;;;;;;;;0;;;;;;;;;
CAISN DFO;28.08.2011;Iqualuit T3;1;5;9;0;0;0;0;0;0;;98;;;0;;;0;;;;;0;;;;0;;;;0;0;0;;;;;;;;;;;;;;0;;;;;;;;;
CAISN DFO;28.08.2011;Iqualuit T3;1;5;10;0;0;20;40;0;0;;12;;;0;;;0;;;;;0;;;;0;;;;0;28;0;;;;;;;;;;;;;;0;;;;;;;;;
CAISN DFO;28.08.2011;Iqualuit T3;1;5;11;0;0;0;0;0;0;;100;;;0;;;0;;;;;0;;;;0;;;;0;0;0;;;;;;;;;;;;;;0;;;;;;;;;
CAISN DFO;29.08.2011;Iqualuit T4;1;10;1;0;0;0;4;0;0;;96;;;0;;;0;;;;;0;;;;0;;;;0;0;0;;;;;;;;;;;;;;0;;;;;;;;;
CAISN DFO;29.08.2011;Iqualuit T4;1;10;2;0;0;0;0;12;0;;78;;;0;;;0;;;;;0;;;;0;;;;0;0;0;;;;;;;;;;;;;;0;;;;;;;;;
CAISN DFO;29.08.2011;Iqualuit T4;1;10;3;0;0;0;5;70;0;;0;;;0;;;0;;;;;0;;;;25;;;;0;0;0;;;;;;;;;;;;;;0;;;;;;;;;
CAISN DFO;29.08.2011;Iqualuit T4;1;10;4;0;0;0;0;96;0;;4;;;0;;;0;;;;;0;;;;0;;;;0;0;0;;;;;;;;;;;;;;0;;;;;;;;;
CAISN DFO;29.08.2011;Iqualuit T4;1;10;5;0;0;0;0;100;0;;0;;;0;;;0;;;;;0;;;;0;;;;0;0;0;;;;;;;;;;;;;;0;;;;;;;;;
CAISN DFO;29.08.2011;Iqualuit T4;1;10;6;0;0;0;0;40;0;;60;;;0;;;0;;;;;0;;;;0;;;;0;0;0;;;;;;;;;;;;;;0;;;;;;;;;
CAISN DFO;29.08.2011;Iqualuit T4;1;10;7;0;0;0;0;96;0;;4;;;0;;;0;;;;;0;;;;0;;;;0;0;0;;;;;;;;;;;;;;0;;;;;;;;;
CAISN DFO;29.08.2011;Iqualuit T4;1;10;8;0;0;0;0;31;0;;0;;;0;;;69;;;;;0;;;;0;;;;0;0;0;;;;;;;;;;;;;;0;;;;;;;;;
CAISN DFO;29.08.2011;Iqualuit T4;1;10;9;0;0;0;0;100;0;;0;;;0;;;0;;;;;0;;;;0;;;;0;0;0;;;;;;;;;;;;;;0;;;;;;;;;
CAISN DFO;29.08.2011;Iqualuit T4;1;10;10;0;0;0;0;100;0;;0;;;0;;;0;;;;;0;;;;0;;;;0;0;0;;;;;;;;;;;;;;0;;;;;;;;;
CAISN DFO;29.08.2011;Iqualuit T4;1;10;11;0;0;0;0;100;0;;0;;;0;;;0;;;;;0;;;;0;;;;0;0;0;;;;;;;;;;;;;;0;;;;;;;;;
CAISN DFO;29.08.2011;Iqualuit T4;1;10;12;0;0;0;0;64;0;;28;;;0;;;8;;;;;0;;;;0;;;;0;0;0;;;;;;;;;;;;;;0;;;;;;;;;
CAISN DFO;28.08.2011;Iqualuit T5;1;15;1;0;0;0;0;100;0;;0;;;100;;;0;;;;;0;;;;0;;;;0;0;0;;;;;;;;;;;;;;0;;;;;;;;;
CAISN DFO;28.08.2011;Iqualuit T5;1;15;2;0;0;0;0;100;0;;100;;;0;;;0;;;;;0;;;;0;;;;0;0;0;;;;;;;;;;;;;;0;;;;;;;;;
CAISN DFO;28.08.2011;Iqualuit T5;1;15;3;0;0;0;0;12;0;;0;;;88;;;0;;;;;0;;;;0;;;;0;0;0;;;;;;;;;;;;;;0;;;;;;;;;
CAISN DFO;28.08.2011;Iqualuit T5;1;15;4;0;0;0;0;4;0;;4;;;92;;;0;;;;;0;;;;0;;;;0;0;0;;;;;;;;;;;;;;0;;;;;;;;;
CAISN DFO;28.08.2011;Iqualuit T5;1;15;5;0;0;0;0;12;0;;0;;;88;;;0;;;;;0;;;;0;;;;0;0;0;;;;;;;;;;;;;;0;;;;;;;;;
CAISN DFO;28.08.2011;Iqualuit T5;1;15;6;0;0;0;0;84;0;;0;;;0;;;0;;;;;0;;;;16;;;;0;0;0;;;;;;;;;;;;;;0;;;;;;;;;
CAISN DFO;28.08.2011;Iqualuit T5;1;15;7;0;0;0;0;16;0;;84;;;0;;;0;;;;;0;;;;0;;;;0;0;0;;;;;;;;;;;;;;0;;;;;;;;;
CAISN DFO;28.08.2011;Iqualuit T5;1;15;8;0;0;0;0;16;0;;76;;;8;;;0;;;;;0;;;;0;;;;0;0;0;;;;;;;;;;;;;;0;;;;;;;;;
CAISN DFO;28.08.2011;Iqualuit T5;1;15;9;0;0;0;0;76;0;;16;;;0;;;0;;;;;0;;;;8;;;;0;0;0;;;;;;;;;;;;;;0;;;;;;;;;
CAISN DFO;28.08.2011;Iqualuit T5;1;15;10;0;0;0;0;80;0;;20;;;0;;;0;;;;;0;;;;0;;;;0;0;0;;;;;;;;;;;;;;0;;;;;;;;;
CAISN DFO;28.08.2011;Iqualuit T5;1;15;11;0;0;0;0;8;0;;36;;;0;;;0;;;;;0;;;;56;;;;0;0;0;;;;;;;;;;;;;;0;;;;;;;;;
CAISN DFO;28.08.2011;Iqualuit T5;1;15;12;0;0;0;0;4;0;;88;;;8;;;0;;;;;0;;;;0;;;;0;0;0;;;;;;;;;;;;;;0;;;;;;;;;
